"country","date","count","NBS_A","NBS_B","list_element"
"Benin",1990,8,0.0293851564592293,0.210068034513174,"instability_of_regime"
"Benin",1991,6,0.017049631845021,0.121282156189914,"instability_of_regime"
"Benin",1992,2,0.00459905820501935,0.0333046681668119,"instability_of_regime"
"Benin",1993,6,0.0112409079026526,0.0829094062624637,"instability_of_regime"
"Benin",1994,1,0.00151461985292873,0.0115659976289578,"instability_of_regime"
"Benin",1995,0,0,0,"instability_of_regime"
"Benin",1996,3,0.00290283249536462,0.0245226104350447,"instability_of_regime"
"Benin",1997,0,0,0,"instability_of_regime"
"Benin",1998,3,0.00189481703156069,0.017279967223519,"instability_of_regime"
"Benin",1999,2,0.00106557010082303,0.00963245971094872,"instability_of_regime"
"Benin",2000,9,0.00420966393331638,0.0371045325109252,"instability_of_regime"
"Benin",2001,5,0.00214973725978256,0.0184756062352854,"instability_of_regime"
"Benin",2002,2,0.000819208842323355,0.00695123738082605,"instability_of_regime"
"Benin",2003,1,0.000404639834022503,0.00327923231635646,"instability_of_regime"
"Benin",2004,6,0.00245732317716289,0.0190014744024795,"instability_of_regime"
"Benin",2005,9,0.00377533647377717,0.0283183144205507,"instability_of_regime"
"Benin",2006,14,0.00602356675543064,0.0459959058771169,"instability_of_regime"
"Benin",2007,2,0.000887145326510193,0.00717526335033339,"instability_of_regime"
"Benin",2008,0,0,0,"instability_of_regime"
"Benin",2009,1,0.0004627852221029,0.00456818503238297,"instability_of_regime"
"Benin",2010,0,0,0,"instability_of_regime"
"Benin",2011,4,0.00182498636311267,0.0218272158383185,"instability_of_regime"
"Benin",2012,0,0,0,"instability_of_regime"
"Benin",2013,4,0.00182580909792933,0.0256970279892832,"instability_of_regime"
"Benin",2014,1,0.000466327354184384,0.00681207560594955,"instability_of_regime"
"Benin",2015,11,0.00529887936816998,0.0753751731968085,"instability_of_regime"
"Benin",2016,9,0.00453370473543303,0.0599855522904796,"instability_of_regime"
"Benin",2017,2,0.00105469281537576,0.0129062660462775,"instability_of_regime"
"Benin",2018,1,0.000546448757600764,0.00607230831392588,"instability_of_regime"
"Benin",2019,19,0.0105406706294382,0.106407602079478,"instability_of_regime"
"Benin",2020,2,0.00110025600047631,0.0104936097663346,"instability_of_regime"
"Benin",2021,30,0.0161028042764226,0.14820271963117,"instability_of_regime"
"Benin",2022,0,0,0,"instability_of_regime"
"Benin",2023,15,0.00785480692380667,0.0738977256128592,"instability_of_regime"
"Benin",1990,9,0.22389437449371,0.236326538827321,"instability_within_regime"
"Benin",1991,50,0.962268814966315,1.01068463491595,"instability_within_regime"
"Benin",1992,7,0.109018349383476,0.116566338583842,"instability_within_regime"
"Benin",1993,19,0.241082891729425,0.262546453164469,"instability_within_regime"
"Benin",1994,11,0.112838935926039,0.127225973918536,"instability_within_regime"
"Benin",1995,32,0.263287848739641,0.309685037768543,"instability_within_regime"
"Benin",1996,83,0.543928062476268,0.678458888702904,"instability_within_regime"
"Benin",1997,0,0,0,"instability_within_regime"
"Benin",1998,12,0.0513322053481038,0.0691198688940759,"instability_within_regime"
"Benin",1999,23,0.0829932015397208,0.11077328667591,"instability_within_regime"
"Benin",2000,51,0.161561451045477,0.21025901756191,"instability_within_regime"
"Benin",2001,92,0.267895771506016,0.339951154729251,"instability_within_regime"
"Benin",2002,11,0.0305154636294469,0.0382318055945433,"instability_within_regime"
"Benin",2003,27,0.0739937520436802,0.0885392725416243,"instability_within_regime"
"Benin",2004,10,0.0277379064037483,0.0316691240041325,"instability_within_regime"
"Benin",2005,49,0.139210465695615,0.154177489622998,"instability_within_regime"
"Benin",2006,98,0.285571208627686,0.321971341139818,"instability_within_regime"
"Benin",2007,40,0.120167608047419,0.143505267006668,"instability_within_regime"
"Benin",2008,14,0.0432331571646887,0.0563943541717945,"instability_within_regime"
"Benin",2009,4,0.0125372453684814,0.0182727401295319,"instability_within_regime"
"Benin",2010,10,0.0312112082093339,0.0504917832403059,"instability_within_regime"
"Benin",2011,120,0.370803248500046,0.654816475149556,"instability_within_regime"
"Benin",2012,33,0.101282875549788,0.19609949051875,"instability_within_regime"
"Benin",2013,20,0.0618284021493017,0.128485139946416,"instability_within_regime"
"Benin",2014,8,0.0252664094798792,0.0544966048475964,"instability_within_regime"
"Benin",2015,55,0.179438937448286,0.376875865984043,"instability_within_regime"
"Benin",2016,100,0.341171995018479,0.666506136560884,"instability_within_regime"
"Benin",2017,9,0.032144091321644,0.0580781972082489,"instability_within_regime"
"Benin",2018,10,0.037009404298887,0.0607230831392588,"instability_within_regime"
"Benin",2019,67,0.251739923866524,0.375226807332895,"instability_within_regime"
"Benin",2020,17,0.0633396010136162,0.0891956830138437,"instability_within_regime"
"Benin",2021,96,0.348990933490529,0.474248702819745,"instability_within_regime"
"Benin",2022,11,0.0391353190318715,0.0533871519060745,"instability_within_regime"
"Benin",2023,37,0.131222597792345,0.182281056511719,"instability_within_regime"
"Benin",2024,6,0.021482572288732,0.0302440969677433,"instability_within_regime"
"Benin",1990,3,0.0126891520328157,0.0787755129424404,"mass_civil_protest"
"Benin",1991,4,0.0130887168385426,0.0808547707932757,"mass_civil_protest"
"Benin",1992,4,0.0105918598917524,0.0666093363336238,"mass_civil_protest"
"Benin",1993,2,0.00431472837312089,0.0276364687541546,"mass_civil_protest"
"Benin",1994,0,0,0,"mass_civil_protest"
"Benin",1995,2,0.0027978311887623,0.0193553148605339,"mass_civil_protest"
"Benin",1996,5,0.00557113973294431,0.0408710173917412,"mass_civil_protest"
"Benin",1997,1,0.000891994348090087,0.00693002268488267,"mass_civil_protest"
"Benin",1998,5,0.00363654825693322,0.0287999453725316,"mass_civil_protest"
"Benin",1999,1,0.000613515241035669,0.00481622985547436,"mass_civil_protest"
"Benin",2000,20,0.0107722950089573,0.082454516690945,"mass_civil_protest"
"Benin",2001,7,0.00346566631498429,0.0258658487293996,"mass_civil_protest"
"Benin",2002,7,0.00330168777237514,0.0243293308328912,"mass_civil_protest"
"Benin",2003,7,0.00326166985312071,0.0229546262144952,"mass_civil_protest"
"Benin",2004,3,0.00141483438787854,0.00950073720123975,"mass_civil_protest"
"Benin",2005,9,0.00434739387847149,0.0283183144205507,"mass_civil_protest"
"Benin",2006,4,0.00198179628082822,0.013141687393462,"mass_civil_protest"
"Benin",2007,2,0.00102156991531045,0.00717526335033339,"mass_civil_protest"
"Benin",2008,0,0,0,"mass_civil_protest"
"Benin",2009,2,0.00106581739433907,0.00913637006476595,"mass_civil_protest"
"Benin",2010,3,0.00159199796909818,0.0151475349720918,"mass_civil_protest"
"Benin",2011,21,0.0110329653109301,0.114592883151172,"mass_civil_protest"
"Benin",2012,7,0.00365284123719964,0.0415968616251894,"mass_civil_protest"
"Benin",2013,3,0.00157684845126946,0.0192727709919624,"mass_civil_protest"
"Benin",2014,2,0.00107397510077649,0.0136241512118991,"mass_civil_protest"
"Benin",2015,3,0.00166412493450685,0.0205568654173114,"mass_civil_protest"
"Benin",2016,0,0,0,"mass_civil_protest"
"Benin",2017,2,0.00121450501725613,0.0129062660462775,"mass_civil_protest"
"Benin",2018,4,0.00251699735924743,0.0242892332557035,"mass_civil_protest"
"Benin",2019,29,0.0185261836763715,0.16241160317394,"mass_civil_protest"
"Benin",2020,7,0.00443440255472869,0.0367276341821709,"mass_civil_protest"
"Benin",2021,32,0.0197789650729255,0.158082900939915,"mass_civil_protest"
"Benin",2022,1,0.000604904572245614,0.00485337744600677,"mass_civil_protest"
"Benin",2023,1,0.000603000373155581,0.00492651504085728,"mass_civil_protest"
"Benin",2024,8,0.00487007547990593,0.0403254626236577,"mass_civil_protest"
"Benin",1990,10,0.289264555819163,0.262585043141468,"political_violence"
"Benin",1991,32,0.716095484285005,0.646838166346206,"political_violence"
"Benin",1992,15,0.271636027674149,0.249785011251089,"political_violence"
"Benin",1993,60,0.88523502972703,0.829094062624637,"political_violence"
"Benin",1994,11,0.13120595047645,0.127225973918536,"political_violence"
"Benin",1995,39,0.373112667796151,0.377428639780412,"political_violence"
"Benin",1996,50,0.381002589319366,0.408710173917412,"political_violence"
"Benin",1997,1,0.00610022675020851,0.00693002268488267,"political_violence"
"Benin",1998,3,0.0149219122315298,0.017279967223519,"political_violence"
"Benin",1999,43,0.180417095692048,0.207097883785397,"political_violence"
"Benin",2000,79,0.290997467804764,0.325695340929233,"political_violence"
"Benin",2001,60,0.203153276608896,0.221707274823425,"political_violence"
"Benin",2002,41,0.132253049205843,0.142500366306934,"political_violence"
"Benin",2003,69,0.219874530985559,0.226267029828595,"political_violence"
"Benin",2004,22,0.0709562914337947,0.0696720728090915,"political_violence"
"Benin",2005,63,0.208118604580287,0.198228200943855,"political_violence"
"Benin",2006,42,0.142308940042506,0.137987717631351,"political_violence"
"Benin",2007,29,0.101302455559233,0.104041318579834,"political_violence"
"Benin",2008,18,0.0646332464714876,0.0725070267923073,"political_violence"
"Benin",2009,14,0.0510228507119382,0.0639545904533616,"political_violence"
"Benin",2010,9,0.0326623659157631,0.0454426049162753,"political_violence"
"Benin",2011,49,0.176056844558775,0.267383394019402,"political_violence"
"Benin",2012,61,0.217694004212609,0.362486937019508,"political_violence"
"Benin",2013,49,0.176136213971421,0.31478859286872,"political_violence"
"Benin",2014,18,0.0661029129563237,0.122617360907092,"political_violence"
"Benin",2015,40,0.151742956113326,0.274091538897486,"political_violence"
"Benin",2016,57,0.226121980356688,0.379908497839704,"political_violence"
"Benin",2017,7,0.0290704151168346,0.0451719311619714,"political_violence"
"Benin",2018,9,0.0387301477542019,0.0546507748253329,"political_violence"
"Benin",2019,82,0.358249584848886,0.459232808974588,"political_violence"
"Benin",2020,29,0.125637402645722,0.152157341611851,"political_violence"
"Benin",2021,92,0.388888668131117,0.454488340202255,"political_violence"
"Benin",2022,127,0.525381122342671,0.61637893564286,"political_violence"
"Benin",2023,56,0.230934853810219,0.275884842288008,"political_violence"
"Benin",2024,57,0.237303660128994,0.287318921193561,"political_violence"
"Burkina Faso",1990,2,0.0277036463022927,0.0808769184499789,"instability_of_regime"
"Burkina Faso",1991,14,0.150023988976376,0.367264087455291,"instability_of_regime"
"Burkina Faso",1992,2,0.0173435430928932,0.0386566134523175,"instability_of_regime"
"Burkina Faso",1993,1,0.00706511209911501,0.0139474463209334,"instability_of_regime"
"Burkina Faso",1994,5,0.0285589717694282,0.0485712971471189,"instability_of_regime"
"Burkina Faso",1995,1,0.00458128282330509,0.0068194020981841,"instability_of_regime"
"Burkina Faso",1996,3,0.0109468935226479,0.0147949367713975,"instability_of_regime"
"Burkina Faso",1997,2,0.00584235160692181,0.0074948521612543,"instability_of_regime"
"Burkina Faso",1998,1,0.00238185293416195,0.00306927451060334,"instability_of_regime"
"Burkina Faso",1999,5,0.0100459486150627,0.0141762131626836,"instability_of_regime"
"Burkina Faso",2000,13,0.0229306933804415,0.0360709434872725,"instability_of_regime"
"Burkina Faso",2001,2,0.00324275615931502,0.00557100053419326,"instability_of_regime"
"Burkina Faso",2002,15,0.0231699348413462,0.0429840734110842,"instability_of_regime"
"Burkina Faso",2003,11,0.0167853436381656,0.0335617509058668,"instability_of_regime"
"Burkina Faso",2004,1,0.00154447166196535,0.00323700351275118,"instability_of_regime"
"Burkina Faso",2005,1,0.00158191109532586,0.00332143264092498,"instability_of_regime"
"Burkina Faso",2006,4,0.00649014800972655,0.0130339653809443,"instability_of_regime"
"Burkina Faso",2007,6,0.0100365613006567,0.0184807729530849,"instability_of_regime"
"Burkina Faso",2008,5,0.00859736145988256,0.0142699391706468,"instability_of_regime"
"Burkina Faso",2009,8,0.0139617027391147,0.0207901246519084,"instability_of_regime"
"Burkina Faso",2010,40,0.0695147296459299,0.0946099290186172,"instability_of_regime"
"Burkina Faso",2011,37,0.0636605335374743,0.0804221816217938,"instability_of_regime"
"Burkina Faso",2012,33,0.0563952191820335,0.0659494566164838,"instability_of_regime"
"Burkina Faso",2013,7,0.0120493143108853,0.0128949189044113,"instability_of_regime"
"Burkina Faso",2014,116,0.203994189994883,0.198507734720881,"instability_of_regime"
"Burkina Faso",2015,98,0.178027191650766,0.161364869019736,"instability_of_regime"
"Burkina Faso",2016,40,0.0759870583586685,0.0653813442034792,"instability_of_regime"
"Burkina Faso",2017,2,0.00397736003281511,0.00318003231487911,"instability_of_regime"
"Burkina Faso",2018,1,0.00206071703227485,0.00144495430535702,"instability_of_regime"
"Burkina Faso",2019,11,0.0230131593600424,0.0135890281320567,"instability_of_regime"
"Burkina Faso",2020,5,0.0103729592597073,0.00521473266704755,"instability_of_regime"
"Burkina Faso",2021,11,0.022265982452504,0.00986184662849611,"instability_of_regime"
"Burkina Faso",2022,144,0.285262675624301,0.117047645857845,"instability_of_regime"
"Burkina Faso",2023,32,0.063192152849366,0.0255635059589086,"instability_of_regime"
"Burkina Faso",2024,12,0.0239233802602962,0.00974960697639781,"instability_of_regime"
"Burkina Faso",1990,1,0.0496741212279894,0.0404384592249894,"instability_within_regime"
"Burkina Faso",1991,44,1.69086371367296,1.15425856057377,"instability_within_regime"
"Burkina Faso",1992,12,0.373174817228851,0.231939680713905,"instability_within_regime"
"Burkina Faso",1993,6,0.152017491591378,0.0836846779256004,"instability_within_regime"
"Burkina Faso",1994,20,0.409662124715735,0.194285188588476,"instability_within_regime"
"Burkina Faso",1995,11,0.180718679012518,0.0750134230800251,"instability_within_regime"
"Burkina Faso",1996,8,0.104684619967666,0.0394531647237266,"instability_within_regime"
"Burkina Faso",1997,18,0.188561686740333,0.0674536694512887,"instability_within_regime"
"Burkina Faso",1998,38,0.324580028498445,0.116632431402927,"instability_within_regime"
"Burkina Faso",1999,46,0.331437797607459,0.130421161096689,"instability_within_regime"
"Burkina Faso",2000,32,0.2024170391067,0.0887900147379015,"instability_within_regime"
"Burkina Faso",2001,30,0.174433062867929,0.0835650080128989,"instability_within_regime"
"Burkina Faso",2002,97,0.537314477383022,0.277963674725011,"instability_within_regime"
"Burkina Faso",2003,28,0.15322119234186,0.0854299113967518,"instability_within_regime"
"Burkina Faso",2004,17,0.0941568932445044,0.05502905971677,"instability_within_regime"
"Burkina Faso",2005,50,0.283645129827603,0.166071632046249,"instability_within_regime"
"Burkina Faso",2006,19,0.110553237552079,0.0619113355594852,"instability_within_regime"
"Burkina Faso",2007,37,0.22195179918283,0.113964766544024,"instability_within_regime"
"Burkina Faso",2008,17,0.104825600248629,0.0485177931801991,"instability_within_regime"
"Burkina Faso",2009,70,0.438096410478804,0.181913590704199,"instability_within_regime"
"Burkina Faso",2010,178,1.10932832891264,0.421014184132846,"instability_within_regime"
"Burkina Faso",2011,109,0.672540283550627,0.236919399912852,"instability_within_regime"
"Burkina Faso",2012,88,0.539304787778404,0.175865217643957,"instability_within_regime"
"Burkina Faso",2013,77,0.475311446434314,0.141844107948525,"instability_within_regime"
"Burkina Faso",2014,282,1.77841114815689,0.482579148200763,"instability_within_regime"
"Burkina Faso",2015,379,2.46900932344601,0.624053932229388,"instability_within_regime"
"Burkina Faso",2016,83,0.565432787295976,0.135666289222219,"instability_within_regime"
"Burkina Faso",2017,9,0.0641845755802045,0.014310145416956,"instability_within_regime"
"Burkina Faso",2018,6,0.0443397117740413,0.00866972583214214,"instability_within_regime"
"Burkina Faso",2019,20,0.150050279947862,0.0247073238764667,"instability_within_regime"
"Burkina Faso",2020,124,0.922523860390381,0.129325370142779,"instability_within_regime"
"Burkina Faso",2021,50,0.362946352567457,0.0448265755840732,"instability_within_regime"
"Burkina Faso",2022,352,2.50062389842972,0.28611646765251,"instability_within_regime"
"Burkina Faso",2023,72,0.509881111738987,0.0575178884075444,"instability_within_regime"
"Burkina Faso",2024,48,0.34316721438503,0.0389984279055912,"instability_within_regime"
"Burkina Faso",1991,5,0.0948266040818585,0.131165745519747,"mass_civil_protest"
"Burkina Faso",1992,4,0.0613896758153145,0.077313226904635,"mass_civil_protest"
"Burkina Faso",1993,3,0.0375117937875035,0.0418423389628002,"mass_civil_protest"
"Burkina Faso",1994,3,0.030326433459764,0.0291427782882714,"mass_civil_protest"
"Burkina Faso",1995,1,0.00810801650604518,0.0068194020981841,"mass_civil_protest"
"Burkina Faso",1996,0,0,0,"mass_civil_protest"
"Burkina Faso",1997,3,0.0155098097268968,0.0112422782418814,"mass_civil_protest"
"Burkina Faso",1998,5,0.0210771782162368,0.0153463725530167,"mass_civil_protest"
"Burkina Faso",1999,17,0.0604501510006235,0.0481991247531242,"mass_civil_protest"
"Burkina Faso",2000,30,0.0936531976176004,0.0832406388167827,"mass_civil_protest"
"Burkina Faso",2001,13,0.0373039800450358,0.0362115034722562,"mass_civil_protest"
"Burkina Faso",2002,94,0.256973847864982,0.269366860042795,"mass_civil_protest"
"Burkina Faso",2003,22,0.0594138578764726,0.0671235018117336,"mass_civil_protest"
"Burkina Faso",2004,15,0.04100140357401,0.0485550526912676,"mass_civil_protest"
"Burkina Faso",2005,7,0.0195978140548882,0.0232500284864749,"mass_civil_protest"
"Burkina Faso",2006,8,0.0229727040303422,0.0260679307618885,"mass_civil_protest"
"Burkina Faso",2007,3,0.0088814211901189,0.00924038647654246,"mass_civil_protest"
"Burkina Faso",2008,11,0.0334745993404366,0.031393866175423,"mass_civil_protest"
"Burkina Faso",2009,13,0.0401531178098719,0.0337839525593512,"mass_civil_protest"
"Burkina Faso",2010,21,0.0645897586960852,0.049670212734774,"mass_civil_protest"
"Burkina Faso",2011,115,0.350182074337716,0.24996083477044,"mass_civil_protest"
"Burkina Faso",2012,17,0.0514167700212462,0.0339739624994007,"mass_civil_protest"
"Burkina Faso",2013,13,0.039603645657894,0.0239477065367639,"mass_civil_protest"
"Burkina Faso",2014,181,0.563333923121122,0.309740517107582,"mass_civil_protest"
"Burkina Faso",2015,268,0.861633508046696,0.441283519360095,"mass_civil_protest"
"Burkina Faso",2016,55,0.184914024602493,0.0898993482797839,"mass_civil_protest"
"Burkina Faso",2017,13,0.0457547074175934,0.0206702100467142,"mass_civil_protest"
"Burkina Faso",2018,9,0.0328237646981313,0.0130045887482132,"mass_civil_protest"
"Burkina Faso",2019,18,0.0666474573447385,0.02223659148882,"mass_civil_protest"
"Burkina Faso",2020,24,0.0881193794538781,0.0250307168018282,"mass_civil_protest"
"Burkina Faso",2021,56,0.200615611030307,0.050205764654162,"mass_civil_protest"
"Burkina Faso",2022,95,0.333068518375718,0.0772189330312171,"mass_civil_protest"
"Burkina Faso",2023,38,0.132808016392632,0.030356663326204,"mass_civil_protest"
"Burkina Faso",2024,8,0.0282266153407428,0.00649973798426521,"mass_civil_protest"
"Burkina Faso",1990,8,1.7220362025703,0.323507673799915,"political_violence"
"Burkina Faso",1991,75,12.4893342487207,1.9674861827962,"political_violence"
"Burkina Faso",1992,34,4.58175747819867,0.657162428689398,"political_violence"
"Burkina Faso",1993,19,2.08601780128168,0.265001480097734,"political_violence"
"Burkina Faso",1994,68,6.03568863747849,0.660569641200817,"political_violence"
"Burkina Faso",1995,27,1.92218958586042,0.184123856650971,"political_violence"
"Burkina Faso",1996,5,0.283520845745763,0.0246582279523291,"political_violence"
"Burkina Faso",1997,21,0.953284082965017,0.0786959476931701,"political_violence"
"Burkina Faso",1998,44,1.62859452895711,0.135048078466547,"political_violence"
"Burkina Faso",1999,86,2.68512650525463,0.243830866398158,"political_violence"
"Burkina Faso",2000,81,2.22026189770162,0.224749724805313,"political_violence"
"Burkina Faso",2001,114,2.87233110189191,0.317547030449016,"political_violence"
"Burkina Faso",2002,455,10.9217014904487,1.30385022680289,"political_violence"
"Burkina Faso",2003,138,3.27236689358687,0.42104742045542,"political_violence"
"Burkina Faso",2004,69,1.65605359294746,0.223353242379831,"political_violence"
"Burkina Faso",2005,37,0.909555382980513,0.122893007714224,"political_violence"
"Burkina Faso",2006,33,0.832058577365645,0.10753021439279,"political_violence"
"Burkina Faso",2007,41,1.06576854922926,0.12628528184608,"political_violence"
"Burkina Faso",2008,40,1.06881004175073,0.114159513365174,"political_violence"
"Burkina Faso",2009,136,3.68835454155488,0.353432119082443,"political_violence"
"Burkina Faso",2010,311,8.39890343407078,0.735592198119749,"political_violence"
"Burkina Faso",2011,370,9.89271793235021,0.804221816217938,"political_violence"
"Burkina Faso",2012,358,9.5072897057602,0.715451680869733,"political_violence"
"Burkina Faso",2013,168,4.49385367537897,0.309478053705872,"political_violence"
"Burkina Faso",2014,490,13.3906371321033,0.838524051838205,"political_violence"
"Burkina Faso",2015,806,22.753104389681,1.32714371867252,"political_violence"
"Burkina Faso",2016,712,21.018658149444,1.16378792682193,"political_violence"
"Burkina Faso",2017,205,6.33525533041648,0.325953312275109,"political_violence"
"Burkina Faso",2018,286,9.15861379866031,0.413256931332109,"political_violence"
"Burkina Faso",2019,829,26.9515311166352,1.02411857467954,"political_violence"
"Burkina Faso",2020,733,23.6309942625267,0.76447980898917,"political_violence"
"Burkina Faso",2021,864,27.1774228802512,0.774603226092785,"political_violence"
"Burkina Faso",2022,1575,48.4851082579058,1.28020862657018,"political_violence"
"Burkina Faso",2023,959,29.429110278009,0.766106319206043,"political_violence"
"Burkina Faso",2024,541,16.7603820747911,0.439544781185934,"political_violence"
"Cameroon",1990,2,0.00761750043044228,0.0096906132010075,"instability_of_regime"
"Cameroon",1991,23,0.067769777943639,0.100335415883841,"instability_of_regime"
"Cameroon",1992,13,0.0309975046595125,0.0529664410221145,"instability_of_regime"
"Cameroon",1993,13,0.0252544528000204,0.0508715543856392,"instability_of_regime"
"Cameroon",1994,7,0.0109937575841793,0.0264803414607464,"instability_of_regime"
"Cameroon",1995,7,0.00881780919681008,0.0258033283824045,"instability_of_regime"
"Cameroon",1996,4,0.00401333288818737,0.013886083646472,"instability_of_regime"
"Cameroon",1997,2,0.00160643531883523,0.00622761824661462,"instability_of_regime"
"Cameroon",1998,0,0,0,"instability_of_regime"
"Cameroon",1999,3,0.00165736344734754,0.00691000571876965,"instability_of_regime"
"Cameroon",2000,2,0.000970017086114636,0.00394117040374805,"instability_of_regime"
"Cameroon",2001,3,0.0013374609340156,0.00511257207450826,"instability_of_regime"
"Cameroon",2002,2,0.000849452507449258,0.00296731259250616,"instability_of_regime"
"Cameroon",2003,2,0.000839156766544259,0.00268337011515848,"instability_of_regime"
"Cameroon",2004,2,0.000849347657810181,0.0025209461334169,"instability_of_regime"
"Cameroon",2005,1,0.000434968318541118,0.00122527456434626,"instability_of_regime"
"Cameroon",2006,4,0.00178455589268892,0.0047679408016432,"instability_of_regime"
"Cameroon",2007,1,0.000459948540068687,0.00115373429720491,"instability_of_regime"
"Cameroon",2008,5,0.00236396335365801,0.00563436749556097,"instability_of_regime"
"Cameroon",2009,4,0.00191948156326468,0.00455857206409051,"instability_of_regime"
"Cameroon",2010,1,0.000477850891198505,0.00116818367414688,"instability_of_regime"
"Cameroon",2011,6,0.00283854219238552,0.00728810484386961,"instability_of_regime"
"Cameroon",2012,1,0.0004698983311225,0.00122112716215128,"instability_of_regime"
"Cameroon",2013,6,0.0028398218553668,0.00698460760587867,"instability_of_regime"
"Cameroon",2014,5,0.002417716459094,0.00542505401933261,"instability_of_regime"
"Cameroon",2015,10,0.00499500375286416,0.0103294246078799,"instability_of_regime"
"Cameroon",2016,4,0.00208936918786498,0.00404907334674369,"instability_of_regime"
"Cameroon",2017,6,0.00328089033097629,0.00594984743320411,"instability_of_regime"
"Cameroon",2018,20,0.0113324525653321,0.0194717420140182,"instability_of_regime"
"Cameroon",2019,5,0.00287626646389163,0.00484021060007045,"instability_of_regime"
"Cameroon",2020,12,0.00684525242029885,0.0117681857555949,"instability_of_regime"
"Cameroon",2021,2,0.00111315265517057,0.00201368605307703,"instability_of_regime"
"Cameroon",2022,5,0.00272350399826224,0.00531476184084854,"instability_of_regime"
"Cameroon",2023,2,0.00108597223601479,0.00242440962692541,"instability_of_regime"
"Cameroon",2024,5,0.0027408600153499,0.00726158616964775,"instability_of_regime"
"Cameroon",1990,8,0.291549805948296,0.03876245280403,"instability_within_regime"
"Cameroon",1991,96,2.70657295307721,0.418791301080382,"instability_within_regime"
"Cameroon",1992,136,3.10286276601422,0.554110459923659,"instability_within_regime"
"Cameroon",1993,39,0.724935713533217,0.152614663156918,"instability_within_regime"
"Cameroon",1994,32,0.480881835501666,0.121052989534841,"instability_within_regime"
"Cameroon",1995,12,0.144638590554593,0.0442342772269792,"instability_within_regime"
"Cameroon",1996,10,0.0960031472463767,0.03471520911618,"instability_within_regime"
"Cameroon",1997,56,0.43038938668415,0.174373310905209,"instability_within_regime"
"Cameroon",1998,2,0.0125331653670229,0.00537447118220441,"instability_within_regime"
"Cameroon",1999,6,0.0317167026029245,0.0138200114375393,"instability_within_regime"
"Cameroon",2000,19,0.0881745531278204,0.0374411188356065,"instability_within_regime"
"Cameroon",2001,5,0.021328982263512,0.00852095345751376,"instability_within_regime"
"Cameroon",2002,9,0.0365756366496967,0.0133529066662777,"instability_within_regime"
"Cameroon",2003,30,0.120441079071905,0.0402505517273771,"instability_within_regime"
"Cameroon",2004,116,0.471361128579667,0.14621487573818,"instability_within_regime"
"Cameroon",2005,13,0.0541054802126357,0.0159285693365013,"instability_within_regime"
"Cameroon",2006,12,0.0512261465196073,0.0143038224049296,"instability_within_regime"
"Cameroon",2007,24,0.105623551054089,0.0276896231329179,"instability_within_regime"
"Cameroon",2008,24,0.108573104259796,0.0270449639786926,"instability_within_regime"
"Cameroon",2009,18,0.0826488351003596,0.0205135742884073,"instability_within_regime"
"Cameroon",2010,12,0.0548673423283504,0.0140182040897625,"instability_within_regime"
"Cameroon",2011,102,0.461726236830879,0.123897782345783,"instability_within_regime"
"Cameroon",2012,15,0.0674427762616346,0.0183169074322692,"instability_within_regime"
"Cameroon",2013,35,0.158506898821921,0.0407435443676256,"instability_within_regime"
"Cameroon",2014,33,0.152682611838827,0.0358053565275953,"instability_within_regime"
"Cameroon",2015,181,0.865076813110513,0.186962585402625,"instability_within_regime"
"Cameroon",2016,31,0.154937721960124,0.0313803184372636,"instability_within_regime"
"Cameroon",2017,52,0.27207214765717,0.0515653444211023,"instability_within_regime"
"Cameroon",2018,322,1.74578221103556,0.313495046425694,"instability_within_regime"
"Cameroon",2019,102,0.561435103156009,0.0987402962414371,"instability_within_regime"
"Cameroon",2020,148,0.807811840883899,0.145140957652337,"instability_within_regime"
"Cameroon",2021,33,0.175743369458693,0.033225819875771,"instability_within_regime"
"Cameroon",2022,26,0.135510091568273,0.0276367615724124,"instability_within_regime"
"Cameroon",2023,33,0.171452153493346,0.0400027588442692,"instability_within_regime"
"Cameroon",2024,26,0.136373653900589,0.0377602480821683,"instability_within_regime"
"Cameroon",1990,1,0.0169790075383805,0.00484530660050375,"mass_civil_protest"
"Cameroon",1991,125,1.64190508919514,0.545301173281747,"mass_civil_protest"
"Cameroon",1992,45,0.478327890727659,0.183345372768858,"mass_civil_protest"
"Cameroon",1993,36,0.311764686145029,0.140875073683309,"mass_civil_protest"
"Cameroon",1994,12,0.0840154526959388,0.0453948710755652,"mass_civil_protest"
"Cameroon",1995,3,0.0168466565181161,0.0110585693067448,"mass_civil_protest"
"Cameroon",1996,0,0,0,"mass_civil_protest"
"Cameroon",1997,3,0.0107419793293693,0.00934142736992193,"mass_civil_protest"
"Cameroon",1998,1,0.00291957950106392,0.00268723559110221,"mass_civil_protest"
"Cameroon",1999,1,0.00246278392965503,0.00230333523958988,"mass_civil_protest"
"Cameroon",2000,13,0.0281075214084428,0.0256176076243623,"mass_civil_protest"
"Cameroon",2001,3,0.00596226005848007,0.00511257207450826,"mass_civil_protest"
"Cameroon",2002,2,0.00378676986215537,0.00296731259250616,"mass_civil_protest"
"Cameroon",2003,5,0.00935218133240773,0.00670842528789619,"mass_civil_protest"
"Cameroon",2004,23,0.0435424782152635,0.0289908805342944,"mass_civil_protest"
"Cameroon",2005,18,0.0349027736025152,0.0220549421582326,"mass_civil_protest"
"Cameroon",2006,7,0.0139218840628324,0.00834389640287561,"mass_civil_protest"
"Cameroon",2007,8,0.0164032174079233,0.00922987437763931,"mass_civil_protest"
"Cameroon",2008,16,0.0337225593355509,0.0180299759857951,"mass_civil_protest"
"Cameroon",2009,4,0.00855684675834306,0.00455857206409051,"mass_civil_protest"
"Cameroon",2010,7,0.0149114628100839,0.00817728571902813,"mass_civil_protest"
"Cameroon",2011,26,0.054833663298872,0.0315817876567683,"mass_civil_protest"
"Cameroon",2012,2,0.00418951459432376,0.00244225432430256,"mass_civil_protest"
"Cameroon",2013,15,0.0316490672565221,0.0174615190146967,"mass_civil_protest"
"Cameroon",2014,73,0.157357711981306,0.0792057886822562,"mass_civil_protest"
"Cameroon",2015,72,0.160323846770878,0.0743718571767349,"mass_civil_protest"
"Cameroon",2016,18,0.0419138455765651,0.0182208300603466,"mass_civil_protest"
"Cameroon",2017,43,0.104818690126743,0.0426405732712962,"mass_civil_protest"
"Cameroon",2018,68,0.171764194198122,0.066203922847662,"mass_civil_protest"
"Cameroon",2019,70,0.179509303835931,0.0677629484009863,"mass_civil_protest"
"Cameroon",2020,49,0.124604610175291,0.0480534251686793,"mass_civil_protest"
"Cameroon",2021,26,0.0645101257162271,0.0261779186900014,"mass_civil_protest"
"Cameroon",2022,21,0.0509925953864111,0.0223219997315639,"mass_civil_protest"
"Cameroon",2023,21,0.0508320741105134,0.0254563010827168,"mass_civil_protest"
"Cameroon",2024,10,0.0244369308736986,0.0145231723392955,"mass_civil_protest"
"Cameroon",1990,20,3.57300862295271,0.096906132010075,"political_violence"
"Cameroon",1991,156,21.560280256581,0.68053586425562,"political_violence"
"Cameroon",1992,141,15.7697232287879,0.574482168009088,"political_violence"
"Cameroon",1993,54,4.92050805712721,0.211312610524963,"political_violence"
"Cameroon",1994,104,7.66130994690333,0.393422215988232,"political_violence"
"Cameroon",1995,22,1.2998909341078,0.0810961749161285,"political_violence"
"Cameroon",1996,43,2.02364917905212,0.149275399199574,"political_violence"
"Cameroon",1997,46,1.73305624165037,0.143235219672136,"political_violence"
"Cameroon",1998,13,0.399351597019199,0.0349340626843287,"political_violence"
"Cameroon",1999,22,0.570086503404821,0.0506733752709774,"political_violence"
"Cameroon",2000,56,1.27396938737211,0.110352771304945,"political_violence"
"Cameroon",2001,22,0.460049018538307,0.0374921952130605,"political_violence"
"Cameroon",2002,11,0.219140863711225,0.0163202192587839,"political_violence"
"Cameroon",2003,70,1.37763041379203,0.0939179540305466,"political_violence"
"Cameroon",2004,84,1.67323276688938,0.10587973760351,"political_violence"
"Cameroon",2005,69,1.40775893780975,0.0845439449398916,"political_violence"
"Cameroon",2006,79,1.65317500938928,0.0941668308324533,"political_violence"
"Cameroon",2007,65,1.40231047521573,0.0749927293183194,"political_violence"
"Cameroon",2008,146,3.23776383740929,0.16452353087038,"political_violence"
"Cameroon",2009,59,1.32799837081194,0.067238937945335,"political_violence"
"Cameroon",2010,104,2.33102706739764,0.121491102111275,"political_violence"
"Cameroon",2011,118,2.61847051419973,0.143332728596102,"political_violence"
"Cameroon",2012,35,0.771424670756474,0.0427394506752947,"political_violence"
"Cameroon",2013,272,6.03851747895427,0.316635544799833,"political_violence"
"Cameroon",2014,757,17.1693090907036,0.821353178526958,"political_violence"
"Cameroon",2015,1351,31.6528445394236,1.39550526452457,"political_violence"
"Cameroon",2016,517,12.6668116981114,0.523342730066622,"political_violence"
"Cameroon",2017,582,14.9274293635636,0.577135201020799,"political_violence"
"Cameroon",2018,953,25.32843706603,0.927828506967969,"political_violence"
"Cameroon",2019,687,18.5369136641062,0.665044936449679,"political_violence"
"Cameroon",2020,717,19.1844323778409,0.703149098896797,"political_violence"
"Cameroon",2021,469,12.2438824239231,0.472209379446564,"political_violence"
"Cameroon",2022,529,13.5155978711573,0.562301802761775,"political_violence"
"Cameroon",2023,361,9.19427533899563,0.437605937660036,"political_violence"
"Cameroon",2024,178,4.57676306664221,0.25851246763946,"political_violence"
"Central African Republic",1992,5,0.0597627022112916,0.0965866026203883,"instability_of_regime"
"Central African Republic",1993,9,0.0876423391429489,0.128134785756871,"instability_of_regime"
"Central African Republic",1994,3,0.0236181682071604,0.0326742465244456,"instability_of_regime"
"Central African Republic",1995,2,0.0126290154046817,0.0164788641002759,"instability_of_regime"
"Central African Republic",1996,7,0.0352062746702593,0.043836750676476,"instability_of_regime"
"Central African Republic",1997,6,0.0241580201296609,0.0299678797118951,"instability_of_regime"
"Central African Republic",1998,1,0.00328297319303206,0.00407259253725344,"instability_of_regime"
"Central African Republic",1999,1,0.00276932127326599,0.00335082902860129,"instability_of_regime"
"Central African Republic",2000,5,0.0121561551102803,0.0140295303246629,"instability_of_regime"
"Central African Republic",2001,14,0.0312870579577642,0.0343237834384074,"instability_of_regime"
"Central African Republic",2002,2,0.00425810084675122,0.00463793335426679,"instability_of_regime"
"Central African Republic",2003,64,0.134607704867552,0.151026617269453,"instability_of_regime"
"Central African Republic",2004,42,0.0894090804759894,0.106866383332687,"instability_of_regime"
"Central African Republic",2005,13,0.0283450885602417,0.0369835609708216,"instability_of_regime"
"Central African Republic",2006,7,0.0156547106040865,0.0223654515267144,"instability_of_regime"
"Central African Republic",2007,7,0.0161392788358073,0.0244733672467842,"instability_of_regime"
"Central African Republic",2008,13,0.0308099453483613,0.0461283800695052,"instability_of_regime"
"Central African Republic",2009,7,0.0168383229160232,0.0219189566414631,"instability_of_regime"
"Central African Republic",2010,9,0.021558162933544,0.021768788331853,"instability_of_regime"
"Central African Republic",2011,3,0.00711446420308429,0.00530858929635641,"instability_of_regime"
"Central African Republic",2012,7,0.0164884101802649,0.0092149026123433,"instability_of_regime"
"Central African Republic",2013,207,0.49111933517371,0.219792275457569,"instability_of_regime"
"Central African Republic",2014,170,0.412060631980387,0.167052090802501,"instability_of_regime"
"Central African Republic",2015,141,0.353046387261649,0.145039183461573,"instability_of_regime"
"Central African Republic",2016,45,0.117826926270209,0.0525876574620231,"instability_of_regime"
"Central African Republic",2017,8,0.0219284174593482,0.0110753774504885,"instability_of_regime"
"Central African Republic",2018,10,0.0284034277614343,0.0165646905411998,"instability_of_regime"
"Central African Republic",2019,17,0.049021305719998,0.0332349381181442,"instability_of_regime"
"Central African Republic",2020,6,0.017156800922647,0.0133456189092324,"instability_of_regime"
"Central African Republic",2021,9,0.0251098478124481,0.0222066220750039,"instability_of_regime"
"Central African Republic",2022,13,0.0354959010733643,0.0363727027278545,"instability_of_regime"
"Central African Republic",2023,40,0.108874345703173,0.131691101992951,"instability_of_regime"
"Central African Republic",2024,5,0.0137392711774238,0.0203574540371234,"instability_of_regime"
"Central African Republic",1991,5,0.25758034627286,0.144062714596531,"instability_within_regime"
"Central African Republic",1992,30,1.25065962030316,0.57951961572233,"instability_within_regime"
"Central African Republic",1993,44,1.49445134015153,0.626436730366925,"instability_within_regime"
"Central African Republic",1994,13,0.356965266574231,0.141588401605931,"instability_within_regime"
"Central African Republic",1995,12,0.264288578434422,0.0988731846016557,"instability_within_regime"
"Central African Republic",1996,56,0.982353306933206,0.350694005411808,"instability_within_regime"
"Central African Republic",1997,65,0.91281148688699,0.324652030212197,"instability_within_regime"
"Central African Republic",1998,34,0.389317481402201,0.138468146266617,"instability_within_regime"
"Central African Republic",1999,53,0.511925617735573,0.177593938515868,"instability_within_regime"
"Central African Republic",2000,31,0.26287275336902,0.08698308801291,"instability_within_regime"
"Central African Republic",2001,140,1.0912452800276,0.343237834384074,"instability_within_regime"
"Central African Republic",2002,62,0.460399971682593,0.14377593398227,"instability_within_regime"
"Central African Republic",2003,121,0.887632034108228,0.28553469827506,"instability_within_regime"
"Central African Republic",2004,114,0.846437393041507,0.290065897617293,"instability_within_regime"
"Central African Republic",2005,150,1.1407313483969,0.426733395817172,"instability_within_regime"
"Central African Republic",2006,58,0.452410471648046,0.185313741221348,"instability_within_regime"
"Central African Republic",2007,20,0.160832470148786,0.0699239064193834,"instability_within_regime"
"Central African Republic",2008,30,0.24798561081632,0.106450107852704,"instability_within_regime"
"Central African Republic",2009,27,0.226528166385413,0.0845445470456433,"instability_within_regime"
"Central African Republic",2010,95,0.793689248623752,0.229781654614004,"instability_within_regime"
"Central African Republic",2011,52,0.4301123759491,0.0920155478035111,"instability_within_regime"
"Central African Republic",2012,34,0.279329826361214,0.0447580984028103,"instability_within_regime"
"Central African Republic",2013,369,3.05351954898542,0.39180362146784,"instability_within_regime"
"Central African Republic",2014,272,2.29952829871471,0.267283345284001,"instability_within_regime"
"Central African Republic",2015,378,3.30112607077117,0.388828449279963,"instability_within_regime"
"Central African Republic",2016,246,2.24659502783123,0.287479194125726,"instability_within_regime"
"Central African Republic",2017,72,0.688347043527152,0.0996783970543965,"instability_within_regime"
"Central African Republic",2018,68,0.673654660521804,0.112639895680158,"instability_within_regime"
"Central African Republic",2019,36,0.362072971130423,0.0703798689560701,"instability_within_regime"
"Central African Republic",2020,149,1.48603480594669,0.331416202912605,"instability_within_regime"
"Central African Republic",2021,261,2.53980123471987,0.643992040175112,"instability_within_regime"
"Central African Republic",2022,54,0.514264166889207,0.151086611331088,"instability_within_regime"
"Central African Republic",2023,62,0.588592749241085,0.204121208089075,"instability_within_regime"
"Central African Republic",2024,14,0.134177401921725,0.0570008713039454,"instability_within_regime"
"Central African Republic",1991,2,0.0179116918821288,0.0576250858386126,"mass_civil_protest"
"Central African Republic",1992,9,0.0652265305537716,0.173855884716699,"mass_civil_protest"
"Central African Republic",1993,10,0.0590463420729222,0.142371984174301,"mass_civil_protest"
"Central African Republic",1994,3,0.0143208158004441,0.0326742465244456,"mass_civil_protest"
"Central African Republic",1995,1,0.00382878557229911,0.00823943205013797,"mass_civil_protest"
"Central African Republic",1996,41,0.125033801921127,0.256758111105074,"mass_civil_protest"
"Central African Republic",1997,9,0.0219722304464371,0.0449518195678427,"mass_civil_protest"
"Central African Republic",1998,0,0,0,"mass_civil_protest"
"Central African Republic",1999,7,0.011754196027899,0.023455803200209,"mass_civil_protest"
"Central African Republic",2000,47,0.0692860230522803,0.131877585051831,"mass_civil_protest"
"Central African Republic",2001,28,0.0379416549176005,0.0686475668768148,"mass_civil_protest"
"Central African Republic",2002,80,0.103275541695147,0.185517334170671,"mass_civil_protest"
"Central African Republic",2003,25,0.0318824363604809,0.0589947723708802,"mass_civil_protest"
"Central African Republic",2004,25,0.0322696231832486,0.0636109424599326,"mass_civil_protest"
"Central African Republic",2005,8,0.0105765980613682,0.0227591144435825,"mass_civil_protest"
"Central African Republic",2006,7,0.0094921936792039,0.0223654515267144,"mass_civil_protest"
"Central African Republic",2007,11,0.0153780163199281,0.0384581485306609,"mass_civil_protest"
"Central African Republic",2008,4,0.00574816352310527,0.0141933477136939,"mass_civil_protest"
"Central African Republic",2009,1,0.00145855342471757,0.00313127952020901,"mass_civil_protest"
"Central African Republic",2010,8,0.0116193216701952,0.0193500340727583,"mass_civil_protest"
"Central African Republic",2011,7,0.0100656200111566,0.012386708358165,"mass_civil_protest"
"Central African Republic",2012,22,0.0314213594574282,0.0289611224959361,"mass_civil_protest"
"Central African Republic",2013,58,0.0834384500399219,0.0615843090654058,"mass_civil_protest"
"Central African Republic",2014,43,0.0631978357583702,0.0422543523794561,"mass_civil_protest"
"Central African Republic",2015,41,0.0622469480833901,0.0421745143398901,"mass_civil_protest"
"Central African Republic",2016,14,0.0222270393209058,0.0163606045437405,"mass_civil_protest"
"Central African Republic",2017,3,0.00498608991089159,0.00415326654393319,"mass_civil_protest"
"Central African Republic",2018,14,0.0241112839449236,0.0231905667576797,"mass_civil_protest"
"Central African Republic",2019,6,0.0104908034709311,0.011729978159345,"mass_civil_protest"
"Central African Republic",2020,0,0,0,"mass_civil_protest"
"Central African Republic",2021,4,0.00676679640380005,0.00986960981111282,"mass_civil_protest"
"Central African Republic",2022,10,0.0165560374631205,0.0279790020983496,"mass_civil_protest"
"Central African Republic",2023,7,0.0115527441160258,0.0230459428487665,"mass_civil_protest"
"Central African Republic",2024,6,0.00999692626651306,0.024428944844548,"mass_civil_protest"
"Central African Republic",1990,4,1.05754961239056,0.215188393891969,"political_violence"
"Central African Republic",1991,2,0.409068925079476,0.0576250858386126,"political_violence"
"Central African Republic",1992,31,5.13101569132939,0.598836936246407,"political_violence"
"Central African Republic",1993,40,5.39402393489018,0.569487936697205,"political_violence"
"Central African Republic",1994,26,2.83452134452727,0.283176803211862,"political_violence"
"Central African Republic",1995,8,0.699537356371297,0.0659154564011038,"political_violence"
"Central African Republic",1996,203,14.138375045852,1.2712657696178,"political_violence"
"Central African Republic",1997,118,6.57920657782606,0.589368301000604,"political_violence"
"Central African Republic",1998,27,1.22747463880444,0.109959998505843,"political_violence"
"Central African Republic",1999,90,3.45141576427369,0.301574612574116,"political_violence"
"Central African Republic",2000,98,3.2993905899449,0.274978794363393,"political_violence"
"Central African Republic",2001,590,18.2587116362311,1.44650230204717,"political_violence"
"Central African Republic",2002,448,13.2082532791979,1.03889707135576,"political_violence"
"Central African Republic",2003,367,10.6890088525802,0.866043258404521,"political_violence"
"Central African Republic",2004,221,6.51487427159927,0.562320731345804,"political_violence"
"Central African Republic",2005,164,4.95176175332192,0.466561846093441,"political_violence"
"Central African Republic",2006,229,7.09192138963999,0.731669771373942,"political_violence"
"Central African Republic",2007,134,4.27831059750228,0.468490173009869,"political_violence"
"Central African Republic",2008,86,2.8224577786737,0.305156975844419,"political_violence"
"Central African Republic",2009,64,2.13187724950719,0.200401889293377,"political_violence"
"Central African Republic",2010,134,4.4448331796752,0.324113070718701,"political_violence"
"Central African Republic",2011,71,2.33163582565918,0.125636613347102,"political_violence"
"Central African Republic",2012,307,10.0138376335611,0.404139300284199,"political_violence"
"Central African Republic",2013,2116,69.5206425553646,2.24676548245515,"political_violence"
"Central African Republic",2014,2439,81.8663504656404,2.39670617333706,"political_violence"
"Central African Republic",2015,1434,49.7213872884302,1.47507935520494,"political_violence"
"Central African Republic",2016,826,29.9497712114323,0.96527566808069,"political_violence"
"Central African Republic",2017,594,22.5468136576283,0.822346775698771,"political_violence"
"Central African Republic",2018,502,19.7449436515396,0.831547465168228,"political_violence"
"Central African Republic",2019,219,8.74503386095412,0.428144202816093,"political_violence"
"Central African Republic",2020,367,14.5322397109101,0.816307023281382,"political_violence"
"Central African Republic",2021,649,25.074235182921,1.60134419185306,"political_violence"
"Central African Republic",2022,263,9.94424987715814,0.735847755186596,"political_violence"
"Central African Republic",2023,201,7.57605382100162,0.661747787514581,"political_violence"
"Central African Republic",2024,117,4.4520597061754,0.476364424468686,"political_violence"
"Chad",1990,33,0.334067485982422,0.192227657919299,"instability_of_regime"
"Chad",1991,8,0.0626521516916022,0.0531937709189835,"instability_of_regime"
"Chad",1992,14,0.0887256509889688,0.104595861750556,"instability_of_regime"
"Chad",1993,9,0.0464702380470011,0.0743618378474134,"instability_of_regime"
"Chad",1994,6,0.0250459289323785,0.0519273070932641,"instability_of_regime"
"Chad",1995,17,0.05691796387565,0.144186157393225,"instability_of_regime"
"Chad",1996,13,0.0346678031723027,0.100037048568349,"instability_of_regime"
"Chad",1997,2,0.00426973597900942,0.013127404568733,"instability_of_regime"
"Chad",1998,2,0.00348143482417303,0.0107024988099454,"instability_of_regime"
"Chad",1999,3,0.00440509758373952,0.0128843993909953,"instability_of_regime"
"Chad",2000,3,0.00386730496174651,0.0101729917981627,"instability_of_regime"
"Chad",2001,2,0.002369886918168,0.00525337526383243,"instability_of_regime"
"Chad",2002,5,0.00564438837186678,0.0100596274845008,"instability_of_regime"
"Chad",2003,6,0.00669117105955028,0.00934604233528853,"instability_of_regime"
"Chad",2004,9,0.0101586450124928,0.0112564380525594,"instability_of_regime"
"Chad",2005,21,0.0242781000954135,0.0225755173198354,"instability_of_regime"
"Chad",2006,26,0.0308305511460599,0.0253675457478717,"instability_of_regime"
"Chad",2007,8,0.00977995843093419,0.00774050158856228,"instability_of_regime"
"Chad",2008,17,0.0213627635696358,0.0177635001352981,"instability_of_regime"
"Chad",2009,16,0.0204071197778666,0.019562564668261,"instability_of_regime"
"Chad",2010,2,0.00254015473742363,0.00296996496442694,"instability_of_regime"
"Chad",2011,11,0.0138316683146505,0.0196933840137095,"instability_of_regime"
"Chad",2012,3,0.00374682090342414,0.00616527373403156,"instability_of_regime"
"Chad",2013,14,0.0176118776468801,0.0307289960149133,"instability_of_regime"
"Chad",2014,17,0.0218485218961284,0.0377618983913428,"instability_of_regime"
"Chad",2015,5,0.00663809709262211,0.011038862412967,"instability_of_regime"
"Chad",2016,10,0.013883308419366,0.0230407746190844,"instability_of_regime"
"Chad",2017,6,0.00872026114285803,0.0145720177998317,"instability_of_regime"
"Chad",2018,11,0.0165662563158999,0.0274106788005128,"instability_of_regime"
"Chad",2019,0,0,0,"instability_of_regime"
"Chad",2020,1,0.00151616336502233,0.00216844139675367,"instability_of_regime"
"Chad",2021,68,0.100593847838309,0.128136587245021,"instability_of_regime"
"Chad",2022,31,0.0448804790450478,0.0519973929198755,"instability_of_regime"
"Chad",2023,57,0.0822623968781204,0.0866196900370706,"instability_of_regime"
"Chad",2024,49,0.0713921906103508,0.0680887183689948,"instability_of_regime"
"Chad",1990,22,1.06372379694997,0.128151771946199,"instability_within_regime"
"Chad",1991,16,0.598483128238196,0.106387541837967,"instability_within_regime"
"Chad",1992,51,1.54375102962589,0.38102778209131,"instability_within_regime"
"Chad",1993,34,0.838488730859948,0.280922498534673,"instability_within_regime"
"Chad",1994,29,0.578188989096372,0.25098198428411,"instability_within_regime"
"Chad",1995,52,0.831552556917825,0.441040010849864,"instability_within_regime"
"Chad",1996,69,0.878856534099009,0.530965873170466,"instability_within_regime"
"Chad",1997,22,0.224326009891244,0.144401450256063,"instability_within_regime"
"Chad",1998,20,0.166281599918918,0.107024988099454,"instability_within_regime"
"Chad",1999,25,0.175331606798345,0.107369994924961,"instability_within_regime"
"Chad",2000,53,0.326323958475133,0.179722855100875,"instability_within_regime"
"Chad",2001,85,0.48106358016119,0.223268448712878,"instability_within_regime"
"Chad",2002,77,0.415167677614489,0.154918263261312,"instability_within_regime"
"Chad",2003,39,0.207731049250751,0.0607492751793754,"instability_within_regime"
"Chad",2004,40,0.215644900067174,0.0500286135669307,"instability_within_regime"
"Chad",2005,59,0.325786691973418,0.0634264534223946,"instability_within_regime"
"Chad",2006,264,1.49519485088913,0.257578156824543,"instability_within_regime"
"Chad",2007,43,0.251073804114547,0.0416051960385223,"instability_within_regime"
"Chad",2008,81,0.486160261400919,0.0846378535858321,"instability_within_regime"
"Chad",2009,35,0.213213991540532,0.0427931102118209,"instability_within_regime"
"Chad",2010,45,0.272978609108872,0.0668242116996062,"instability_within_regime"
"Chad",2011,85,0.510489403756913,0.152176149196846,"instability_within_regime"
"Chad",2012,25,0.149130891403614,0.0513772811169297,"instability_within_regime"
"Chad",2013,56,0.336474050568513,0.122915984059653,"instability_within_regime"
"Chad",2014,34,0.208707464607769,0.0755237967826855,"instability_within_regime"
"Chad",2015,183,1.16040772447328,0.404022364314594,"instability_within_regime"
"Chad",2016,95,0.629944810141292,0.218887358881302,"instability_within_regime"
"Chad",2017,22,0.152716810985023,0.0534307319327162,"instability_within_regime"
"Chad",2018,39,0.280531881030436,0.0971833157472727,"instability_within_regime"
"Chad",2019,34,0.248291431758763,0.0817783060161527,"instability_within_regime"
"Chad",2020,17,0.123106460632427,0.0368635037448123,"instability_within_regime"
"Chad",2021,254,1.7946598628551,0.478627840591696,"instability_within_regime"
"Chad",2022,99,0.684568497617942,0.166056190292506,"instability_within_regime"
"Chad",2023,85,0.585910599546717,0.129169713213175,"instability_within_regime"
"Chad",2024,223,1.55183454906984,0.309873146862976,"instability_within_regime"
"Chad",1990,6,0.0804648598099876,0.0349504832580544,"mass_civil_protest"
"Chad",1991,7,0.0726237689039042,0.0465445495541106,"mass_civil_protest"
"Chad",1992,22,0.184704969060204,0.164364925608016,"mass_civil_protest"
"Chad",1993,13,0.0889222574905981,0.107411543557375,"mass_civil_protest"
"Chad",1994,4,0.0221197708986946,0.0346182047288427,"mass_civil_protest"
"Chad",1995,9,0.0399188189278147,0.0763338480317072,"mass_civil_protest"
"Chad",1996,22,0.0777213598004495,0.169293466807975,"mass_civil_protest"
"Chad",1997,1,0.00282817165342307,0.00656370228436648,"mass_civil_protest"
"Chad",1998,3,0.00691805910110423,0.0160537482149181,"mass_civil_protest"
"Chad",1999,1,0.00194522130925527,0.00429479979699845,"mass_civil_protest"
"Chad",2000,6,0.0102464436412214,0.0203459835963254,"mass_civil_protest"
"Chad",2001,12,0.0188370813653987,0.0315202515829946,"mass_civil_protest"
"Chad",2002,9,0.0134593514403999,0.0181073294721014,"mass_civil_protest"
"Chad",2003,10,0.0147735757057397,0.0155767372254809,"mass_civil_protest"
"Chad",2004,27,0.0403730703763823,0.0337693141576782,"mass_civil_protest"
"Chad",2005,8,0.0122523707412214,0.008600197074223,"mass_civil_protest"
"Chad",2006,39,0.0612642734159824,0.0380513186218075,"mass_civil_protest"
"Chad",2007,24,0.0388680724175939,0.0232215047656868,"mass_civil_protest"
"Chad",2008,23,0.0382887411818272,0.0240329707712857,"mass_civil_protest"
"Chad",2009,19,0.0321033291456017,0.0232305455435599,"mass_civil_protest"
"Chad",2010,3,0.00504761441387052,0.00445494744664041,"mass_civil_protest"
"Chad",2011,21,0.0349812975972142,0.037596460389809,"mass_civil_protest"
"Chad",2012,13,0.0215089778198546,0.0267161861808034,"mass_civil_protest"
"Chad",2013,12,0.0199983244341094,0.0263391394413543,"mass_civil_protest"
"Chad",2014,17,0.0289438834623958,0.0377618983913428,"mass_civil_protest"
"Chad",2015,64,0.112561095096122,0.141297438885978,"mass_civil_protest"
"Chad",2016,49,0.0901205412465815,0.112899795633514,"mass_civil_protest"
"Chad",2017,6,0.011552187533806,0.0145720177998317,"mass_civil_protest"
"Chad",2018,12,0.0239412971564436,0.0299025586914685,"mass_civil_protest"
"Chad",2019,13,0.0263314625647006,0.0312681758297055,"mass_civil_protest"
"Chad",2020,8,0.0160683293655436,0.0173475311740293,"mass_civil_protest"
"Chad",2021,77,0.150899559804741,0.145095841439215,"mass_civil_protest"
"Chad",2022,55,0.105485610122168,0.092253439051392,"mass_civil_protest"
"Chad",2023,26,0.0497089501927402,0.0395107358063831,"mass_civil_protest"
"Chad",2024,28,0.0540439892710888,0.038907839067997,"mass_civil_protest"
"Chad",1990,208,42.2628545986744,1.21161675294589,"political_violence"
"Chad",1991,68,10.6888292695875,0.45214705281136,"political_violence"
"Chad",1992,243,30.9102598609728,1.81548531467036,"political_violence"
"Chad",1993,109,11.2962451661254,0.900604480596451,"political_violence"
"Chad",1994,99,8.29461651161723,0.856800567038858,"political_violence"
"Chad",1995,86,5.77928496663351,0.729412325636314,"political_violence"
"Chad",1996,120,6.42302244547376,0.92341890986168,"political_violence"
"Chad",1997,55,2.35672516195859,0.361003625640156,"political_violence"
"Chad",1998,95,3.31915170385416,0.508368693472406,"political_violence"
"Chad",1999,79,2.32828743207519,0.339289183962877,"political_violence"
"Chad",2000,156,4.03633299167853,0.528995573504461,"political_violence"
"Chad",2001,154,3.66263442137903,0.404509895315097,"political_violence"
"Chad",2002,209,4.73552783852812,0.420492428852132,"political_violence"
"Chad",2003,167,3.73802823318596,0.260131511665531,"political_violence"
"Chad",2004,311,7.04577690611684,0.388972470482886,"political_violence"
"Chad",2005,170,3.9447505739188,0.182754187827239,"political_violence"
"Chad",2006,1010,24.0383435704972,0.985431584821169,"political_violence"
"Chad",2007,392,9.61852133493367,0.379284577839552,"political_violence"
"Chad",2008,670,16.8989040108358,0.700090887685278,"political_violence"
"Chad",2009,355,9.08793699929477,0.43404440357704,"political_violence"
"Chad",2010,202,5.14940168370518,0.299966461407121,"political_violence"
"Chad",2011,177,4.46714830541884,0.316884451856961,"political_violence"
"Chad",2012,147,3.68497239045198,0.302098412967547,"political_violence"
"Chad",2013,320,8.0798412143152,0.702377051769448,"political_violence"
"Chad",2014,328,8.46100998066903,0.728582510138849,"political_violence"
"Chad",2015,1178,31.3902019841993,2.60075598449504,"political_violence"
"Chad",2016,286,7.96955787003295,0.658966154105814,"political_violence"
"Chad",2017,193,5.63003083174711,0.46873323922792,"political_violence"
"Chad",2018,163,4.92713565525251,0.406176422225781,"political_violence"
"Chad",2019,224,6.87416785334027,0.538774721988771,"political_violence"
"Chad",2020,190,5.78195654434577,0.412003865383196,"political_violence"
"Chad",2021,701,20.8140095638922,1.32093746556999,"political_violence"
"Chad",2022,359,10.4319491715501,0.602163356717268,"political_violence"
"Chad",2023,379,10.9784477037611,0.575944956562277,"political_violence"
"Chad",2024,533,15.5868035185344,0.740638507972943,"political_violence"
"Cote d'Ivoire",1990,5,0.207677116998374,0.0199597663303366,"instability_of_regime"
"Cote d'Ivoire",1991,9,0.289192407115098,0.0271028882526392,"instability_of_regime"
"Cote d'Ivoire",1992,2,0.0520055300846233,0.00463089956831782,"instability_of_regime"
"Cote d'Ivoire",1993,14,0.296591565515381,0.024739897354572,"instability_of_regime"
"Cote d'Ivoire",1994,19,0.325415224491708,0.0255293766018477,"instability_of_regime"
"Cote d'Ivoire",1995,66,0.90665642352043,0.0678240084089049,"instability_of_regime"
"Cote d'Ivoire",1996,19,0.207890643608106,0.0151150214559523,"instability_of_regime"
"Cote d'Ivoire",1997,9,0.0788336995411562,0.00559585065955408,"instability_of_regime"
"Cote d'Ivoire",1998,15,0.107131677559701,0.0074402700729864,"instability_of_regime"
"Cote d'Ivoire",1999,22,0.132542553305071,0.00908195296455648,"instability_of_regime"
"Cote d'Ivoire",2000,217,1.14774463770318,0.0789603207889474,"instability_of_regime"
"Cote d'Ivoire",2001,33,0.160438997937282,0.0111070179678988,"instability_of_regime"
"Cote d'Ivoire",2002,177,0.819820027347291,0.0567498359013034,"instability_of_regime"
"Cote d'Ivoire",2003,462,2.11393306044533,0.149834247469432,"instability_of_regime"
"Cote d'Ivoire",2004,95,0.439962086745673,0.0328301064479592,"instability_of_regime"
"Cote d'Ivoire",2005,67,0.317810746595538,0.0251400515530689,"instability_of_regime"
"Cote d'Ivoire",2006,59,0.287050511538731,0.0237340826570952,"instability_of_regime"
"Cote d'Ivoire",2007,44,0.220697834215695,0.0186978397783802,"instability_of_regime"
"Cote d'Ivoire",2008,19,0.097962641375588,0.00824939202460612,"instability_of_regime"
"Cote d'Ivoire",2009,9,0.0470980160417891,0.00386641635869601,"instability_of_regime"
"Cote d'Ivoire",2010,189,0.984895956844548,0.0789439764254866,"instability_of_regime"
"Cote d'Ivoire",2011,172,0.887378088325546,0.0736394828477906,"instability_of_regime"
"Cote d'Ivoire",2012,70,0.358705547084249,0.0341774481580457,"instability_of_regime"
"Cote d'Ivoire",2013,13,0.067099510084351,0.00772650649519667,"instability_of_regime"
"Cote d'Ivoire",2014,7,0.0369121679186309,0.00517762267596777,"instability_of_regime"
"Cote d'Ivoire",2015,2,0.0108943660799311,0.0018146352221623,"instability_of_regime"
"Cote d'Ivoire",2016,39,0.222154928069728,0.0416481427016929,"instability_of_regime"
"Cote d'Ivoire",2017,17,0.101373755279218,0.0204913469709851,"instability_of_regime"
"Cote d'Ivoire",2018,20,0.123583377449305,0.0264214011142987,"instability_of_regime"
"Cote d'Ivoire",2019,9,0.0564595968617381,0.0123780901581047,"instability_of_regime"
"Cote d'Ivoire",2020,126,0.783817429768536,0.173230814896537,"instability_of_regime"
"Cote d'Ivoire",2021,7,0.0424872792384051,0.00956431780517645,"instability_of_regime"
"Cote d'Ivoire",2022,16,0.0950416890004104,0.0213790665049323,"instability_of_regime"
"Cote d'Ivoire",2023,18,0.106585317143178,0.0227446854432727,"instability_of_regime"
"Cote d'Ivoire",2024,5,0.0298897997463421,0.00577796822952005,"instability_of_regime"
"Cote d'Ivoire",1990,62,12.7902242358954,0.247501102496174,"instability_within_regime"
"Cote d'Ivoire",1991,50,7.97961996359255,0.150571601403551,"instability_within_regime"
"Cote d'Ivoire",1992,39,5.03676821764804,0.0903025415821976,"instability_within_regime"
"Cote d'Ivoire",1993,69,7.26018485416424,0.121932351247533,"instability_within_regime"
"Cote d'Ivoire",1994,56,4.76365302310692,0.0752444784054458,"instability_within_regime"
"Cote d'Ivoire",1995,211,14.3962403817764,0.216831299610287,"instability_within_regime"
"Cote d'Ivoire",1996,156,8.47761653337427,0.124102281427819,"instability_within_regime"
"Cote d'Ivoire",1997,55,2.39276427009825,0.0341968651417194,"instability_within_regime"
"Cote d'Ivoire",1998,60,2.12836311538008,0.0297610802919456,"instability_within_regime"
"Cote d'Ivoire",1999,202,6.04438123123512,0.0833888408563822,"instability_within_regime"
"Cote d'Ivoire",2000,596,15.6566782015542,0.216867977835081,"instability_within_regime"
"Cote d'Ivoire",2001,296,7.14752263105008,0.0996265854090313,"instability_within_regime"
"Cote d'Ivoire",2002,902,20.7500726585595,0.289199728717377,"instability_within_regime"
"Cote d'Ivoire",2003,724,16.453399721008,0.234805184346036,"instability_within_regime"
"Cote d'Ivoire",2004,441,10.1437389610982,0.152400809932105,"instability_within_regime"
"Cote d'Ivoire",2005,530,12.4864065896659,0.198869064524277,"instability_within_regime"
"Cote d'Ivoire",2006,272,6.57268841596313,0.109418143775083,"instability_within_regime"
"Cote d'Ivoire",2007,94,2.34175294752424,0.0399453849810849,"instability_within_regime"
"Cote d'Ivoire",2008,107,2.74005001616518,0.0464571024543608,"instability_within_regime"
"Cote d'Ivoire",2009,128,3.32688585558851,0.0549890326570099,"instability_within_regime"
"Cote d'Ivoire",2010,1351,34.9664648279393,0.564303238893293,"instability_within_regime"
"Cote d'Ivoire",2011,2202,56.4241980872372,0.942756635062994,"instability_within_regime"
"Cote d'Ivoire",2012,403,10.2568245337337,0.196764451538463,"instability_within_regime"
"Cote d'Ivoire",2013,165,4.2298772874918,0.0980671978236501,"instability_within_regime"
"Cote d'Ivoire",2014,80,2.0952185330978,0.0591728305824888,"instability_within_regime"
"Cote d'Ivoire",2015,114,3.0842150172435,0.103434207663251,"instability_within_regime"
"Cote d'Ivoire",2016,76,2.15016983123185,0.0811604832135554,"instability_within_regime"
"Cote d'Ivoire",2017,79,2.33976118358779,0.0952244947475192,"instability_within_regime"
"Cote d'Ivoire",2018,42,1.28898297702446,0.0554849423400273,"instability_within_regime"
"Cote d'Ivoire",2019,57,1.77597949079453,0.0783945710013296,"instability_within_regime"
"Cote d'Ivoire",2020,433,13.378274263425,0.595309070239686,"instability_within_regime"
"Cote d'Ivoire",2021,130,3.9189710964917,0.177623044953277,"instability_within_regime"
"Cote d'Ivoire",2022,40,1.1801086166786,0.0534476662623308,"instability_within_regime"
"Cote d'Ivoire",2023,47,1.38226261368138,0.0593889008796566,"instability_within_regime"
"Cote d'Ivoire",2024,22,0.653195988626577,0.0254230602098882,"instability_within_regime"
"Cote d'Ivoire",1990,75,6.28443785511488,0.299396494955049,"mass_civil_protest"
"Cote d'Ivoire",1991,33,2.13916777335139,0.0993772569263439,"mass_civil_protest"
"Cote d'Ivoire",1992,45,2.36057920099364,0.104195240287151,"mass_civil_protest"
"Cote d'Ivoire",1993,39,1.66679388480135,0.0689182854877362,"mass_civil_protest"
"Cote d'Ivoire",1994,31,1.07110609605861,0.0416531934030146,"mass_civil_protest"
"Cote d'Ivoire",1995,62,1.71821310634985,0.0637134624447288,"mass_civil_protest"
"Cote d'Ivoire",1996,17,0.375246625045519,0.0135239665658521,"mass_civil_protest"
"Cote d'Ivoire",1997,28,0.49478207820125,0.0174093131630571,"mass_civil_protest"
"Cote d'Ivoire",1998,29,0.417841118204213,0.014384522141107,"mass_civil_protest"
"Cote d'Ivoire",1999,81,0.984473887724439,0.0334380995513216,"mass_civil_protest"
"Cote d'Ivoire",2000,115,1.22707161393501,0.0418453312936818,"mass_civil_protest"
"Cote d'Ivoire",2001,97,0.951380544396431,0.0326479012995812,"mass_civil_protest"
"Cote d'Ivoire",2002,1339,12.5115859822201,0.429310905490651,"mass_civil_protest"
"Cote d'Ivoire",2003,686,6.33227696034298,0.222481155333399,"mass_civil_protest"
"Cote d'Ivoire",2004,534,4.989068141977,0.184539756244318,"mass_civil_protest"
"Cote d'Ivoire",2005,104,0.995207512822078,0.0390233636047637,"mass_civil_protest"
"Cote d'Ivoire",2006,73,0.716499190914602,0.0293658988808127,"mass_civil_protest"
"Cote d'Ivoire",2007,8,0.080950943052089,0.00339960723243276,"mass_civil_protest"
"Cote d'Ivoire",2008,17,0.176824458853619,0.00738103496938442,"mass_civil_protest"
"Cote d'Ivoire",2009,6,0.0633428915877344,0.00257761090579734,"mass_civil_protest"
"Cote d'Ivoire",2010,178,1.87126408993334,0.0743493534589239,"mass_civil_protest"
"Cote d'Ivoire",2011,187,1.94629376324567,0.0800615307705631,"mass_civil_protest"
"Cote d'Ivoire",2012,29,0.299795135256155,0.0141592285226189,"mass_civil_protest"
"Cote d'Ivoire",2013,18,0.187428242454209,0.01069823976258,"mass_civil_protest"
"Cote d'Ivoire",2014,28,0.29786266776038,0.0207104907038711,"mass_civil_protest"
"Cote d'Ivoire",2015,19,0.208791156869722,0.0172390346105418,"mass_civil_protest"
"Cote d'Ivoire",2016,23,0.26430520226492,0.0245617251830496,"mass_civil_protest"
"Cote d'Ivoire",2017,126,1.51577133291104,0.151877042255537,"mass_civil_protest"
"Cote d'Ivoire",2018,7,0.0872598847530568,0.00924749039000456,"mass_civil_protest"
"Cote d'Ivoire",2019,22,0.27842259370471,0.0302575537198114,"mass_civil_protest"
"Cote d'Ivoire",2020,78,0.978871096102736,0.10723812350738,"mass_civil_protest"
"Cote d'Ivoire",2021,19,0.232648904930649,0.0259602911854789,"mass_civil_protest"
"Cote d'Ivoire",2022,13,0.1557844287006,0.0173704915352575,"mass_civil_protest"
"Cote d'Ivoire",2023,9,0.107511251365464,0.0113723427216364,"mass_civil_protest"
"Cote d'Ivoire",2024,5,0.0602989203376978,0.00577796822952005,"mass_civil_protest"
"Cote d'Ivoire",1990,113,71.3358067415004,0.451090719065608,"political_violence"
"Cote d'Ivoire",1991,153,74.7216234762391,0.460749100294867,"political_violence"
"Cote d'Ivoire",1992,106,41.8924624186886,0.245437677120845,"political_violence"
"Cote d'Ivoire",1993,183,58.9240164562017,0.323385801134762,"political_violence"
"Cote d'Ivoire",1994,122,31.7581056305255,0.163925470811864,"political_violence"
"Cote d'Ivoire",1995,334,69.7357965214022,0.3432305880087,"political_violence"
"Cote d'Ivoire",1996,232,38.5815631592537,0.184562367251628,"political_violence"
"Cote d'Ivoire",1997,100,13.3131213317787,0.0621761184394898,"political_violence"
"Cote d'Ivoire",1998,108,11.723597338761,0.0535699445255021,"political_violence"
"Cote d'Ivoire",1999,411,37.6343972983685,0.169667394019669,"political_violence"
"Cote d'Ivoire",2000,628,50.484222714945,0.228511896108106,"political_violence"
"Cote d'Ivoire",2001,538,39.7547263454428,0.181078050506955,"political_violence"
"Cote d'Ivoire",2002,5949,418.793292923573,1.90737160325906,"political_violence"
"Cote d'Ivoire",2003,4984,346.607360162597,1.61639369997327,"political_violence"
"Cote d'Ivoire",2004,3139,220.949719906318,1.08477583305415,"political_violence"
"Cote d'Ivoire",2005,1806,130.203306585365,0.677655717982724,"political_violence"
"Cote d'Ivoire",2006,734,54.276628792972,0.29526807915776,"political_violence"
"Cote d'Ivoire",2007,316,24.0903421996548,0.134284485681094,"political_violence"
"Cote d'Ivoire",2008,184,14.4190019407845,0.0798888490803961,"political_violence"
"Cote d'Ivoire",2009,210,16.7028234368021,0.0902163817029068,"political_violence"
"Cote d'Ivoire",2010,2329,184.462687045456,0.972806989920414,"political_violence"
"Cote d'Ivoire",2011,4509,353.56639525283,1.9304676055854,"political_violence"
"Cote d'Ivoire",2012,963,75.0026885720658,0.470184036802829,"political_violence"
"Cote d'Ivoire",2013,364,28.5553752915727,0.216342181865507,"political_violence"
"Cote d'Ivoire",2014,172,13.7851168394985,0.127221585752351,"political_violence"
"Cote d'Ivoire",2015,216,17.8828285094752,0.195980603993528,"political_violence"
"Cote d'Ivoire",2016,379,32.8126303709848,0.404734514972862,"political_violence"
"Cote d'Ivoire",2017,516,46.7667087056161,0.62197264923696,"political_violence"
"Cote d'Ivoire",2018,92,8.64029127611689,0.121538445125774,"political_violence"
"Cote d'Ivoire",2019,157,14.9694349542078,0.215928906091381,"political_violence"
"Cote d'Ivoire",2020,809,76.4897752539569,1.11225181945475,"political_violence"
"Cote d'Ivoire",2021,315,29.0590844111551,0.43039430123294,"political_violence"
"Cote d'Ivoire",2022,139,12.5492986525739,0.1857306402616,"political_violence"
"Cote d'Ivoire",2023,77,6.92988605146445,0.0972967099517778,"political_violence"
"Cote d'Ivoire",2024,105,9.54009702984937,0.121337332819921,"political_violence"
"Democratic Republic of the Congo",1990,11,0.507606173420156,0.0482480655277036,"instability_of_regime"
"Democratic Republic of the Congo",1991,133,4.74800957297304,0.321731045800868,"instability_of_regime"
"Democratic Republic of the Congo",1992,71,2.0511312374737,0.117844225756028,"instability_of_regime"
"Democratic Republic of the Congo",1993,63,1.48281468492946,0.075362888037036,"instability_of_regime"
"Democratic Republic of the Congo",1994,162,3.08258349873871,0.141608779190585,"instability_of_regime"
"Democratic Republic of the Congo",1995,36,0.549435702073718,0.0235135372117012,"instability_of_regime"
"Democratic Republic of the Congo",1996,26,0.316060526347092,0.0130634788262256,"instability_of_regime"
"Democratic Republic of the Congo",1997,64,0.622823428035149,0.0260484793022185,"instability_of_regime"
"Democratic Republic of the Congo",1998,26,0.20630775950139,0.00906477073660802,"instability_of_regime"
"Democratic Republic of the Congo",1999,35,0.23426977711016,0.0107518916671931,"instability_of_regime"
"Democratic Republic of the Congo",2000,43,0.252679240226693,0.0118728566469115,"instability_of_regime"
"Democratic Republic of the Congo",2001,266,1.43678969938183,0.068393042563683,"instability_of_regime"
"Democratic Republic of the Congo",2002,278,1.43055849699262,0.0701250403729305,"instability_of_regime"
"Democratic Republic of the Congo",2003,224,1.1387092325132,0.0586950243062019,"instability_of_regime"
"Democratic Republic of the Congo",2004,29,0.149212502473926,0.0082193422455161,"instability_of_regime"
"Democratic Republic of the Congo",2005,94,0.49537855006566,0.0294634003244718,"instability_of_regime"
"Democratic Republic of the Congo",2006,92,0.497289980496356,0.0318075667109188,"instability_of_regime"
"Democratic Republic of the Congo",2007,20,0.111452793604012,0.007611059231912,"instability_of_regime"
"Democratic Republic of the Congo",2008,19,0.108836872802415,0.00791748220762385,"instability_of_regime"
"Democratic Republic of the Congo",2009,11,0.063954094927616,0.00503229818044482,"instability_of_regime"
"Democratic Republic of the Congo",2010,15,0.0868431119636019,0.00737008361989561,"instability_of_regime"
"Democratic Republic of the Congo",2011,30,0.171955898075565,0.0153201278624838,"instability_of_regime"
"Democratic Republic of the Congo",2012,46,0.261886705680125,0.0237585613184393,"instability_of_regime"
"Democratic Republic of the Congo",2013,39,0.223643444325544,0.0202729370989572,"instability_of_regime"
"Democratic Republic of the Congo",2014,17,0.09959464832651,0.00881840658132286,"instability_of_regime"
"Democratic Republic of the Congo",2015,71,0.429680738618749,0.0357943003398894,"instability_of_regime"
"Democratic Republic of the Congo",2016,88,0.556915858685443,0.0422493261442324,"instability_of_regime"
"Democratic Republic of the Congo",2017,46,0.304754420112053,0.0210757923101576,"instability_of_regime"
"Democratic Republic of the Congo",2018,42,0.288333379954359,0.0185380907923933,"instability_of_regime"
"Democratic Republic of the Congo",2019,65,0.453027106307479,0.0281055954533764,"instability_of_regime"
"Democratic Republic of the Congo",2020,17,0.117492152726305,0.00721759415497503,"instability_of_regime"
"Democratic Republic of the Congo",2021,33,0.222530933164967,0.0134593130577931,"instability_of_regime"
"Democratic Republic of the Congo",2022,8,0.0527958417178921,0.00310536270803463,"instability_of_regime"
"Democratic Republic of the Congo",2023,38,0.249990808730605,0.014072599975007,"instability_of_regime"
"Democratic Republic of the Congo",2024,44,0.292227609720801,0.0156074806325463,"instability_of_regime"
"Democratic Republic of the Congo",1990,38,8.78145449621385,0.16667513545934,"instability_within_regime"
"Democratic Republic of the Congo",1991,257,45.9453661406195,0.621690817825738,"instability_within_regime"
"Democratic Republic of the Congo",1992,218,31.5384424898135,0.361831566405833,"instability_within_regime"
"Democratic Republic of the Congo",1993,216,25.4594330711681,0.258387044698409,"instability_within_regime"
"Democratic Republic of the Congo",1994,125,11.9112817133853,0.109266033326069,"instability_within_regime"
"Democratic Republic of the Congo",1995,69,5.27365985341131,0.045067612989094,"instability_within_regime"
"Democratic Republic of the Congo",1996,66,4.0178109227784,0.0331611385588804,"instability_within_regime"
"Democratic Republic of the Congo",1997,197,9.60063240010501,0.0801804753521414,"instability_within_regime"
"Democratic Republic of the Congo",1998,135,5.36444295857822,0.0470670788246955,"instability_within_regime"
"Democratic Republic of the Congo",1999,225,7.54187598198255,0.0691193035748125,"instability_within_regime"
"Democratic Republic of the Congo",2000,532,15.6552997562213,0.14689208688737,"instability_within_regime"
"Democratic Republic of the Congo",2001,880,23.8036134906176,0.226262697203162,"instability_within_regime"
"Democratic Republic of the Congo",2002,1670,43.0354100126614,0.421254738930913,"instability_within_regime"
"Democratic Republic of the Congo",2003,644,16.3945439153713,0.168748194880331,"instability_within_regime"
"Democratic Republic of the Congo",2004,153,3.94227844548177,0.0433641159849643,"instability_within_regime"
"Democratic Republic of the Congo",2005,305,8.04929477222796,0.0955993308400413,"instability_within_regime"
"Democratic Republic of the Congo",2006,860,23.2792498481439,0.297331601862936,"instability_within_regime"
"Democratic Republic of the Congo",2007,172,4.79996486539387,0.0654551093944432,"instability_within_regime"
"Democratic Republic of the Congo",2008,98,2.81123517370002,0.0408375398077441,"instability_within_regime"
"Democratic Republic of the Congo",2009,71,2.06720082335971,0.0324811973465075,"instability_within_regime"
"Democratic Republic of the Congo",2010,79,2.29044495171144,0.0388157737314502,"instability_within_regime"
"Democratic Republic of the Congo",2011,510,14.6391090709196,0.260442173662224,"instability_within_regime"
"Democratic Republic of the Congo",2012,263,7.49825175679151,0.135836991885859,"instability_within_regime"
"Democratic Republic of the Congo",2013,135,3.87680522550021,0.0701755514963904,"instability_within_regime"
"Democratic Republic of the Congo",2014,105,3.08052706394288,0.0544666288846412,"instability_within_regime"
"Democratic Republic of the Congo",2015,321,9.72839549864673,0.161830569142317,"instability_within_regime"
"Democratic Republic of the Congo",2016,684,21.6776231979368,0.328392489575625,"instability_within_regime"
"Democratic Republic of the Congo",2017,371,12.308772356025,0.169980846675402,"instability_within_regime"
"Democratic Republic of the Congo",2018,666,22.8964688877149,0.293961153993666,"instability_within_regime"
"Democratic Republic of the Congo",2019,484,16.8929245275152,0.209278587683602,"instability_within_regime"
"Democratic Republic of the Congo",2020,129,4.46476184967345,0.0547688027053987,"instability_within_regime"
"Democratic Republic of the Congo",2021,158,5.33558674155632,0.0644415594888274,"instability_within_regime"
"Democratic Republic of the Congo",2022,114,3.76758649103606,0.0442514185894935,"instability_within_regime"
"Democratic Republic of the Congo",2023,390,12.8485376193253,0.144429315532967,"instability_within_regime"
"Democratic Republic of the Congo",2024,188,6.25280762137609,0.0666865081572433,"instability_within_regime"
"Democratic Republic of the Congo",1990,13,0.726288573935142,0.0570204410781952,"mass_civil_protest"
"Democratic Republic of the Congo",1991,132,5.70512974577064,0.319312015381313,"mass_civil_protest"
"Democratic Republic of the Congo",1992,102,3.56752414557823,0.169297338410068,"mass_civil_protest"
"Democratic Republic of the Congo",1993,90,2.5646050185543,0.107661268624337,"mass_civil_protest"
"Democratic Republic of the Congo",1994,39,0.898454506088122,0.0340910023977334,"mass_civil_protest"
"Democratic Republic of the Congo",1995,20,0.369552394458792,0.0130630762287229,"mass_civil_protest"
"Democratic Republic of the Congo",1996,23,0.338498225612761,0.0115561543462765,"mass_civil_protest"
"Democratic Republic of the Congo",1997,59,0.695134154689561,0.0240134418567327,"mass_civil_protest"
"Democratic Republic of the Congo",1998,46,0.441907829038249,0.0160376713032296,"mass_civil_protest"
"Democratic Republic of the Congo",1999,13,0.105347254492717,0.00399355976210028,"mass_civil_protest"
"Democratic Republic of the Congo",2000,80,0.569144761895051,0.0220890356221609,"mass_civil_protest"
"Democratic Republic of the Congo",2001,81,0.529697883282842,0.0208264528107456,"mass_civil_protest"
"Democratic Republic of the Congo",2002,286,1.78179816721755,0.0721430271462522,"mass_civil_protest"
"Democratic Republic of the Congo",2003,53,0.326191276692155,0.013887662001021,"mass_civil_protest"
"Democratic Republic of the Congo",2004,20,0.124585890648262,0.00566851189345938,"mass_civil_protest"
"Democratic Republic of the Congo",2005,63,0.401958801777727,0.0197467470259758,"mass_civil_protest"
"Democratic Republic of the Congo",2006,111,0.726401128019167,0.038376520705565,"mass_civil_protest"
"Democratic Republic of the Congo",2007,19,0.128187658117143,0.0072305062703164,"mass_civil_protest"
"Democratic Republic of the Congo",2008,20,0.138702439297787,0.00833419179749879,"mass_civil_protest"
"Democratic Republic of the Congo",2009,14,0.0985451732045542,0.00640474313874796,"mass_civil_protest"
"Democratic Republic of the Congo",2010,18,0.126167725304548,0.00884410034387473,"mass_civil_protest"
"Democratic Republic of the Congo",2011,94,0.652311935505943,0.0480030673024491,"mass_civil_protest"
"Democratic Republic of the Congo",2012,174,1.19932398367307,0.0898693406393138,"mass_civil_protest"
"Democratic Republic of the Congo",2013,85,0.59012245476063,0.0441846064977273,"mass_civil_protest"
"Democratic Republic of the Congo",2014,25,0.177320415039341,0.0129682449725336,"mass_civil_protest"
"Democratic Republic of the Congo",2015,108,0.791303236630053,0.0544476681226487,"mass_civil_protest"
"Democratic Republic of the Congo",2016,262,2.0074274273209,0.125787766474874,"mass_civil_protest"
"Democratic Republic of the Congo",2017,131,1.05073966418285,0.0600201911441446,"mass_civil_protest"
"Democratic Republic of the Congo",2018,173,1.43788245705985,0.0763592787400964,"mass_civil_protest"
"Democratic Republic of the Congo",2019,99,0.835367693528139,0.0428069838443732,"mass_civil_protest"
"Democratic Republic of the Congo",2020,32,0.267757452566637,0.0135860595858353,"mass_civil_protest"
"Democratic Republic of the Congo",2021,66,0.538830330782592,0.0269186261155861,"mass_civil_protest"
"Democratic Republic of the Congo",2022,77,0.615222352129557,0.0298891160648333,"mass_civil_protest"
"Democratic Republic of the Congo",2023,115,0.915946135536633,0.0425881315033107,"mass_civil_protest"
"Democratic Republic of the Congo",2024,44,0.353795981012977,0.0156074806325463,"mass_civil_protest"
"Democratic Republic of the Congo",1990,110,106.083516060253,0.482480655277036,"political_violence"
"Democratic Republic of the Congo",1991,534,398.402644381314,1.29176224404258,"political_violence"
"Democratic Republic of the Congo",1992,293,176.898329084087,0.486314903472059,"political_violence"
"Democratic Republic of the Congo",1993,483,237.58251210212,0.577782141617276,"political_violence"
"Democratic Republic of the Congo",1994,990,393.691501339181,0.865386983942464,"political_violence"
"Democratic Republic of the Congo",1995,453,144.488601609135,0.295878676580574,"political_violence"
"Democratic Republic of the Congo",1996,699,177.580427513877,0.351206603828142,"political_violence"
"Democratic Republic of the Congo",1997,1242,252.596642021774,0.505503301458678,"political_violence"
"Democratic Republic of the Congo",1998,1005,166.659197718734,0.350388253472733,"political_violence"
"Democratic Republic of the Congo",1999,805,112.606928002099,0.24729350834544,"political_violence"
"Democratic Republic of the Congo",2000,2869,352.332467568962,0.792168039999744,"political_violence"
"Democratic Republic of the Congo",2001,3788,427.604778572667,0.973958064779064,"political_violence"
"Democratic Republic of the Congo",2002,4582,492.761672473093,1.15580192442003,"political_violence"
"Democratic Republic of the Congo",2003,3366,357.602005367703,0.881997552744088,"political_violence"
"Democratic Republic of the Congo",2004,986,106.024233523726,0.279457636347547,"political_violence"
"Democratic Republic of the Congo",2005,1457,160.46854183718,0.456682705029312,"political_violence"
"Democratic Republic of the Congo",2006,1562,176.45091779924,0.540037165244078,"political_violence"
"Democratic Republic of the Congo",2007,730,85.0168155228425,0.277803661964788,"political_violence"
"Democratic Republic of the Congo",2008,1010,120.910728537836,0.420876685773689,"political_violence"
"Democratic Republic of the Congo",2009,858,104.251897968753,0.392519258074696,"political_violence"
"Democratic Republic of the Congo",2010,1036,125.350157639773,0.50902710868079,"political_violence"
"Democratic Republic of the Congo",2011,921,110.325641800992,0.470327925378252,"political_violence"
"Democratic Republic of the Congo",2012,2170,258.188185378842,1.1207843056742,"political_violence"
"Democratic Republic of the Congo",2013,2117,253.707574620653,1.1004566112434,"political_violence"
"Democratic Republic of the Congo",2014,976,119.497249498337,0.506280283727712,"political_violence"
"Democratic Republic of the Congo",2015,1069,135.202976525923,0.53893108539918,"political_violence"
"Democratic Republic of the Congo",2016,1596,211.086670743892,0.766249142343124,"political_violence"
"Democratic Republic of the Congo",2017,1510,209.069239411173,0.691835791050826,"political_violence"
"Democratic Republic of the Congo",2018,1627,233.42867017828,0.71813032664819,"political_violence"
"Democratic Republic of the Congo",2019,1234,179.740937143391,0.533573919837945,"political_violence"
"Democratic Republic of the Congo",2020,747,107.895057793883,0.317149578456844,"political_violence"
"Democratic Republic of the Congo",2021,1235,174.046148534703,0.503704594738619,"political_violence"
"Democratic Republic of the Congo",2022,1317,181.64210097222,0.511220335810201,"political_violence"
"Democratic Republic of the Congo",2023,1561,214.617117868689,0.578087593710157,"political_violence"
"Democratic Republic of the Congo",2024,1171,162.534842499249,0.415371814107084,"political_violence"
"Equatorial Guinea",1993,10,0.0138525142693073,0.454156344401816,"instability_of_regime"
"Equatorial Guinea",1994,1,0.00111990739397412,0.040500944271965,"instability_of_regime"
"Equatorial Guinea",1995,0,0,0,"instability_of_regime"
"Equatorial Guinea",1996,0,0,0,"instability_of_regime"
"Equatorial Guinea",1997,1,0.000572752830144988,0.0195068829879911,"instability_of_regime"
"Equatorial Guinea",1998,1,0.000467008184654319,0.0132897191215828,"instability_of_regime"
"Equatorial Guinea",1999,0,0,0,"instability_of_regime"
"Equatorial Guinea",2000,1,0.000345846499293843,0.00642199584079535,"instability_of_regime"
"Equatorial Guinea",2001,5,0.00158951214568917,0.0236037447200906,"instability_of_regime"
"Equatorial Guinea",2002,0,0,0,"instability_of_regime"
"Equatorial Guinea",2003,2,0.000598380037264158,0.00591449456950264,"instability_of_regime"
"Equatorial Guinea",2004,8,0.00242258754689491,0.0209352816123225,"instability_of_regime"
"Equatorial Guinea",2005,2,0.000620328332045058,0.00536431653285051,"instability_of_regime"
"Equatorial Guinea",2006,5,0.00159064829144598,0.0147412678749284,"instability_of_regime"
"Equatorial Guinea",2007,1,0.000327976887655091,0.00326994665487932,"instability_of_regime"
"Equatorial Guinea",2008,6,0.00202281414302825,0.0210049964471017,"instability_of_regime"
"Equatorial Guinea",2009,3,0.00102654786490386,0.0107947544231588,"instability_of_regime"
"Equatorial Guinea",2010,0,0,0,"instability_of_regime"
"Equatorial Guinea",2011,42,0.0141686146784609,0.143370774165581,"instability_of_regime"
"Equatorial Guinea",2012,9,0.00301564633555696,0.0301491340303241,"instability_of_regime"
"Equatorial Guinea",2013,2,0.000675000101445419,0.00688181568045935,"instability_of_regime"
"Equatorial Guinea",2014,3,0.00103440500456993,0.0106143270200001,"instability_of_regime"
"Equatorial Guinea",2015,1,0.000356180233650755,0.00368219873983976,"instability_of_regime"
"Equatorial Guinea",2016,6,0.00223480914831059,0.0249801686043127,"instability_of_regime"
"Equatorial Guinea",2017,3,0.00116975716384554,0.0145794076264996,"instability_of_regime"
"Equatorial Guinea",2018,1,0.000404043300291975,0.00569842532141396,"instability_of_regime"
"Equatorial Guinea",2019,0,0,0,"instability_of_regime"
"Equatorial Guinea",2020,4,0.00162705490465508,0.0290758613822194,"instability_of_regime"
"Equatorial Guinea",2021,2,0.000793759108950152,0.0151666598414555,"instability_of_regime"
"Equatorial Guinea",2022,0,0,0,"instability_of_regime"
"Equatorial Guinea",2023,1,0.000387188742891522,0.00792561495679842,"instability_of_regime"
"Equatorial Guinea",1990,1,0.0131502112693951,0.104806040283546,"instability_within_regime"
"Equatorial Guinea",1991,1,0.0101732206707156,0.0717496909056493,"instability_within_regime"
"Equatorial Guinea",1992,3,0.0246976069513848,0.165024614340203,"instability_within_regime"
"Equatorial Guinea",1993,35,0.234753941817194,1.58954720540636,"instability_within_regime"
"Equatorial Guinea",1994,5,0.0271124247188783,0.202504721359825,"instability_within_regime"
"Equatorial Guinea",1995,14,0.060889292980078,0.485651885541466,"instability_within_regime"
"Equatorial Guinea",1996,21,0.0727469392995647,0.570784801323093,"instability_within_regime"
"Equatorial Guinea",1997,2,0.00554642931134689,0.0390137659759822,"instability_within_regime"
"Equatorial Guinea",1998,7,0.0158284640718837,0.0930280338510797,"instability_within_regime"
"Equatorial Guinea",1999,13,0.0247964832964558,0.118491004646646,"instability_within_regime"
"Equatorial Guinea",2000,8,0.0133964464945516,0.0513759667263628,"instability_within_regime"
"Equatorial Guinea",2001,17,0.0261673058528807,0.080252732048308,"instability_within_regime"
"Equatorial Guinea",2002,40,0.0586569310407066,0.145049225069113,"instability_within_regime"
"Equatorial Guinea",2003,18,0.0260756923667227,0.0532304511255238,"instability_within_regime"
"Equatorial Guinea",2004,47,0.0689133868042197,0.122994779472395,"instability_within_regime"
"Equatorial Guinea",2005,9,0.0135160681719303,0.0241394243978273,"instability_within_regime"
"Equatorial Guinea",2006,9,0.0138631815663624,0.0265342821748711,"instability_within_regime"
"Equatorial Guinea",2007,4,0.00635213141652756,0.0130797866195173,"instability_within_regime"
"Equatorial Guinea",2008,30,0.0489713671578839,0.105024982235509,"instability_within_regime"
"Equatorial Guinea",2009,42,0.0695862579356163,0.151126561924222,"instability_within_regime"
"Equatorial Guinea",2010,10,0.016498430769801,0.0355131081799738,"instability_within_regime"
"Equatorial Guinea",2011,85,0.138839572497734,0.290155138192248,"instability_within_regime"
"Equatorial Guinea",2012,37,0.0600282752263438,0.123946439902444,"instability_within_regime"
"Equatorial Guinea",2013,16,0.0261462896437982,0.0550545254436748,"instability_within_regime"
"Equatorial Guinea",2014,7,0.0116864778738522,0.024766763046667,"instability_within_regime"
"Equatorial Guinea",2015,10,0.0172459076940994,0.0368219873983976,"instability_within_regime"
"Equatorial Guinea",2016,49,0.0883693199667526,0.204004710268554,"instability_within_regime"
"Equatorial Guinea",2017,23,0.0434228713278686,0.11177545846983,"instability_within_regime"
"Equatorial Guinea",2018,32,0.0626028537503817,0.182349610285247,"instability_within_regime"
"Equatorial Guinea",2019,9,0.0178752391608592,0.0593516670108131,"instability_within_regime"
"Equatorial Guinea",2020,2,0.00393902244536495,0.0145379306911097,"instability_within_regime"
"Equatorial Guinea",2021,6,0.0115299180282931,0.0454999795243665,"instability_within_regime"
"Equatorial Guinea",2022,34,0.0639421401865696,0.263656313421362,"instability_within_regime"
"Equatorial Guinea",2023,8,0.014997848143699,0.0634049196543874,"instability_within_regime"
"Equatorial Guinea",2024,2,0.0037852719369885,0.0162253147139138,"instability_within_regime"
"Equatorial Guinea",1993,7,0.00709748960270479,0.317909441081271,"mass_civil_protest"
"Equatorial Guinea",1994,1,0.000819709995311616,0.040500944271965,"mass_civil_protest"
"Equatorial Guinea",1995,1,0.000657468229586717,0.034689420395819,"mass_civil_protest"
"Equatorial Guinea",1996,1,0.000523669532559536,0.027180228634433,"mass_civil_protest"
"Equatorial Guinea",1997,0,0,0,"mass_civil_protest"
"Equatorial Guinea",1998,0,0,0,"mass_civil_protest"
"Equatorial Guinea",1999,1,0.000288342471102862,0.00911469266512659,"mass_civil_protest"
"Equatorial Guinea",2000,1,0.000253140423788688,0.00642199584079535,"mass_civil_protest"
"Equatorial Guinea",2001,3,0.000698060750648494,0.0141622468320544,"mass_civil_protest"
"Equatorial Guinea",2002,0,0,0,"mass_civil_protest"
"Equatorial Guinea",2003,1,0.00021899047197098,0.00295724728475132,"mass_civil_protest"
"Equatorial Guinea",2004,11,0.00243814930717879,0.0287860122169435,"mass_civil_protest"
"Equatorial Guinea",2005,2,0.000454045876371869,0.00536431653285051,"mass_civil_protest"
"Equatorial Guinea",2006,1,0.000232853235997787,0.00294825357498568,"mass_civil_protest"
"Equatorial Guinea",2007,0,0,0,"mass_civil_protest"
"Equatorial Guinea",2008,1,0.000246764595688863,0.00350083274118362,"mass_civil_protest"
"Equatorial Guinea",2009,2,0.000500917337781791,0.0071965029487725,"mass_civil_protest"
"Equatorial Guinea",2010,0,0,0,"mass_civil_protest"
"Equatorial Guinea",2011,24,0.00592607931392767,0.0819261566660464,"mass_civil_protest"
"Equatorial Guinea",2012,6,0.00147152372114678,0.0200994226868827,"mass_civil_protest"
"Equatorial Guinea",2013,4,0.000988125148504822,0.0137636313609187,"mass_civil_protest"
"Equatorial Guinea",2014,0,0,0,"mass_civil_protest"
"Equatorial Guinea",2015,1,0.000260704143241594,0.00368219873983976,"mass_civil_protest"
"Equatorial Guinea",2016,1,0.000272626023416593,0.00416336143405212,"mass_civil_protest"
"Equatorial Guinea",2017,4,0.00114159634323444,0.0194392101686661,"mass_civil_protest"
"Equatorial Guinea",2018,4,0.00118294899585484,0.0227937012856558,"mass_civil_protest"
"Equatorial Guinea",2019,0,0,0,"mass_civil_protest"
"Equatorial Guinea",2020,0,0,0,"mass_civil_protest"
"Equatorial Guinea",2021,6,0.00174296271006971,0.0454999795243665,"mass_civil_protest"
"Equatorial Guinea",2022,2,0.000568591185602118,0.0155091949071389,"mass_civil_protest"
"Equatorial Guinea",1992,1,0.012870942770227,0.0550082047800675,"political_violence"
"Equatorial Guinea",1993,20,0.209725666793446,0.908312688803632,"political_violence"
"Equatorial Guinea",1994,4,0.0339105696456185,0.16200377708786,"political_violence"
"Equatorial Guinea",1995,1,0.00679969816053856,0.034689420395819,"political_violence"
"Equatorial Guinea",1996,7,0.0379114338598449,0.190261600441031,"political_violence"
"Equatorial Guinea",1997,3,0.0130071299918608,0.0585206489639732,"political_violence"
"Equatorial Guinea",1998,9,0.0318170553440512,0.119607472094245,"political_violence"
"Equatorial Guinea",1999,17,0.0506958490102668,0.154949775307152,"political_violence"
"Equatorial Guinea",2000,6,0.0157082431959569,0.0385319750447721,"political_violence"
"Equatorial Guinea",2001,16,0.0385040853263226,0.0755319831042899,"political_violence"
"Equatorial Guinea",2002,20,0.0458528231493144,0.0725246125345564,"political_violence"
"Equatorial Guinea",2003,12,0.027178239965254,0.0354869674170159,"political_violence"
"Equatorial Guinea",2004,170,0.389700889263122,0.444874734261854,"political_violence"
"Equatorial Guinea",2005,63,0.147919405531822,0.168975970784791,"political_violence"
"Equatorial Guinea",2006,22,0.0529809598140847,0.064861578649685,"political_violence"
"Equatorial Guinea",2007,12,0.0297932217007172,0.0392393598585518,"political_violence"
"Equatorial Guinea",2008,22,0.0561462033014424,0.0770183203060397,"political_violence"
"Equatorial Guinea",2009,48,0.124334647863527,0.17271607077054,"political_violence"
"Equatorial Guinea",2010,21,0.0541674851140162,0.0745775271779451,"political_violence"
"Equatorial Guinea",2011,159,0.406039426361106,0.542760787912557,"political_violence"
"Equatorial Guinea",2012,46,0.116677928991178,0.154095573932768,"political_violence"
"Equatorial Guinea",2013,14,0.0357680167391933,0.0481727097632155,"political_violence"
"Equatorial Guinea",2014,25,0.0652532803493113,0.0884527251666678,"political_violence"
"Equatorial Guinea",2015,25,0.0674066594958882,0.092054968495994,"political_violence"
"Equatorial Guinea",2016,29,0.081767396520551,0.120737481587511,"political_violence"
"Equatorial Guinea",2017,19,0.0560816834605517,0.0923362483011641,"political_violence"
"Equatorial Guinea",2018,45,0.137636431964233,0.256429139463628,"political_violence"
"Equatorial Guinea",2019,16,0.0496828011332248,0.10551407468589,"political_violence"
"Equatorial Guinea",2020,7,0.0215542660440604,0.0508827574188839,"political_violence"
"Equatorial Guinea",2021,52,0.156226625513628,0.394333155877843,"political_violence"
"Equatorial Guinea",2022,27,0.0793868837694422,0.209374131246376,"political_violence"
"Equatorial Guinea",2023,16,0.0468959876592289,0.126809839308775,"political_violence"
"Equatorial Guinea",2024,13,0.0384668993254777,0.105464545640439,"political_violence"
"Gabon",1990,10,0.0685575038739805,0.0665940957916222,"instability_of_regime"
"Gabon",1991,3,0.0159111652563326,0.0206374862686064,"instability_of_regime"
"Gabon",1992,1,0.0042919621836248,0.0067864118195768,"instability_of_regime"
"Gabon",1993,2,0.00699354077539026,0.0128311511615234,"instability_of_regime"
"Gabon",1994,12,0.0339235948311819,0.0717144167038448,"instability_of_regime"
"Gabon",1995,1,0.00226743665060831,0.00544493222355883,"instability_of_regime"
"Gabon",1996,5,0.00902999899842158,0.0245287825116105,"instability_of_regime"
"Gabon",1997,5,0.00722895893475853,0.0219287019134274,"instability_of_regime"
"Gabon",1998,1,0.0011788620889774,0.00395714874007208,"instability_of_regime"
"Gabon",1999,1,0.000994418068408524,0.00360530240994343,"instability_of_regime"
"Gabon",2000,3,0.00261904613250952,0.0101157392808766,"instability_of_regime"
"Gabon",2001,5,0.0040123828020468,0.0165160970196568,"instability_of_regime"
"Gabon",2002,8,0.00611605805363465,0.0272064825159704,"instability_of_regime"
"Gabon",2003,6,0.004531446539339,0.0212458605416782,"instability_of_regime"
"Gabon",2004,4,0.00305765156811665,0.0143567827947418,"instability_of_regime"
"Gabon",2005,6,0.00469765784024407,0.0209480676303439,"instability_of_regime"
"Gabon",2006,2,0.00160610030342003,0.00648236150749116,"instability_of_regime"
"Gabon",2007,7,0.00579535160486546,0.0201561731104638,"instability_of_regime"
"Gabon",2008,2,0.00170205361463377,0.00502766657693855,"instability_of_regime"
"Gabon",2009,22,0.0190028674763203,0.0498828578805977,"instability_of_regime"
"Gabon",2010,4,0.00344052641662923,0.00893688736831769,"instability_of_regime"
"Gabon",2011,3,0.00255468797314697,0.00684717614921648,"instability_of_regime"
"Gabon",2012,14,0.011841437944287,0.0330559433760292,"instability_of_regime"
"Gabon",2013,26,0.022150610471861,0.0646505003232924,"instability_of_regime"
"Gabon",2014,2,0.00174075585054768,0.00512144695159048,"instability_of_regime"
"Gabon",2015,1,0.000899100675515549,0.00251301178372564,"instability_of_regime"
"Gabon",2016,25,0.023505403363481,0.0611843196675694,"instability_of_regime"
"Gabon",2017,1,0.000984267099292886,0.00252438818697506,"instability_of_regime"
"Gabon",2018,9,0.00917928657791896,0.0249532389703771,"instability_of_regime"
"Gabon",2019,28,0.0289927659560277,0.0864602651943837,"instability_of_regime"
"Gabon",2020,4,0.00410715145217931,0.0134219860816492,"instability_of_regime"
"Gabon",2021,1,0.00100183738965351,0.00339947677970573,"instability_of_regime"
"Gabon",2022,2,0.00196092287874882,0.00648178446478595,"instability_of_regime"
"Gabon",2023,85,0.0830768760551315,0.259019987986079,"instability_of_regime"
"Gabon",2024,31,0.0305879977713049,0.0936908419523268,"instability_of_regime"
"Gabon",1990,74,3.03801954009049,0.492796308858004,"instability_within_regime"
"Gabon",1991,4,0.127041194717229,0.0275166483581419,"instability_within_regime"
"Gabon",1992,4,0.102806298854545,0.0271456472783072,"instability_within_regime"
"Gabon",1993,58,1.21450401676017,0.37210338368418,"instability_within_regime"
"Gabon",1994,30,0.507862004490208,0.179286041759612,"instability_within_regime"
"Gabon",1995,6,0.0814686010604528,0.032669593341353,"instability_within_regime"
"Gabon",1996,37,0.400150411756955,0.181512990585918,"instability_within_regime"
"Gabon",1997,9,0.0779205678862393,0.0394716634441694,"instability_within_regime"
"Gabon",1998,7,0.0494156927122224,0.0277000411805045,"instability_within_regime"
"Gabon",1999,8,0.047639022318144,0.0288424192795474,"instability_within_regime"
"Gabon",2000,24,0.125469157412386,0.0809259142470128,"instability_within_regime"
"Gabon",2001,82,0.394048841078674,0.270863991122371,"instability_within_regime"
"Gabon",2002,35,0.160233567720955,0.11902836100737,"instability_within_regime"
"Gabon",2003,17,0.0768844262736972,0.0601966048680883,"instability_within_regime"
"Gabon",2004,13,0.0595079790566796,0.046659544082911,"instability_within_regime"
"Gabon",2005,75,0.351637545936399,0.261850845379298,"instability_within_regime"
"Gabon",2006,36,0.173120706389696,0.116682507134841,"instability_within_regime"
"Gabon",2007,14,0.0694086554781548,0.0403123462209275,"instability_within_regime"
"Gabon",2008,13,0.0662506950818852,0.0326798327501006,"instability_within_regime"
"Gabon",2009,282,1.45864434752846,0.639407541924025,"instability_within_regime"
"Gabon",2010,29,0.149371158579272,0.0647924334203032,"instability_within_regime"
"Gabon",2011,66,0.336561465842427,0.150637875282763,"instability_within_regime"
"Gabon",2012,51,0.258315478363594,0.120418079441249,"instability_within_regime"
"Gabon",2013,59,0.301001188094457,0.146706904579779,"instability_within_regime"
"Gabon",2014,6,0.0312725261572074,0.0153643408547714,"instability_within_regime"
"Gabon",2015,38,0.204595353717316,0.0954944477815744,"instability_within_regime"
"Gabon",2016,376,2.11699284786454,0.920212167800243,"instability_within_regime"
"Gabon",2017,20,0.117881813997183,0.0504877637395012,"instability_within_regime"
"Gabon",2018,69,0.421424088661106,0.191308165439558,"instability_within_regime"
"Gabon",2019,69,0.427843122679426,0.213062796371874,"instability_within_regime"
"Gabon",2020,20,0.12297435926993,0.0671099304082459,"instability_within_regime"
"Gabon",2021,19,0.113986831889466,0.0645900588144089,"instability_within_regime"
"Gabon",2022,23,0.135039928772784,0.0745405213450385,"instability_within_regime"
"Gabon",2023,331,1.93728301875683,1.00865430615756,"instability_within_regime"
"Gabon",2024,44,0.259983555477063,0.132980549867819,"instability_within_regime"
"Gabon",1990,45,0.412247095663277,0.2996734310623,"mass_civil_protest"
"Gabon",1991,2,0.014174273922308,0.0137583241790709,"mass_civil_protest"
"Gabon",1992,5,0.028675829209306,0.033932059097884,"mass_civil_protest"
"Gabon",1993,18,0.0841065298514039,0.115480360453711,"mass_civil_protest"
"Gabon",1994,20,0.0755510859544353,0.119524027839741,"mass_civil_protest"
"Gabon",1995,6,0.018179272795228,0.032669593341353,"mass_civil_protest"
"Gabon",1996,2,0.00482656086816218,0.00981151300464421,"mass_civil_protest"
"Gabon",1997,0,0,0,"mass_civil_protest"
"Gabon",1998,4,0.00630105233523594,0.0158285949602883,"mass_civil_protest"
"Gabon",1999,1,0.00132879841304882,0.00360530240994343,"mass_civil_protest"
"Gabon",2000,5,0.00583286589939985,0.0168595654681277,"mass_civil_protest"
"Gabon",2001,9,0.00965083652913363,0.0297289746353822,"mass_civil_protest"
"Gabon",2002,11,0.0112373625130195,0.0374089134594593,"mass_civil_protest"
"Gabon",2003,6,0.00605517856280094,0.0212458605416782,"mass_civil_protest"
"Gabon",2004,7,0.00715016620351255,0.0251243698907982,"mass_civil_protest"
"Gabon",2005,23,0.0240629052430826,0.0803009259163182,"mass_civil_protest"
"Gabon",2006,6,0.00643848981283293,0.0194470845224735,"mass_civil_protest"
"Gabon",2007,0,0,0,"mass_civil_protest"
"Gabon",2008,1,0.00113719079223338,0.00251383328846928,"mass_civil_protest"
"Gabon",2009,71,0.0819492345832224,0.160985586796474,"mass_civil_protest"
"Gabon",2010,3,0.00344807143070079,0.00670266552623827,"mass_civil_protest"
"Gabon",2011,24,0.0273097638298986,0.0547774091937319,"mass_civil_protest"
"Gabon",2012,36,0.0406882491769861,0.0850009972526464,"mass_civil_protest"
"Gabon",2013,5,0.00569209906974837,0.0124327885237101,"mass_civil_protest"
"Gabon",2014,2,0.0023260977301178,0.00512144695159048,"mass_civil_protest"
"Gabon",2015,3,0.00360428955009303,0.00753903535117692,"mass_civil_protest"
"Gabon",2016,65,0.0816640943756964,0.15907923113568,"mass_civil_protest"
"Gabon",2017,3,0.00394570231909517,0.00757316456092518,"mass_civil_protest"
"Gabon",2018,13,0.0177173949185889,0.0360435674016558,"mass_civil_protest"
"Gabon",2019,32,0.044276337650475,0.0988117316507242,"mass_civil_protest"
"Gabon",2020,2,0.00274410557550577,0.00671099304082459,"mass_civil_protest"
"Gabon",2021,7,0.00937098774708067,0.0237963374579401,"mass_civil_protest"
"Gabon",2022,3,0.00393044629643951,0.00972267669717893,"mass_civil_protest"
"Gabon",2023,13,0.0169783185635891,0.0396148216919886,"mass_civil_protest"
"Gabon",2024,4,0.00527399169269434,0.0120891408970744,"mass_civil_protest"
"Gabon",1990,87,4.4419850075823,0.579368633387113,"political_violence"
"Gabon",1991,6,0.236992619344323,0.0412749725372128,"political_violence"
"Gabon",1992,6,0.191782941784077,0.0407184709174608,"political_violence"
"Gabon",1993,68,1.7708381405475,0.436259139491797,"political_violence"
"Gabon",1994,32,0.673710690331542,0.191238444543586,"political_violence"
"Gabon",1995,30,0.50659308325433,0.163347966706765,"political_violence"
"Gabon",1996,46,0.618697510323432,0.225664799106817,"political_violence"
"Gabon",1997,10,0.107673440975614,0.0438574038268549,"political_violence"
"Gabon",1998,8,0.0702353623538116,0.0316571899205766,"political_violence"
"Gabon",1999,16,0.118492763519837,0.0576848385590948,"political_violence"
"Gabon",2000,43,0.27957168760095,0.144992263025898,"political_violence"
"Gabon",2001,174,1.0398829154652,0.574760176284055,"political_violence"
"Gabon",2002,92,0.523808182514578,0.312874548933659,"political_violence"
"Gabon",2003,56,0.314975284015107,0.198294698388997,"political_violence"
"Gabon",2004,41,0.233407441742483,0.147157023646104,"political_violence"
"Gabon",2005,74,0.43148399337891,0.258359500774241,"political_violence"
"Gabon",2006,25,0.149515258509167,0.0810295188436394,"political_violence"
"Gabon",2007,14,0.0863202370619434,0.0403123462209275,"political_violence"
"Gabon",2008,21,0.133096113575901,0.0527904990578548,"political_violence"
"Gabon",2009,250,1.60819721764314,0.566850657734065,"political_violence"
"Gabon",2010,20,0.12811433893501,0.0446844368415885,"political_violence"
"Gabon",2011,47,0.298069339744104,0.107272426337725,"political_violence"
"Gabon",2012,63,0.396843979527618,0.148751745192131,"political_violence"
"Gabon",2013,209,1.32605481536353,0.519690560291081,"political_violence"
"Gabon",2014,29,0.187978727176905,0.074260980798062,"political_violence"
"Gabon",2015,60,0.401756038690895,0.150780707023538,"political_violence"
"Gabon",2016,365,2.55577962150608,0.893291067146513,"political_violence"
"Gabon",2017,46,0.337189186805126,0.116121856600853,"political_violence"
"Gabon",2018,99,0.751976818870046,0.274485628674148,"political_violence"
"Gabon",2019,160,1.23382748354223,0.494058658253621,"political_violence"
"Gabon",2020,35,0.267640362722606,0.11744237821443,"political_violence"
"Gabon",2021,44,0.328286294104357,0.149576978307052,"political_violence"
"Gabon",2022,43,0.313979875151241,0.139358365992898,"political_violence"
"Gabon",2023,204,1.48488984780646,0.621647971166591,"political_violence"
"Gabon",2024,24,0.176361358966641,0.0725348453824466,"political_violence"
"Ghana",1990,1,0.0083792504734865,0.00722208634067476,"instability_of_regime"
"Ghana",1991,15,0.0972348987886994,0.0689836158097969,"instability_of_regime"
"Ghana",1992,21,0.110160362713037,0.0704283652025376,"instability_of_regime"
"Ghana",1993,4,0.0170953218953984,0.0103100603314224,"instability_of_regime"
"Ghana",1994,21,0.0725588000555835,0.042499757540889,"instability_of_regime"
"Ghana",1995,1,0.0027713114618546,0.00163473564311831,"instability_of_regime"
"Ghana",1996,12,0.0264879970620366,0.0161692176424105,"instability_of_regime"
"Ghana",1997,1,0.00176707885071875,0.00113311256399372,"instability_of_regime"
"Ghana",1998,0,0,0,"instability_of_regime"
"Ghana",1999,4,0.00486159944555279,0.00339319313150288,"instability_of_regime"
"Ghana",2000,18,0.0192063383050698,0.0142257066456505,"instability_of_regime"
"Ghana",2001,24,0.0235393124386746,0.0187175879270898,"instability_of_regime"
"Ghana",2002,8,0.00747518206555347,0.00631597251147772,"instability_of_regime"
"Ghana",2003,67,0.0618458536943119,0.0538659435761198,"instability_of_regime"
"Ghana",2004,18,0.0168170836246416,0.014652938457219,"instability_of_regime"
"Ghana",2005,4,0.00382772120316184,0.0031810683025542,"instability_of_regime"
"Ghana",2006,2,0.00196301148195781,0.00150549849608818,"instability_of_regime"
"Ghana",2007,1,0.00101188678815111,0.000722680689284293,"instability_of_regime"
"Ghana",2008,2,0.00208028775121905,0.00140325857777658,"instability_of_regime"
"Ghana",2009,9,0.00950143373816015,0.0062067425403332,"instability_of_regime"
"Ghana",2010,2,0.00210254392127342,0.00134700234778214,"instability_of_regime"
"Ghana",2011,8,0.00832639043099754,0.00534161837535442,"instability_of_regime"
"Ghana",2012,21,0.0217093028978595,0.0140239777241391,"instability_of_regime"
"Ghana",2013,13,0.0135364841772484,0.00883986298487261,"instability_of_regime"
"Ghana",2014,11,0.0117017476620149,0.00770791835732679,"instability_of_regime"
"Ghana",2015,5,0.00549450412815058,0.00366500102489704,"instability_of_regime"
"Ghana",2016,23,0.026430520226492,0.0176868703949787,"instability_of_regime"
"Ghana",2017,23,0.0276688417912334,0.0185268605002944,"instability_of_regime"
"Ghana",2018,7,0.00872598847530568,0.0059099370151671,"instability_of_regime"
"Ghana",2019,1,0.00126555724411232,0.000872419983931767,"instability_of_regime"
"Ghana",2020,30,0.0376488883116437,0.0261143915911001,"instability_of_regime"
"Ghana",2021,21,0.0257138263344402,0.0178197986016054,"instability_of_regime"
"Ghana",2022,9,0.0107850758331185,0.00740661693311394,"instability_of_regime"
"Ghana",2023,7,0.00836198621731389,0.00572121799903068,"instability_of_regime"
"Ghana",2024,4,0.00482391362701583,0.00328235313512324,"instability_of_regime"
"Ghana",1990,6,0.315725346788068,0.0433325180440486,"instability_within_regime"
"Ghana",1991,34,1.38408528180086,0.156362862502206,"instability_within_regime"
"Ghana",1992,67,2.2071603773246,0.224700022312858,"instability_within_regime"
"Ghana",1993,24,0.644141913522787,0.0618603619885346,"instability_within_regime"
"Ghana",1994,72,1.5622708145939,0.145713454425905,"instability_within_regime"
"Ghana",1995,33,0.574317835844867,0.0539462762229041,"instability_within_regime"
"Ghana",1996,37,0.512888101006839,0.0498550877307658,"instability_within_regime"
"Ghana",1997,7,0.077679602588414,0.00793178794795605,"instability_within_regime"
"Ghana",1998,13,0.117627686509807,0.01254418145329,"instability_within_regime"
"Ghana",1999,20,0.152651896466221,0.0169659656575144,"instability_within_regime"
"Ghana",2000,184,1.23294276998255,0.145418334599983,"instability_within_regime"
"Ghana",2001,78,0.480430046034551,0.060832160763042,"instability_within_regime"
"Ghana",2002,38,0.22298128320543,0.0300008694295192,"instability_within_regime"
"Ghana",2003,130,0.753584859429548,0.104516009923814,"instability_within_regime"
"Ghana",2004,125,0.733400526892014,0.101756517064021,"instability_within_regime"
"Ghana",2005,37,0.222348936517401,0.0294248817986263,"instability_within_regime"
"Ghana",2006,22,0.13560276684577,0.0165604834569699,"instability_within_regime"
"Ghana",2007,22,0.139800148362983,0.0158989751642544,"instability_within_regime"
"Ghana",2008,157,1.02552462855401,0.110155798355462,"instability_within_regime"
"Ghana",2009,114,0.755795865535467,0.0786187388442205,"instability_within_regime"
"Ghana",2010,28,0.184852844753106,0.0188580328689499,"instability_within_regime"
"Ghana",2011,81,0.529425468119274,0.0540838860504635,"instability_within_regime"
"Ghana",2012,271,1.75933644895931,0.180976093487699,"instability_within_regime"
"Ghana",2013,110,0.719296983102775,0.0747988406412298,"instability_within_regime"
"Ghana",2014,45,0.300623954453135,0.0315323932799732,"instability_within_regime"
"Ghana",2015,50,0.345049601349169,0.0366500102489704,"instability_within_regime"
"Ghana",2016,213,1.53712966732238,0.163795799744803,"instability_within_regime"
"Ghana",2017,83,0.627038579703034,0.0668578009358451,"instability_within_regime"
"Ghana",2018,38,0.297476879839966,0.0320825152251928,"instability_within_regime"
"Ghana",2019,23,0.182794302902587,0.0200656596304307,"instability_within_regime"
"Ghana",2020,140,1.10334660721922,0.121867160758467,"instability_within_regime"
"Ghana",2021,93,0.715127347219778,0.0789162509499668,"instability_within_regime"
"Ghana",2022,36,0.270916976669244,0.0296264677324557,"instability_within_regime"
"Ghana",2023,47,0.352583748995592,0.038413892279206,"instability_within_regime"
"Ghana",2024,147,1.11329406149805,0.120626477715779,"instability_within_regime"
"Ghana",1990,4,0.0306303701518837,0.028888345362699,"mass_civil_protest"
"Ghana",1991,13,0.0770125211139842,0.0597858003684906,"mass_civil_protest"
"Ghana",1992,12,0.0575273527770061,0.0402447801157358,"mass_civil_protest"
"Ghana",1993,13,0.0507747419453042,0.0335076960771229,"mass_civil_protest"
"Ghana",1994,3,0.00947281668531541,0.00607139393441272,"mass_civil_protest"
"Ghana",1995,2,0.0050652678393706,0.00326947128623661,"mass_civil_protest"
"Ghana",1996,2,0.00403445569286204,0.00269486960706842,"mass_civil_protest"
"Ghana",1997,5,0.0080744512078297,0.00566556281996861,"mass_civil_protest"
"Ghana",1998,5,0.00658370347937672,0.00482468517434231,"mass_civil_protest"
"Ghana",1999,7,0.00777506992667952,0.00593808798013003,"mass_civil_protest"
"Ghana",2000,25,0.0243780609799862,0.0197579258967369,"mass_civil_protest"
"Ghana",2001,9,0.0080670012125362,0.00701909547265869,"mass_civil_protest"
"Ghana",2002,52,0.0444040121262422,0.0410538213246052,"mass_civil_protest"
"Ghana",2003,17,0.0143407474787853,0.0136674782208065,"mass_civil_protest"
"Ghana",2004,4,0.00341527163456304,0.00325620854604866,"mass_civil_protest"
"Ghana",2005,5,0.00437257625480808,0.00397633537819275,"mass_civil_protest"
"Ghana",2006,3,0.00269092243818619,0.00225824774413227,"mass_civil_protest"
"Ghana",2007,1,0.000924738643717045,0.000722680689284293,"mass_civil_protest"
"Ghana",2008,13,0.0123573073834376,0.00912118075554778,"mass_civil_protest"
"Ghana",2009,3,0.00289437614671226,0.00206891418011107,"mass_civil_protest"
"Ghana",2010,10,0.00960731791778047,0.00673501173891069,"mass_civil_protest"
"Ghana",2011,7,0.00665812440564815,0.00467391607843511,"mass_civil_protest"
"Ghana",2012,23,0.0217290880907489,0.0153595946502476,"mass_civil_protest"
"Ghana",2013,8,0.00761271542982539,0.00543991568299853,"mass_civil_protest"
"Ghana",2014,10,0.00972176513025165,0.00700719850666072,"mass_civil_protest"
"Ghana",2015,14,0.0140596210896408,0.0102620028697117,"mass_civil_protest"
"Ghana",2016,13,0.0136523781407072,0.00999692674498798,"mass_civil_protest"
"Ghana",2017,10,0.0109938605827451,0.00805515673925844,"mass_civil_protest"
"Ghana",2018,12,0.0136705164630216,0.0101313205974293,"mass_civil_protest"
"Ghana",2019,11,0.0127221807171291,0.00959661982324944,"mass_civil_protest"
"Ghana",2020,11,0.0126156801184631,0.00957527691673671,"mass_civil_protest"
"Ghana",2021,13,0.0145471475936238,0.0110313038962319,"mass_civil_protest"
"Ghana",2022,22,0.024092976422522,0.0181050636142785,"mass_civil_protest"
"Ghana",2023,8,0.0087335030348979,0.00653853485603506,"mass_civil_protest"
"Ghana",2024,12,0.0132253708530147,0.00984705940536972,"mass_civil_protest"
"Ghana",1990,27,2.01992056150812,0.194996331198219,"political_violence"
"Ghana",1991,51,2.95166072667476,0.234544293753309,"political_violence"
"Ghana",1992,31,1.45188797937988,0.103965681965651,"political_violence"
"Ghana",1993,79,3.01446146158883,0.203623691545593,"political_violence"
"Ghana",1994,242,7.46537308241056,0.489759110709293,"political_violence"
"Ghana",1995,113,2.79594828815185,0.184725127672369,"political_violence"
"Ghana",1996,96,1.89192736910087,0.129353741139284,"political_violence"
"Ghana",1997,18,0.283983944679146,0.020396026151887,"political_violence"
"Ghana",1998,21,0.270145554495137,0.0202636777322377,"political_violence"
"Ghana",1999,43,0.466608871186919,0.0364768261636559,"political_violence"
"Ghana",2000,179,1.70525940527102,0.141466749420636,"political_violence"
"Ghana",2001,86,0.753089055603816,0.0670713567387386,"political_violence"
"Ghana",2002,251,2.09397196370515,0.198163637547613,"political_violence"
"Ghana",2003,374,3.08228463612091,0.300684520857743,"political_violence"
"Ghana",2004,135,1.12610088673138,0.109897038429142,"political_violence"
"Ghana",2005,53,0.452815755442942,0.0421491550088431,"political_violence"
"Ghana",2006,25,0.219077716826153,0.0188187312011022,"political_violence"
"Ghana",2007,35,0.316202517388273,0.0252938241249503,"political_violence"
"Ghana",2008,67,0.622205108212699,0.0470091623555155,"political_violence"
"Ghana",2009,63,0.593816877932287,0.0434471977823324,"political_violence"
"Ghana",2010,59,0.553773852795876,0.0397365692595731,"political_violence"
"Ghana",2011,90,0.836324168051272,0.0600932067227372,"political_violence"
"Ghana",2012,226,2.08593310113322,0.150924712650259,"political_violence"
"Ghana",2013,99,0.920371316893562,0.0673189565771068,"political_violence"
"Ghana",2014,120,1.13973698846385,0.0840863820799286,"political_violence"
"Ghana",2015,87,0.853577788681551,0.0637710178332085,"political_violence"
"Ghana",2016,159,1.6313244784853,0.122270104034853,"political_violence"
"Ghana",2017,134,1.43924024898006,0.107939100306063,"political_violence"
"Ghana",2018,110,1.22426274397898,0.0928704388097686,"political_violence"
"Ghana",2019,51,0.576258472216234,0.0444934191805201,"political_violence"
"Ghana",2020,137,1.53502984142986,0.119255721599357,"political_violence"
"Ghana",2021,138,1.50866165225086,0.117101533667693,"political_violence"
"Ghana",2022,111,1.18759681925066,0.0913482755084052,"political_violence"
"Ghana",2023,109,1.16252756301049,0.0890875374134777,"political_violence"
"Ghana",2024,113,1.21669949708768,0.0927264760672315,"political_violence"
"Guinea-Bissau",1990,2,0.0194045800438635,0.0833102534055712,"instability_of_regime"
"Guinea-Bissau",1991,5,0.0375292591816033,0.184323806818438,"instability_of_regime"
"Guinea-Bissau",1992,0,0,0,"instability_of_regime"
"Guinea-Bissau",1993,0,0,0,"instability_of_regime"
"Guinea-Bissau",1994,5,0.0200036792133188,0.0726183358485385,"instability_of_regime"
"Guinea-Bissau",1995,1,0.00320888695583164,0.00910151650871038,"instability_of_regime"
"Guinea-Bissau",1996,0,0,0,"instability_of_regime"
"Guinea-Bissau",1997,2,0.00409218260166448,0.00778828250292661,"instability_of_regime"
"Guinea-Bissau",1998,15,0.0250249671519764,0.0432379765540102,"instability_of_regime"
"Guinea-Bissau",1999,10,0.0140730510266002,0.0245463305169636,"instability_of_regime"
"Guinea-Bissau",2000,17,0.0210034225909243,0.0390515088492777,"instability_of_regime"
"Guinea-Bissau",2001,17,0.0193063659036498,0.0394645417741977,"instability_of_regime"
"Guinea-Bissau",2002,7,0.00757353972431075,0.0165542245685838,"instability_of_regime"
"Guinea-Bissau",2003,63,0.0673357055933357,0.144583962197512,"instability_of_regime"
"Guinea-Bissau",2004,26,0.0281268182260087,0.0555587427075953,"instability_of_regime"
"Guinea-Bissau",2005,38,0.0421049332347802,0.0741223074546318,"instability_of_regime"
"Guinea-Bissau",2006,6,0.00681888198995872,0.0108911188132322,"instability_of_regime"
"Guinea-Bissau",2007,10,0.0117165838628024,0.0177391046378991,"instability_of_regime"
"Guinea-Bissau",2008,5,0.00602188559563409,0.00941335046666411,"instability_of_regime"
"Guinea-Bissau",2009,18,0.0220033202357393,0.0374628718970538,"instability_of_regime"
"Guinea-Bissau",2010,9,0.0109553604318984,0.021160468001706,"instability_of_regime"
"Guinea-Bissau",2011,2,0.00241027091423613,0.00527287797985563,"instability_of_regime"
"Guinea-Bissau",2012,90,0.107730375282611,0.266682648105242,"instability_of_regime"
"Guinea-Bissau",2013,7,0.00843975126840589,0.0250804329397128,"instability_of_regime"
"Guinea-Bissau",2014,20,0.0246352582358209,0.0898641574444259,"instability_of_regime"
"Guinea-Bissau",2015,28,0.0356275215046395,0.15969910631329,"instability_of_regime"
"Guinea-Bissau",2016,15,0.0199589740840786,0.105975159432307,"instability_of_regime"
"Guinea-Bissau",2017,2,0.0027858788073553,0.016274764994816,"instability_of_regime"
"Guinea-Bissau",2018,2,0.00288679317980038,0.0168195251062539,"instability_of_regime"
"Guinea-Bissau",2019,24,0.0351691697311213,0.192691254955217,"instability_of_regime"
"Guinea-Bissau",2020,7,0.0101718049122686,0.0536091202608514,"instability_of_regime"
"Guinea-Bissau",2021,0,0,0,"instability_of_regime"
"Guinea-Bissau",2022,14,0.0194257506233947,0.100994761349099,"instability_of_regime"
"Guinea-Bissau",2023,13,0.017981413971066,0.0982630687325054,"instability_of_regime"
"Guinea-Bissau",2024,4,0.00558558419970254,0.0330144941906234,"instability_of_regime"
"Guinea-Bissau",1990,5,0.244662086193547,0.208275633513928,"instability_within_regime"
"Guinea-Bissau",1991,23,0.870663305054856,0.847889511364813,"instability_within_regime"
"Guinea-Bissau",1992,10,0.306335663456963,0.315009860904899,"instability_within_regime"
"Guinea-Bissau",1993,16,0.399327088484857,0.364050448308933,"instability_within_regime"
"Guinea-Bissau",1994,53,1.06939503754739,0.769754359994508,"instability_within_regime"
"Guinea-Bissau",1995,2,0.0323673266908472,0.0182030330174208,"instability_within_regime"
"Guinea-Bissau",1996,0,0,0,"instability_within_regime"
"Guinea-Bissau",1997,4,0.0412769327713347,0.0155765650058532,"instability_within_regime"
"Guinea-Bissau",1998,79,0.664709316889806,0.227720009851121,"instability_within_regime"
"Guinea-Bissau",1999,101,0.716856213460544,0.247917938221332,"instability_within_regime"
"Guinea-Bissau",2000,128,0.797578680321963,0.294034890159267,"instability_within_regime"
"Guinea-Bissau",2001,51,0.292108507257081,0.118393625322593,"instability_within_regime"
"Guinea-Bissau",2002,37,0.20189474240867,0.0875009012910857,"instability_within_regime"
"Guinea-Bissau",2003,190,1.02419083356727,0.43604687011948,"instability_within_regime"
"Guinea-Bissau",2004,125,0.681992642340346,0.267109339940362,"instability_within_regime"
"Guinea-Bissau",2005,255,1.4249905511448,0.497399694761345,"instability_within_regime"
"Guinea-Bissau",2006,65,0.372561264096695,0.117987120476683,"instability_within_regime"
"Guinea-Bissau",2007,67,0.395911599382177,0.118852001073924,"instability_within_regime"
"Guinea-Bissau",2008,79,0.479857188585324,0.148730937373293,"instability_within_regime"
"Guinea-Bissau",2009,145,0.893935397249627,0.301784245837378,"instability_within_regime"
"Guinea-Bissau",2010,44,0.270121563780443,0.103451176897229,"instability_within_regime"
"Guinea-Bissau",2011,29,0.176261020400683,0.0764567307079067,"instability_within_regime"
"Guinea-Bissau",2012,382,2.30611756650078,1.13191968418003,"instability_within_regime"
"Guinea-Bissau",2013,44,0.2675510759244,0.157648435621052,"instability_within_regime"
"Guinea-Bissau",2014,83,0.515617481854549,0.372936253394368,"instability_within_regime"
"Guinea-Bissau",2015,44,0.28235967530138,0.250955738492313,"instability_within_regime"
"Guinea-Bissau",2016,27,0.181189546137654,0.190755286978153,"instability_within_regime"
"Guinea-Bissau",2017,5,0.0351256723592681,0.0406869124870399,"instability_within_regime"
"Guinea-Bissau",2018,20,0.145592193220924,0.168195251062538,"instability_within_regime"
"Guinea-Bissau",2019,112,0.827734990627643,0.899225856457681,"instability_within_regime"
"Guinea-Bissau",2020,65,0.476360515467859,0.497798973850763,"instability_within_regime"
"Guinea-Bissau",2021,5,0.0357527056746232,0.0369323665794384,"instability_within_regime"
"Guinea-Bissau",2022,84,0.587829635599667,0.605968568094594,"instability_within_regime"
"Guinea-Bissau",2023,51,0.355773077983467,0.385493577335214,"instability_within_regime"
"Guinea-Bissau",2024,11,0.0774682444970108,0.0907898590242143,"instability_within_regime"
"Guinea-Bissau",1991,3,0.0170975240693048,0.110594284091063,"mass_civil_protest"
"Guinea-Bissau",1992,3,0.0138359307235273,0.0945029582714696,"mass_civil_protest"
"Guinea-Bissau",1993,4,0.0150299779821984,0.0910126120772332,"mass_civil_protest"
"Guinea-Bissau",1994,0,0,0,"mass_civil_protest"
"Guinea-Bissau",1995,3,0.00730949972893467,0.0273045495261311,"mass_civil_protest"
"Guinea-Bissau",1996,0,0,0,"mass_civil_protest"
"Guinea-Bissau",1997,0,0,0,"mass_civil_protest"
"Guinea-Bissau",1998,26,0.0329357522227459,0.0749458260269511,"mass_civil_protest"
"Guinea-Bissau",1999,22,0.023508392055798,0.0540019271373198,"mass_civil_protest"
"Guinea-Bissau",2000,30,0.0281432588800365,0.0689144273810783,"mass_civil_protest"
"Guinea-Bissau",2001,22,0.0189708274588002,0.0510717599430793,"mass_civil_protest"
"Guinea-Bissau",2002,3,0.00246452997227054,0.0070946676722502,"mass_civil_protest"
"Guinea-Bissau",2003,22,0.0178541643618693,0.0504896375927818,"mass_civil_protest"
"Guinea-Bissau",2004,21,0.0172495803925002,0.0448743691099808,"mass_civil_protest"
"Guinea-Bissau",2005,57,0.0479552571191583,0.111183461181948,"mass_civil_protest"
"Guinea-Bissau",2006,6,0.00517756018865667,0.0108911188132322,"mass_civil_protest"
"Guinea-Bissau",2007,11,0.00978601038540878,0.019513015101689,"mass_civil_protest"
"Guinea-Bissau",2008,4,0.00365792224197608,0.00753068037333129,"mass_civil_protest"
"Guinea-Bissau",2009,8,0.00742536288947125,0.0166501652875795,"mass_civil_protest"
"Guinea-Bissau",2010,11,0.0101669064614208,0.0258627942243073,"mass_civil_protest"
"Guinea-Bissau",2011,5,0.00457528182325298,0.0131821949496391,"mass_civil_protest"
"Guinea-Bissau",2012,49,0.0445352326194127,0.145193886190632,"mass_civil_protest"
"Guinea-Bissau",2013,5,0.00457734443792675,0.0179145949569377,"mass_civil_protest"
"Guinea-Bissau",2014,3,0.00280582357489593,0.0134796236166639,"mass_civil_protest"
"Guinea-Bissau",2015,4,0.00386455553511069,0.0228141580447557,"mass_civil_protest"
"Guinea-Bissau",2016,2,0.00202063993826416,0.014130021257641,"mass_civil_protest"
"Guinea-Bissau",2017,4,0.00423062174257469,0.0325495299896319,"mass_civil_protest"
"Guinea-Bissau",2018,2,0.00219193490408396,0.0168195251062539,"mass_civil_protest"
"Guinea-Bissau",2019,13,0.0144645926644656,0.104374429767409,"mass_civil_protest"
"Guinea-Bissau",2020,1,0.00110334660721922,0.0076584457515502,"mass_civil_protest"
"Guinea-Bissau",2021,0,0,0,"mass_civil_protest"
"Guinea-Bissau",2022,8,0.00842852816304316,0.0577112921994851,"mass_civil_protest"
"Guinea-Bissau",2023,3,0.00315074839527976,0.0226760927844243,"mass_civil_protest"
"Guinea-Bissau",2024,2,0.00212056011713913,0.0165072470953117,"mass_civil_protest"
"Guinea-Bissau",1990,3,0.324565656498134,0.124965380108357,"political_violence"
"Guinea-Bissau",1991,29,2.42719708359102,1.06907807954694,"political_violence"
"Guinea-Bissau",1992,9,0.609571576447975,0.283508874814409,"political_violence"
"Guinea-Bissau",1993,11,0.60699639650964,0.250284683212391,"political_violence"
"Guinea-Bissau",1994,44,1.96290648571421,0.639041355467139,"political_violence"
"Guinea-Bissau",1995,19,0.679853089074057,0.172928813665497,"political_violence"
"Guinea-Bissau",1996,1,0.028499944207299,0.00578911898657421,"political_violence"
"Guinea-Bissau",1997,15,0.342234134832384,0.0584121187719496,"political_violence"
"Guinea-Bissau",1998,393,7.31108551703199,1.13283498571507,"political_violence"
"Guinea-Bissau",1999,267,4.18992819344624,0.655387024802927,"political_violence"
"Guinea-Bissau",2000,703,9.68508709545728,1.6148947482966,"political_violence"
"Guinea-Bissau",2001,459,5.81261225849988,1.06554262790334,"political_violence"
"Guinea-Bissau",2002,97,1.17025271769014,0.22939425473609,"political_violence"
"Guinea-Bissau",2003,246,2.93188566048338,0.564565947628379,"political_violence"
"Guinea-Bissau",2004,161,1.9421384704775,0.344036829843186,"political_violence"
"Guinea-Bissau",2005,335,4.13905550042499,0.653446657823728,"political_violence"
"Guinea-Bissau",2006,166,2.10366735969972,0.301320953832759,"political_violence"
"Guinea-Bissau",2007,186,2.43008243347174,0.329947346264924,"political_violence"
"Guinea-Bissau",2008,152,2.04132963515077,0.286165854186589,"political_violence"
"Guinea-Bissau",2009,413,5.62953887465263,0.859564782971289,"political_violence"
"Guinea-Bissau",2010,159,2.15818337004176,0.373834934696806,"political_violence"
"Guinea-Bissau",2011,78,1.04818399347348,0.20564224121437,"political_violence"
"Guinea-Bissau",2012,590,7.8750755942642,1.74825291535659,"political_violence"
"Guinea-Bissau",2013,81,1.08898947616367,0.290216438302391,"political_violence"
"Guinea-Bissau",2014,94,1.29110639852068,0.422361539988802,"political_violence"
"Guinea-Bissau",2015,93,1.31952488349544,0.53042917454057,"political_violence"
"Guinea-Bissau",2016,58,0.860561683421873,0.409770616471589,"political_violence"
"Guinea-Bissau",2017,14,0.217453957568339,0.113923354963712,"political_violence"
"Guinea-Bissau",2018,20,0.321901297342616,0.168195251062538,"political_violence"
"Guinea-Bissau",2019,109,1.78108410685571,0.875139449588279,"political_violence"
"Guinea-Bissau",2020,36,0.583323589142414,0.275704047055807,"political_violence"
"Guinea-Bissau",2021,12,0.189716364630176,0.0886376797906521,"political_violence"
"Guinea-Bissau",2022,257,3.97639897600598,1.85397526190846,"political_violence"
"Guinea-Bissau",2023,67,1.03338545939661,0.506432738852143,"political_violence"
"Guinea-Bissau",2024,20,0.311419400059861,0.165072470953117,"political_violence"
"Mali",1991,13,0.250284764106966,0.127037196195959,"instability_of_regime"
"Mali",1992,3,0.0467398668139326,0.0281241370346447,"instability_of_regime"
"Mali",1993,4,0.0507735390659138,0.0355604522609961,"instability_of_regime"
"Mali",1994,1,0.010261974958607,0.00786591657663517,"instability_of_regime"
"Mali",1995,2,0.0164617304819705,0.0130620701311537,"instability_of_regime"
"Mali",1996,5,0.0327791759308028,0.0258490416644724,"instability_of_regime"
"Mali",1997,5,0.0262413447399516,0.0200272689825731,"instability_of_regime"
"Mali",1998,1,0.00427930588026627,0.00311681545034275,"instability_of_regime"
"Mali",1999,5,0.0180488418763002,0.0123534384429637,"instability_of_regime"
"Mali",2000,13,0.0411979470327929,0.0264892963079938,"instability_of_regime"
"Mali",2001,4,0.0116520590350461,0.00711097943323398,"instability_of_regime"
"Mali",2002,22,0.0610540702374249,0.0366104206160344,"instability_of_regime"
"Mali",2003,3,0.00822464561513154,0.00512921237628987,"instability_of_regime"
"Mali",2004,3,0.00832452739229901,0.00556075713338738,"instability_of_regime"
"Mali",2005,3,0.00852632169920461,0.00607955608032931,"instability_of_regime"
"Mali",2006,1,0.00291509691294115,0.00208190965637316,"instability_of_regime"
"Mali",2007,8,0.0240426351409279,0.0152230415774539,"instability_of_regime"
"Mali",2008,0,0,0,"instability_of_regime"
"Mali",2009,1,0.00313549987559605,0.00111529932312025,"instability_of_regime"
"Mali",2010,3,0.00936691305765738,0.00237060104584206,"instability_of_regime"
"Mali",2011,13,0.0401855845517985,0.00754394748709487,"instability_of_regime"
"Mali",2012,298,0.914961880788058,0.137488432668279,"instability_of_regime"
"Mali",2013,93,0.287611091019041,0.0390712094030898,"instability_of_regime"
"Mali",2014,30,0.0947849644628709,0.0130528853185491,"instability_of_regime"
"Mali",2015,17,0.0554839758969464,0.00808749144124592,"instability_of_regime"
"Mali",2016,17,0.0580212325130137,0.00903256283185022,"instability_of_regime"
"Mali",2017,29,0.103614681249865,0.0169002825139651,"instability_of_regime"
"Mali",2018,10,0.037023438295872,0.00610907093744977,"instability_of_regime"
"Mali",2019,20,0.0751747414494525,0.012146493609218,"instability_of_regime"
"Mali",2020,184,0.68581799867892,0.107050034634033,"instability_of_regime"
"Mali",2021,170,0.61823912598355,0.0957136280175753,"instability_of_regime"
"Mali",2022,75,0.266932903482932,0.0422806185145808,"instability_of_regime"
"Mali",2023,122,0.432843989630533,0.072611664469504,"instability_of_regime"
"Mali",2024,28,0.100290019657639,0.018093388814452,"instability_of_regime"
"Mali",1990,6,0.610282060801012,0.0635259641890564,"instability_within_regime"
"Mali",1991,62,4.87861759810835,0.605869704934571,"instability_within_regime"
"Mali",1992,25,1.5919163830199,0.234367808622039,"instability_within_regime"
"Mali",1993,13,0.674426807933176,0.115571469848237,"instability_within_regime"
"Mali",1994,19,0.796890371173227,0.149452414956068,"instability_within_regime"
"Mali",1995,4,0.134561094329667,0.0261241402623073,"instability_within_regime"
"Mali",1996,14,0.375119888217471,0.0723773166605227,"instability_within_regime"
"Mali",1997,79,1.69456097845744,0.316430849924655,"instability_within_regime"
"Mali",1998,4,0.0699596051400157,0.012467261801371,"instability_within_regime"
"Mali",1999,21,0.309822289067842,0.0518844414604477,"instability_within_regime"
"Mali",2000,40,0.518091231046912,0.0815055271015195,"instability_within_regime"
"Mali",2001,43,0.511947195623494,0.0764430289072653,"instability_within_regime"
"Mali",2002,161,1.82613064650106,0.267921714508252,"instability_within_regime"
"Mali",2003,28,0.313738631938095,0.0478726488453721,"instability_within_regime"
"Mali",2004,23,0.260843606215168,0.0426324713559699,"instability_within_regime"
"Mali",2005,13,0.151007264355838,0.0263447430147603,"instability_within_regime"
"Mali",2006,9,0.107228328152016,0.0187371869073584,"instability_within_regime"
"Mali",2007,75,0.921228510121784,0.14271601478863,"instability_within_regime"
"Mali",2008,10,0.126260526910113,0.0152950143767586,"instability_within_regime"
"Mali",2009,13,0.166595845889559,0.0144988912005632,"instability_within_regime"
"Mali",2010,22,0.280744943593193,0.0173844076695084,"instability_within_regime"
"Mali",2011,33,0.416922089278436,0.0191500205441639,"instability_within_regime"
"Mali",2012,914,11.4695653513349,0.421692709593311,"instability_within_regime"
"Mali",2013,982,12.4121837582779,0.412558361654131,"instability_within_regime"
"Mali",2014,142,1.83366742158831,0.0617836571744657,"instability_within_regime"
"Mali",2015,96,1.28057174107113,0.0456705399035064,"instability_within_regime"
"Mali",2016,85,1.18568952241354,0.0451628141592511,"instability_within_regime"
"Mali",2017,86,1.25584423542644,0.0501180791793447,"instability_within_regime"
"Mali",2018,291,4.40335566213158,0.177773964279788,"instability_within_regime"
"Mali",2019,54,0.829563690568897,0.0327955327448885,"instability_within_regime"
"Mali",2020,538,8.19572464910564,0.313004992571249,"instability_within_regime"
"Mali",2021,373,5.54409195126614,0.210006960297386,"instability_within_regime"
"Mali",2022,424,6.16766435554256,0.23902643000243,"instability_within_regime"
"Mali",2023,229,3.3206344624959,0.136295665274725,"instability_within_regime"
"Mali",2024,143,2.0933880964817,0.0924055214452369,"instability_within_regime"
"Mali",1990,3,0.104219433520709,0.0317629820945282,"mass_civil_protest"
"Mali",1991,60,1.61251750814178,0.586325520904424,"mass_civil_protest"
"Mali",1992,26,0.565459742894053,0.24374252096692,"mass_civil_protest"
"Mali",1993,10,0.177190148592856,0.0889011306524902,"mass_civil_protest"
"Mali",1994,13,0.186224334296222,0.102256915496257,"mass_civil_protest"
"Mali",1995,0,0,0,"mass_civil_protest"
"Mali",1996,13,0.118968916628912,0.0672075083276282,"mass_civil_protest"
"Mali",1997,15,0.109892858192426,0.0600818069477193,"mass_civil_protest"
"Mali",1998,4,0.0238943625754133,0.012467261801371,"mass_civil_protest"
"Mali",1999,5,0.0251948320548534,0.0123534384429637,"mass_civil_protest"
"Mali",2000,3,0.0132713653439737,0.00611291453261396,"mass_civil_protest"
"Mali",2001,8,0.0325308041915654,0.014221958866468,"mass_civil_protest"
"Mali",2002,34,0.131714317484014,0.0565797409520532,"mass_civil_protest"
"Mali",2003,14,0.0535779512365706,0.0239363244226861,"mass_civil_protest"
"Mali",2004,8,0.0309877787575798,0.014828685689033,"mass_civil_protest"
"Mali",2005,4,0.0158694757059317,0.00810607477377241,"mass_civil_protest"
"Mali",2006,6,0.024415542331815,0.012491457938239,"mass_civil_protest"
"Mali",2007,15,0.062928222626766,0.0285432029577261,"mass_civil_protest"
"Mali",2008,6,0.0258742010014063,0.00917700862605519,"mass_civil_protest"
"Mali",2009,4,0.0175076923638826,0.004461197292481,"mass_civil_protest"
"Mali",2010,25,0.108962578216712,0.0197550087153505,"mass_civil_protest"
"Mali",2011,28,0.120822299423961,0.0162485022798966,"mass_civil_protest"
"Mali",2012,256,1.09720765687281,0.118110868332481,"mass_civil_protest"
"Mali",2013,179,0.772747910778745,0.0752015750876675,"mass_civil_protest"
"Mali",2014,49,0.216110766901984,0.0213197126869635,"mass_civil_protest"
"Mali",2015,134,0.610499874472432,0.0637484619486443,"mass_civil_protest"
"Mali",2016,82,0.390673549750975,0.0435688324830422,"mass_civil_protest"
"Mali",2017,78,0.389027254034551,0.0454559322789405,"mass_civil_protest"
"Mali",2018,82,0.423791974802389,0.0500943816870881,"mass_civil_protest"
"Mali",2019,39,0.204629706836888,0.023685662537975,"mass_civil_protest"
"Mali",2020,276,1.43602587484575,0.16057505195105,"mass_civil_protest"
"Mali",2021,81,0.411201520169101,0.0456047286436682,"mass_civil_protest"
"Mali",2022,93,0.462046753574661,0.0524279669580802,"mass_civil_protest"
"Mali",2023,53,0.262488062909796,0.0315444116138009,"mass_civil_protest"
"Mali",2024,27,0.134997453661302,0.017447196356793,"mass_civil_protest"
"Mali",1990,23,11.5642877718845,0.243516196058049,"political_violence"
"Mali",1991,214,83.239710769296,2.09122769122578,"political_violence"
"Mali",1992,87,27.3849023614091,0.815599974004695,"political_violence"
"Mali",1993,37,9.48866026308264,0.328934183414214,"political_violence"
"Mali",1994,129,26.7452332155667,1.01470323838594,"political_violence"
"Mali",1995,24,3.99100674179351,0.156744841573844,"political_violence"
"Mali",1996,23,3.04636257438797,0.118905591656573,"political_violence"
"Mali",1997,65,6.89215708778063,0.26035449677345,"political_violence"
"Mali",1998,8,0.691654243642836,0.024934523602742,"political_violence"
"Mali",1999,45,3.2818413147135,0.111180945986674,"political_violence"
"Mali",2000,89,5.69833474026192,0.181349797800881,"political_violence"
"Mali",2001,139,8.18056337794759,0.247106535304881,"political_violence"
"Mali",2002,152,8.52238711673691,0.252944724256238,"political_violence"
"Mali",2003,248,13.7364132752075,0.424014889773296,"political_violence"
"Mali",2004,91,5.10158882563353,0.16867629971275,"political_violence"
"Mali",2005,51,2.92844022972666,0.103352453365598,"political_violence"
"Mali",2006,77,4.53491813070081,0.160307043540733,"political_violence"
"Mali",2007,91,5.52534244559082,0.173162097943538,"political_violence"
"Mali",2008,85,5.30515679062976,0.130007622202448,"political_violence"
"Mali",2009,164,10.389062628221,0.182909088991721,"political_violence"
"Mali",2010,413,26.0525965784521,0.32635274397759,"political_violence"
"Mali",2011,438,27.3543737614063,0.254172999949812,"political_violence"
"Mali",2012,3896,241.674825320904,1.79749977743494,"political_violence"
"Mali",2013,3693,230.742565517468,1.55150512178076,"political_violence"
"Mali",2014,1225,78.1951854505996,0.532992817174088,"political_violence"
"Mali",2015,1957,129.043224653219,0.931012985324604,"political_violence"
"Mali",2016,1160,79.9874305858344,0.616339581467427,"political_violence"
"Mali",2017,975,70.3807096486917,0.568199153486756,"political_violence"
"Mali",2018,1211,90.5829833210712,0.739808490525167,"political_violence"
"Mali",2019,1157,87.8619898658534,0.702674655293259,"political_violence"
"Mali",2020,1968,148.197841461966,1.14496993565096,"political_violence"
"Mali",2021,1592,116.970502831593,0.896329975317529,"political_violence"
"Mali",2022,1612,115.912857665763,0.90875142727339,"political_violence"
"Mali",2023,1276,91.463530989133,0.759446589041698,"political_violence"
"Mali",2024,667,48.267104582778,0.431010369258552,"political_violence"
"Mauritania",1991,12,0.0645587183345178,0.136301729779336,"instability_of_regime"
"Mauritania",1992,6,0.0261216171082841,0.0758394398443189,"instability_of_regime"
"Mauritania",1993,1,0.00354699060224149,0.0134869255787243,"instability_of_regime"
"Mauritania",1994,0,0,0,"instability_of_regime"
"Mauritania",1995,1,0.00230000131526703,0.0121766465535857,"instability_of_regime"
"Mauritania",1996,0,0,0,"instability_of_regime"
"Mauritania",1997,1,0.00146655608248154,0.00897495817403764,"instability_of_regime"
"Mauritania",1998,3,0.00358737831256152,0.0212197373987227,"instability_of_regime"
"Mauritania",1999,1,0.00100869978645326,0.00542159281595369,"instability_of_regime"
"Mauritania",2000,1,0.000885553524049701,0.00417252528912139,"instability_of_regime"
"Mauritania",2001,4,0.0032560065462774,0.0131271680038163,"instability_of_regime"
"Mauritania",2002,1,0.000775487022086996,0.00262388245159592,"instability_of_regime"
"Mauritania",2003,12,0.00919305330779214,0.025694700421235,"instability_of_regime"
"Mauritania",2004,4,0.00310156520862882,0.00733845983265854,"instability_of_regime"
"Mauritania",2005,48,0.0381210004992631,0.0789078512089394,"instability_of_regime"
"Mauritania",2006,48,0.0391000063546734,0.0737616737833215,"instability_of_regime"
"Mauritania",2007,20,0.0167959536535919,0.0296255887995342,"instability_of_regime"
"Mauritania",2008,60,0.0517949493926865,0.0890773950027872,"instability_of_regime"
"Mauritania",2009,39,0.0341707088432495,0.0612439155545334,"instability_of_regime"
"Mauritania",2010,5,0.00436242357715663,0.00876072370862275,"instability_of_regime"
"Mauritania",2011,7,0.00604654891935786,0.0142932083568294,"instability_of_regime"
"Mauritania",2012,17,0.0145853968831313,0.0416416551202294,"instability_of_regime"
"Mauritania",2013,2,0.00172836423034321,0.00603016523120506,"instability_of_regime"
"Mauritania",2014,2,0.00176575638606896,0.00739886138738493,"instability_of_regime"
"Mauritania",2015,5,0.00456006728057529,0.0218033277667465,"instability_of_regime"
"Mauritania",2016,3,0.00286115823191186,0.014598026544543,"instability_of_regime"
"Mauritania",2017,14,0.0139776424239968,0.0727493933640001,"instability_of_regime"
"Mauritania",2018,6,0.00620741229139744,0.0321972927366507,"instability_of_regime"
"Mauritania",2019,2,0.00210065405211157,0.0109578555173667,"instability_of_regime"
"Mauritania",2020,7,0.00729074130652702,0.0390435536521029,"instability_of_regime"
"Mauritania",2021,1,0.00101622566313753,0.00559740787468815,"instability_of_regime"
"Mauritania",2022,0,0,0,"instability_of_regime"
"Mauritania",2023,1,0.000991411960046011,0.00518996467537551,"instability_of_regime"
"Mauritania",2024,3,0.00300264184653735,0.014609899295549,"instability_of_regime"
"Mauritania",1990,1,0.0339981071842897,0.0102358499257552,"instability_within_regime"
"Mauritania",1991,24,0.631235936251231,0.272603459558672,"instability_within_regime"
"Mauritania",1992,30,0.6385234967919,0.379197199221595,"instability_within_regime"
"Mauritania",1993,4,0.0693628371641046,0.0539477023148971,"instability_within_regime"
"Mauritania",1994,13,0.182248396402997,0.171846156296287,"instability_within_regime"
"Mauritania",1995,4,0.0449774568354583,0.0487065862143427,"instability_within_regime"
"Mauritania",1996,17,0.152253176095024,0.182584782532737,"instability_within_regime"
"Mauritania",1997,24,0.172074587415445,0.215398996176903,"instability_within_regime"
"Mauritania",1998,10,0.0584605293247273,0.0707324579957423,"instability_within_regime"
"Mauritania",1999,8,0.039451065357213,0.0433727425276296,"instability_within_regime"
"Mauritania",2000,24,0.103904145982132,0.100140606938913,"instability_within_regime"
"Mauritania",2001,44,0.175099446912246,0.14439884804198,"instability_within_regime"
"Mauritania",2002,14,0.0530773693075662,0.0367343543223429,"instability_within_regime"
"Mauritania",2003,175,0.655425600816674,0.37471438114301,"instability_within_regime"
"Mauritania",2004,26,0.0985600903126256,0.0476999889122805,"instability_within_regime"
"Mauritania",2005,102,0.396031786110869,0.167679183818996,"instability_within_regime"
"Mauritania",2006,77,0.306643056760568,0.118326018360745,"instability_within_regime"
"Mauritania",2007,90,0.369508132400445,0.133315149597904,"instability_within_regime"
"Mauritania",2008,199,0.839839039697888,0.295440026759244,"instability_within_regime"
"Mauritania",2009,279,1.19508942635768,0.438129549736278,"instability_within_regime"
"Mauritania",2010,34,0.145025230474056,0.0595729212186347,"instability_within_regime"
"Mauritania",2011,75,0.316721549887227,0.153141518108886,"instability_within_regime"
"Mauritania",2012,40,0.167778435701844,0.0979803649887751,"instability_within_regime"
"Mauritania",2013,46,0.194343457779207,0.138693800317716,"instability_within_regime"
"Mauritania",2014,64,0.276240647721999,0.236763564396318,"instability_within_regime"
"Mauritania",2015,15,0.0668804713015075,0.0654099833002394,"instability_within_regime"
"Mauritania",2016,20,0.093251845858395,0.0973201769636202,"instability_within_regime"
"Mauritania",2017,51,0.248933236901864,0.265015647254572,"instability_within_regime"
"Mauritania",2018,30,0.151735575401078,0.160986463683253,"instability_within_regime"
"Mauritania",2019,37,0.189991024360134,0.202720327071283,"instability_within_regime"
"Mauritania",2020,27,0.137481490715055,0.150596564086683,"instability_within_regime"
"Mauritania",2021,4,0.0198727042438872,0.0223896314987526,"instability_within_regime"
"Mauritania",2022,5,0.024310856742383,0.0273246693730991,"instability_within_regime"
"Mauritania",2023,13,0.0630092522622477,0.0674695407798816,"instability_within_regime"
"Mauritania",2024,70,0.342520948444569,0.340897650229477,"instability_within_regime"
"Mauritania",1990,1,0.00952187553805284,0.0102358499257552,"mass_civil_protest"
"Mauritania",1991,13,0.0957616427464464,0.147660207260948,"mass_civil_protest"
"Mauritania",1992,16,0.0953769374138844,0.202238506251517,"mass_civil_protest"
"Mauritania",1993,0,0,0,"mass_civil_protest"
"Mauritania",1994,1,0.00392634199434976,0.0132189350997144,"mass_civil_protest"
"Mauritania",1995,1,0.00314921757028931,0.0121766465535857,"mass_civil_protest"
"Mauritania",1996,1,0.0025083330551171,0.0107402813254551,"mass_civil_protest"
"Mauritania",1997,2,0.00401608829708807,0.0179499163480753,"mass_civil_protest"
"Mauritania",1998,0,0,0,"mass_civil_protest"
"Mauritania",1999,1,0.00138113620612295,0.00542159281595369,"mass_civil_protest"
"Mauritania",2000,15,0.0181878203646494,0.0625878793368208,"mass_civil_protest"
"Mauritania",2001,5,0.00557275389173167,0.0164089600047704,"mass_civil_protest"
"Mauritania",2002,10,0.0106181563431157,0.0262388245159592,"mass_civil_protest"
"Mauritania",2003,59,0.0618878115326391,0.126332277071072,"mass_civil_protest"
"Mauritania",2004,7,0.00743179200583908,0.0128423047071524,"mass_civil_protest"
"Mauritania",2005,13,0.0141364703525863,0.0213708763690877,"mass_civil_protest"
"Mauritania",2006,2,0.00223069486586115,0.00307340307430506,"mass_civil_protest"
"Mauritania",2007,4,0.00459948540068687,0.00592511775990683,"mass_civil_protest"
"Mauritania",2008,66,0.0780107906707144,0.097985134503066,"mass_civil_protest"
"Mauritania",2009,18,0.0215941675867276,0.0282664225636308,"mass_civil_protest"
"Mauritania",2010,33,0.0394226985238766,0.0578207764769101,"mass_civil_protest"
"Mauritania",2011,64,0.075694458463614,0.130680762119583,"mass_civil_protest"
"Mauritania",2012,30,0.0352423748341875,0.0734852737415813,"mass_civil_protest"
"Mauritania",2013,11,0.0130158501704312,0.0331659087716278,"mass_civil_protest"
"Mauritania",2014,2,0.002417716459094,0.00739886138738493,"mass_civil_protest"
"Mauritania",2015,24,0.029970022517185,0.104655973280383,"mass_civil_protest"
"Mauritania",2016,20,0.0261171148483123,0.0973201769636202,"mass_civil_protest"
"Mauritania",2017,33,0.0451122420509239,0.171480712929429,"mass_civil_protest"
"Mauritania",2018,4,0.00566622628266603,0.0214648618244338,"mass_civil_protest"
"Mauritania",2019,3,0.00431439969583745,0.01643678327605,"mass_civil_protest"
"Mauritania",2020,6,0.00855656552537357,0.033465903130374,"mass_civil_protest"
"Mauritania",2021,1,0.00139144081896321,0.00559740787468815,"mass_civil_protest"
"Mauritania",2022,1,0.00136175199913112,0.00546493387461982,"mass_civil_protest"
"Mauritania",2023,2,0.00271493059003698,0.010379929350751,"mass_civil_protest"
"Mauritania",2024,6,0.0082225800460497,0.029219798591098,"mass_civil_protest"
"Mauritania",1990,15,1.18622523150374,0.153537748886328,"political_violence"
"Mauritania",1991,70,4.28252269545444,0.795093423712795,"political_violence"
"Mauritania",1992,41,2.02983457131694,0.518236172269513,"political_violence"
"Mauritania",1993,4,0.161342212625231,0.0539477023148971,"political_violence"
"Mauritania",1994,31,1.01088840884001,0.409786988091146,"political_violence"
"Mauritania",1995,19,0.496946532591654,0.231356284518128,"political_violence"
"Mauritania",1996,11,0.22915602721433,0.118143094580007,"political_violence"
"Mauritania",1997,30,0.500320052589866,0.269248745221129,"political_violence"
"Mauritania",1998,6,0.0815896656318571,0.0424394747974454,"political_violence"
"Mauritania",1999,1,0.0114706996487475,0.00542159281595369,"political_violence"
"Mauritania",2000,64,0.644499773426903,0.267041618503769,"political_violence"
"Mauritania",2001,43,0.398035413231117,0.141117056041026,"political_violence"
"Mauritania",2002,49,0.432114255138102,0.1285702401282,"political_violence"
"Mauritania",2003,340,2.9620025551732,0.728016511934991,"political_violence"
"Mauritania",2004,136,1.19918948781136,0.24950763431039,"political_violence"
"Mauritania",2005,194,1.75207528015302,0.318919231969463,"political_violence"
"Mauritania",2006,64,0.59284825235013,0.098348898377762,"political_violence"
"Mauritania",2007,89,0.849948590320087,0.131833870157927,"political_violence"
"Mauritania",2008,289,2.83701730454976,0.429056119263425,"political_violence"
"Mauritania",2009,343,3.41752326987914,0.538632385518076,"political_violence"
"Mauritania",2010,519,5.14935892862544,0.909363120955041,"political_violence"
"Mauritania",2011,357,3.5067574340167,0.728953626198298,"political_violence"
"Mauritania",2012,279,2.72208393495597,0.683413045796706,"political_violence"
"Mauritania",2013,167,1.6411554698627,0.503518796805623,"political_violence"
"Mauritania",2014,89,0.893549828810735,0.32924933173863,"political_violence"
"Mauritania",2015,115,1.1926885934635,0.501476538635169,"political_violence"
"Mauritania",2016,121,1.31230254602817,0.588787070629902,"political_violence"
"Mauritania",2017,84,0.953703015683265,0.436496360184,"political_violence"
"Mauritania",2018,80,0.94119000779442,0.429297236488675,"political_violence"
"Mauritania",2019,36,0.429986698107252,0.1972413993126,"political_violence"
"Mauritania",2020,64,0.758021636437304,0.356969633390655,"political_violence"
"Mauritania",2021,34,0.392913593784286,0.190311867739397,"political_violence"
"Mauritania",2022,45,0.508936891885795,0.245922024357892,"political_violence"
"Mauritania",2023,28,0.315674982079457,0.145319010910514,"political_violence"
"Mauritania",2024,88,1.00159680308302,0.428557046002771,"political_violence"
"Niger",1990,1,0.0152350008608846,0.0122764960484095,"instability_of_regime"
"Niger",1991,7,0.0825023383661692,0.0659360913375565,"instability_of_regime"
"Niger",1992,16,0.152603099862215,0.122770283686378,"instability_of_regime"
"Niger",1993,10,0.0777060086154474,0.0649863982215198,"instability_of_regime"
"Niger",1994,5,0.0314107359547981,0.0277115901116338,"instability_of_regime"
"Niger",1995,15,0.0755812216869435,0.0709229571327956,"instability_of_regime"
"Niger",1996,65,0.260866637732179,0.26172253358108,"instability_of_regime"
"Niger",1997,2,0.00642574127534091,0.00689114642421482,"instability_of_regime"
"Niger",1998,2,0.00523938706212179,0.00586673354802319,"instability_of_regime"
"Niger",1999,25,0.055245448244918,0.0638154575533367,"instability_of_regime"
"Niger",2000,10,0.0194003417222927,0.0232421941255701,"instability_of_regime"
"Niger",2001,6,0.0106996874721248,0.0132159140887714,"instability_of_regime"
"Niger",2002,9,0.0152901451340866,0.0190609870438599,"instability_of_regime"
"Niger",2003,4,0.00671325413235407,0.00808179869562494,"instability_of_regime"
"Niger",2004,8,0.0135895625249629,0.0152739041902839,"instability_of_regime"
"Niger",2005,2,0.00347974654832894,0.00357894985248759,"instability_of_regime"
"Niger",2006,3,0.00535366767806677,0.00512654571431609,"instability_of_regime"
"Niger",2007,9,0.0165581474424727,0.014795973522133,"instability_of_regime"
"Niger",2008,3,0.00567351204877923,0.00474111390041734,"instability_of_regime"
"Niger",2009,130,0.249532603224408,0.196756204718514,"instability_of_regime"
"Niger",2010,145,0.277153516895133,0.217450916083657,"instability_of_regime"
"Niger",2011,88,0.166527808619951,0.13724752359612,"instability_of_regime"
"Niger",2012,2,0.00375918664898,0.0033415393065095,"instability_of_regime"
"Niger",2013,7,0.0132525019917117,0.0122962989376159,"instability_of_regime"
"Niger",2014,3,0.00580251950182559,0.00537742221255247,"instability_of_regime"
"Niger",2015,6,0.011988009006874,0.0106782129614216,"instability_of_regime"
"Niger",2016,15,0.0313405378179747,0.0269284875963383,"instability_of_regime"
"Niger",2017,10,0.0218726022065086,0.0183769696761979,"instability_of_regime"
"Niger",2018,3,0.00679947153919923,0.00548317935063437,"instability_of_regime"
"Niger",2019,2,0.00460202634222661,0.00335643058562291,"instability_of_regime"
"Niger",2020,3,0.00684525242029885,0.00424021560833179,"instability_of_regime"
"Niger",2021,12,0.0267156637240937,0.0135779939943877,"instability_of_regime"
"Niger",2022,12,0.0261456383833175,0.010859038237957,"instability_of_regime"
"Niger",2023,111,0.241085836395284,0.0822722896745158,"instability_of_regime"
"Niger",2024,9,0.0197341921105193,0.00587541745981736,"instability_of_regime"
"Niger",1990,7,0.395428456555011,0.0859354723388662,"instability_within_regime"
"Niger",1991,38,1.66065421082761,0.357938781546735,"instability_within_regime"
"Niger",1992,42,1.48532010586286,0.322271994676742,"instability_within_regime"
"Niger",1993,50,1.44062850183112,0.324931991107599,"instability_within_regime"
"Niger",1994,46,1.07150286324962,0.254946629027031,"instability_within_regime"
"Niger",1995,49,0.91547423271724,0.231681659967132,"instability_within_regime"
"Niger",1996,133,1.9791751138096,0.535524568712056,"instability_within_regime"
"Niger",1997,18,0.214433750296311,0.0620203178179334,"instability_within_regime"
"Niger",1998,28,0.27197933996688,0.0821342696723247,"instability_within_regime"
"Niger",1999,109,0.893121177568711,0.278235394932548,"instability_within_regime"
"Niger",2000,56,0.402832779804154,0.130156287103193,"instability_within_regime"
"Niger",2001,24,0.158693259454988,0.0528636563550855,"instability_within_regime"
"Niger",2002,64,0.403159101640759,0.135544796756337,"instability_within_regime"
"Niger",2003,31,0.192913307399404,0.0626339398910933,"instability_within_regime"
"Niger",2004,89,0.56057392440555,0.169922184116908,"instability_within_regime"
"Niger",2005,14,0.0903177373846536,0.0250526489674131,"instability_within_regime"
"Niger",2006,20,0.132338908042036,0.0341769714287739,"instability_within_regime"
"Niger",2007,48,0.327444628020268,0.0789118587847094,"instability_within_regime"
"Niger",2008,13,0.091159403682008,0.0205448269018085,"instability_within_regime"
"Niger",2009,240,1.70813654061469,0.363242224095718,"instability_within_regime"
"Niger",2010,278,1.97026473457091,0.416905894284528,"instability_within_regime"
"Niger",2011,151,1.05951824264869,0.235504273443342,"instability_within_regime"
"Niger",2012,20,0.1393866839056,0.033415393065095,"instability_within_regime"
"Niger",2013,26,0.182515848858785,0.0456719674825732,"instability_within_regime"
"Niger",2014,41,0.294040130790318,0.0734914369048837,"instability_within_regime"
"Niger",2015,197,1.45945071230922,0.350601325566675,"instability_within_regime"
"Niger",2016,180,1.39448898270083,0.32314185115606,"instability_within_regime"
"Niger",2017,24,0.19464313584613,0.044104727222875,"instability_within_regime"
"Niger",2018,15,0.126058623667523,0.0274158967531719,"instability_within_regime"
"Niger",2019,27,0.230361694917536,0.0453118129059093,"instability_within_regime"
"Niger",2020,66,0.5583924592748,0.0932847433832995,"instability_within_regime"
"Niger",2021,131,1.0813926523091,0.148226434438732,"instability_within_regime"
"Niger",2022,66,0.53319901224084,0.0597247103087635,"instability_within_regime"
"Niger",2023,412,3.31797668833934,0.305371021134239,"instability_within_regime"
"Niger",2024,65,0.528466662117517,0.0424335705431253,"instability_within_regime"
"Niger",1990,12,0.225397828526034,0.147317952580914,"mass_civil_protest"
"Niger",1991,20,0.290619139282333,0.188388832393019,"mass_civil_protest"
"Niger",1992,48,0.564430675937746,0.368310851059134,"mass_civil_protest"
"Niger",1993,14,0.134124660660189,0.0909809575101277,"mass_civil_protest"
"Niger",1994,20,0.15490452415603,0.110846360446535,"mass_civil_protest"
"Niger",1995,19,0.118032674534444,0.089835745701541,"mass_civil_protest"
"Niger",1996,16,0.0791682719206645,0.0644240082661119,"mass_civil_protest"
"Niger",1997,10,0.0396113129933844,0.0344557321210741,"mass_civil_protest"
"Niger",1998,14,0.04521728913218,0.0410671348361623,"mass_civil_protest"
"Niger",1999,10,0.0272447289502569,0.0255261830213347,"mass_civil_protest"
"Niger",2000,38,0.0908906009689414,0.0883203376771666,"mass_civil_protest"
"Niger",2001,27,0.0593621476660714,0.0594716133994712,"mass_civil_protest"
"Niger",2002,90,0.188511394613673,0.190609870438599,"mass_civil_protest"
"Niger",2003,23,0.0475912301994614,0.0464703424998434,"mass_civil_protest"
"Niger",2004,20,0.0418862502825336,0.0381847604757098,"mass_civil_protest"
"Niger",2005,4,0.00858032240995848,0.00715789970497518,"mass_civil_protest"
"Niger",2006,12,0.0264020348123608,0.0205061828572644,"mass_civil_protest"
"Niger",2007,15,0.0340240880561337,0.0246599558702217,"mass_civil_protest"
"Niger",2008,13,0.0303109869588508,0.0205448269018085,"mass_civil_protest"
"Niger",2009,74,0.175122385044271,0.111999685762846,"mass_civil_protest"
"Niger",2010,19,0.0447746285052999,0.0284935683144102,"mass_civil_protest"
"Niger",2011,43,0.100322546906496,0.0670641308481039,"mass_civil_protest"
"Niger",2012,9,0.0208560664545055,0.0150369268792927,"mass_civil_protest"
"Niger",2013,12,0.0280096113524073,0.0210793696073415,"mass_civil_protest"
"Niger",2014,30,0.0715389575422445,0.0537742221255247,"mass_civil_protest"
"Niger",2015,101,0.248795879031477,0.17974991818393,"mass_civil_protest"
"Niger",2016,13,0.0334876395755044,0.0233380225834932,"mass_civil_protest"
"Niger",2017,24,0.0647198787394691,0.044104727222875,"mass_civil_protest"
"Niger",2018,12,0.0335321306959457,0.0219327174025375,"mass_civil_protest"
"Niger",2019,11,0.0312059773087695,0.018460368220926,"mass_civil_protest"
"Niger",2020,19,0.0534500126485002,0.026854698852768,"mass_civil_protest"
"Niger",2021,25,0.0686200024930806,0.0282874874883076,"mass_civil_protest"
"Niger",2022,54,0.145056689793761,0.0488656720708065,"mass_civil_protest"
"Niger",2023,56,0.1499556188636,0.0415067407366927,"mass_civil_protest"
"Niger",2024,10,0.0270335350987669,0.00652824162201928,"mass_civil_protest"
"Niger",1990,34,7.25049727812507,0.417400865645922,"political_violence"
"Niger",1991,65,10.7232879530179,0.612263705277311,"political_violence"
"Niger",1992,186,24.831486052481,1.42720454785415,"political_violence"
"Niger",1993,88,9.57158075385518,0.571880304349374,"political_violence"
"Niger",1994,130,11.4313587319285,0.720501342902479,"political_violence"
"Niger",1995,96,6.77080451625857,0.453906925649892,"political_violence"
"Niger",1996,89,4.99967281387344,0.358358545980248,"political_violence"
"Niger",1997,20,0.899434680093114,0.0689114642421482,"political_violence"
"Niger",1998,59,2.16346011476595,0.173068639666684,"political_violence"
"Niger",1999,141,4.36136063466057,0.359919180600819,"political_violence"
"Niger",2000,167,4.53494730070687,0.388144641897021,"political_violence"
"Niger",2001,119,2.97038810615947,0.262115629427299,"political_violence"
"Niger",2002,379,9.01269557483929,0.802679343291436,"political_violence"
"Niger",2003,124,2.91300463323613,0.250535759564373,"political_violence"
"Niger",2004,155,3.68547594601744,0.295931893686751,"political_violence"
"Niger",2005,120,2.92243766693079,0.214736991149255,"political_violence"
"Niger",2006,223,5.57033624443779,0.381073231430829,"political_violence"
"Niger",2007,190,4.8929325692507,0.312359441022808,"political_violence"
"Niger",2008,161,4.26189746015836,0.254439779322397,"political_violence"
"Niger",2009,376,10.1022516725311,0.569079484416625,"political_violence"
"Niger",2010,505,13.5110830483563,0.757329052567218,"political_violence"
"Niger",2011,660,17.48213317203,1.0293564269709,"political_violence"
"Niger",2012,138,3.63069171376,0.230566212149155,"political_violence"
"Niger",2013,333,8.82450727265925,0.584952506603726,"political_violence"
"Niger",2014,237,6.41638025575425,0.424816354791645,"political_violence"
"Niger",2015,1015,28.3862645641123,1.80639769264048,"political_violence"
"Niger",2016,732,21.4078306523837,1.31411019470131,"political_violence"
"Niger",2017,484,14.8180893763229,0.889445332327979,"political_violence"
"Niger",2018,285,9.04159727925018,0.520902038310265,"political_violence"
"Niger",2019,294,9.46918995474366,0.493395296086567,"political_violence"
"Niger",2020,367,11.7214319542544,0.518719709419256,"political_violence"
"Niger",2021,782,24.3690090356341,0.884832608634262,"political_violence"
"Niger",2022,505,15.4012430993942,0.456984525847357,"political_violence"
"Niger",2023,999,30.3711054581016,0.740450607070643,"political_violence"
"Niger",2024,380,11.6629075373169,0.248073181636733,"political_violence"
"Nigeria",1990,6,0.339780611305254,0.00876067013079158,"instability_of_regime"
"Nigeria",1991,39,1.70858931005502,0.04012386380479,"instability_of_regime"
"Nigeria",1992,31,1.0990309597396,0.0243306471327215,"instability_of_regime"
"Nigeria",1993,127,3.66828595276409,0.0784598864557828,"instability_of_regime"
"Nigeria",1994,75,1.75135517905864,0.0371335527047816,"instability_of_regime"
"Nigeria",1995,20,0.374591142571255,0.00795489757800601,"instability_of_regime"
"Nigeria",1996,35,0.522129328052008,0.0110793273372201,"instability_of_regime"
"Nigeria",1997,41,0.489645712642343,0.0102659954656236,"instability_of_regime"
"Nigeria",1998,154,1.49960219827374,0.0307950212008114,"instability_of_regime"
"Nigeria",1999,135,1.10890699075819,0.0223649790062835,"instability_of_regime"
"Nigeria",2000,151,1.08890799607724,0.0217269482019583,"instability_of_regime"
"Nigeria",2001,87,0.576692036943306,0.0115186259716172,"instability_of_regime"
"Nigeria",2002,129,0.814636131650515,0.0163606687906283,"instability_of_regime"
"Nigeria",2003,124,0.773570040316984,0.0155536507812841,"instability_of_regime"
"Nigeria",2004,60,0.378853757891646,0.00762591766846264,"instability_of_regime"
"Nigeria",2005,85,0.549719828893084,0.0111262052325097,"instability_of_regime"
"Nigeria",2006,115,0.762838941628044,0.0156381326304827,"instability_of_regime"
"Nigeria",2007,222,1.51819329949514,0.0317228903923942,"instability_of_regime"
"Nigeria",2008,48,0.337424663953712,0.00719900332621299,"instability_of_regime"
"Nigeria",2009,55,0.392420326174012,0.00847967749116702,"instability_of_regime"
"Nigeria",2010,160,1.13678212011434,0.0248124640424033,"instability_of_regime"
"Nigeria",2011,98,0.689342461370116,0.015140369232148,"instability_of_regime"
"Nigeria",2012,76,0.530985114168425,0.0115985026695017,"instability_of_regime"
"Nigeria",2013,34,0.239267446673668,0.00510807578159837,"instability_of_regime"
"Nigeria",2014,58,0.41699246507637,0.0085816530388313,"instability_of_regime"
"Nigeria",2015,152,1.1288708481473,0.0226400590650609,"instability_of_regime"
"Nigeria",2016,80,0.621312416391429,0.0123863887245459,"instability_of_regime"
"Nigeria",2017,49,0.398383547425783,0.00805147018143285,"instability_of_regime"
"Nigeria",2018,39,0.328566568785647,0.00684001261997592,"instability_of_regime"
"Nigeria",2019,40,0.342124326757636,0.00744370612324474,"instability_of_regime"
"Nigeria",2020,46,0.390149364920103,0.0089894504785576,"instability_of_regime"
"Nigeria",2021,76,0.628931250171372,0.0155117965968225,"instability_of_regime"
"Nigeria",2022,50,0.404942041846886,0.0107850509491042,"instability_of_regime"
"Nigeria",2023,103,0.831554661511589,0.0239394301418145,"instability_of_regime"
"Nigeria",2024,25,0.203761303772723,0.00638228213077846,"instability_of_regime"
"Nigeria",1990,57,22.3840250148546,0.08322636624252,"instability_within_regime"
"Nigeria",1991,165,50.1271491387005,0.169754808404881,"instability_within_regime"
"Nigeria",1992,258,63.4284242915794,0.202493772911037,"instability_within_regime"
"Nigeria",1993,725,145.215659718822,0.447900926617658,"instability_within_regime"
"Nigeria",1994,306,49.5507666080198,0.151504895035509,"instability_within_regime"
"Nigeria",1995,159,20.6509776423429,0.0632414357451478,"instability_within_regime"
"Nigeria",1996,291,30.1036403452116,0.0921166930037444,"instability_within_regime"
"Nigeria",1997,311,25.7557660938169,0.0778713314587549,"instability_within_regime"
"Nigeria",1998,653,44.0945091665584,0.130578888598246,"instability_within_regime"
"Nigeria",1999,792,45.1130841181796,0.131207876836863,"instability_within_regime"
"Nigeria",2000,722,36.1050059622729,0.103886467561681,"instability_within_regime"
"Nigeria",2001,608,27.94758367719,0.0804979838016464,"instability_within_regime"
"Nigeria",2002,1043,45.6745471832394,0.132280446113374,"instability_within_regime"
"Nigeria",2003,1271,54.9844000603715,0.159424920508162,"instability_within_regime"
"Nigeria",2004,536,23.4693532906441,0.0681248645049329,"instability_within_regime"
"Nigeria",2005,517,23.1861693643895,0.0676735071200883,"instability_within_regime"
"Nigeria",2006,772,35.511441252583,0.10497946426724,"instability_within_regime"
"Nigeria",2007,972,46.0952680355111,0.138894817393726,"instability_within_regime"
"Nigeria",2008,280,13.6492755657736,0.0419941860695758,"instability_within_regime"
"Nigeria",2009,222,10.9839301697458,0.0342270618734378,"instability_within_regime"
"Nigeria",2010,903,44.4898545241925,0.140035343939313,"instability_within_regime"
"Nigeria",2011,1311,63.9480977811573,0.202541061870878,"instability_within_regime"
"Nigeria",2012,455,22.0442909449676,0.0694384041397802,"instability_within_regime"
"Nigeria",2013,278,13.5664268603199,0.0417660313907161,"instability_within_regime"
"Nigeria",2014,626,31.2097673278587,0.0926226690053171,"instability_within_regime"
"Nigeria",2015,1678,86.418875402224,0.249934336257712,"instability_within_regime"
"Nigeria",2016,383,20.6269399150991,0.0592998360187634,"instability_within_regime"
"Nigeria",2017,313,17.6467866804714,0.0514308197303772,"instability_within_regime"
"Nigeria",2018,572,33.4172554136255,0.10032018509298,"instability_within_regime"
"Nigeria",2019,754,44.7209781693035,0.140313860423163,"instability_within_regime"
"Nigeria",2020,180,10.5867232826569,0.0351761105682689,"instability_within_regime"
"Nigeria",2021,240,13.7726276935525,0.048984620832071,"instability_within_regime"
"Nigeria",2022,397,22.2961231583211,0.0856333045358871,"instability_within_regime"
"Nigeria",2023,707,39.581201697883,0.16432210786663,"instability_within_regime"
"Nigeria",2024,133,7.51708267809864,0.0339537409357414,"instability_within_regime"
"Nigeria",1990,30,4.65048401278501,0.0438033506539579,"mass_civil_protest"
"Nigeria",1991,44,5.27661384093342,0.0452679489079682,"mass_civil_protest"
"Nigeria",1992,58,5.62866996148039,0.045521855925737,"mass_civil_protest"
"Nigeria",1993,210,16.6038313909057,0.129736820123735,"mass_civil_protest"
"Nigeria",1994,96,6.13640137612935,0.0475309474621204,"mass_civil_protest"
"Nigeria",1995,33,1.69188564746223,0.0131255810037099,"mass_civil_protest"
"Nigeria",1996,51,2.08261876900263,0.0161441626913779,"mass_civil_protest"
"Nigeria",1997,52,1.69992985439144,0.0130202869320105,"mass_civil_protest"
"Nigeria",1998,100,2.66553816785446,0.0199967670135139,"mass_civil_protest"
"Nigeria",1999,100,2.24848974356816,0.0165666511157656,"mass_civil_protest"
"Nigeria",2000,544,10.7384771501235,0.078274568356724,"mass_civil_protest"
"Nigeria",2001,332,6.0241023749308,0.0439561358916885,"mass_civil_protest"
"Nigeria",2002,536,9.26548817025352,0.0679792129595098,"mass_civil_protest"
"Nigeria",2003,705,12.0391723404189,0.0884300306516556,"mass_civil_protest"
"Nigeria",2004,547,9.45447098553113,0.0695229494108177,"mass_civil_protest"
"Nigeria",2005,255,4.51431869397899,0.033378615697529,"mass_civil_protest"
"Nigeria",2006,199,3.61341338541385,0.0270607686388353,"mass_civil_protest"
"Nigeria",2007,161,3.01390479850809,0.0230062403296192,"mass_civil_protest"
"Nigeria",2008,62,1.19304502532413,0.00929871262969178,"mass_civil_protest"
"Nigeria",2009,153,2.98820091065137,0.0235889210208828,"mass_civil_protest"
"Nigeria",2010,225,4.37591953615031,0.0348925275596296,"mass_civil_protest"
"Nigeria",2011,466,8.97272648820372,0.0719940006344998,"mass_civil_protest"
"Nigeria",2012,383,7.32482217537064,0.0584503489791996,"mass_civil_protest"
"Nigeria",2013,217,4.18017044073567,0.0326015424884367,"mass_civil_protest"
"Nigeria",2014,605,11.9065282461002,0.0895155187671196,"mass_civil_protest"
"Nigeria",2015,398,8.09120677911454,0.0592812072887779,"mass_civil_protest"
"Nigeria",2016,183,3.89045766203429,0.0283338642073987,"mass_civil_protest"
"Nigeria",2017,108,2.40358025647323,0.0177460975427499,"mass_civil_protest"
"Nigeria",2018,91,2.09860022831102,0.0159600294466105,"mass_civil_protest"
"Nigeria",2019,161,3.76946225158854,0.0299609171460601,"mass_civil_protest"
"Nigeria",2020,227,5.27021688215826,0.0443609838833169,"mass_civil_protest"
"Nigeria",2021,134,3.03545597538463,0.0273497466312396,"mass_civil_protest"
"Nigeria",2022,116,2.57164141531914,0.0250213182019217,"mass_civil_protest"
"Nigeria",2023,70,1.54696745020307,0.0162695156303594,"mass_civil_protest"
"Nigeria",2024,81,1.8071586425208,0.0206785941037222,"mass_civil_protest"
"Nigeria",1990,223,331.564395387033,0.325604906527754,"political_violence"
"Nigeria",1991,441,507.256183097762,0.453708306100317,"political_violence"
"Nigeria",1992,623,579.898468411634,0.488967521409209,"political_violence"
"Nigeria",1993,804,609.721055456992,0.496706682759444,"political_violence"
"Nigeria",1994,386,236.655147065864,0.191114017920609,"political_violence"
"Nigeria",1995,260,127.854653190614,0.103413668514078,"political_violence"
"Nigeria",1996,426,166.85350159841,0.134851241304451,"political_violence"
"Nigeria",1997,471,147.68442239394,0.117933752788018,"political_violence"
"Nigeria",1998,661,168.994468365555,0.132178629959327,"political_violence"
"Nigeria",1999,1076,232.054132239401,0.178257166005637,"political_violence"
"Nigeria",2000,2530,479.016466721968,0.364034297688441,"political_violence"
"Nigeria",2001,2793,486.083993190669,0.369787613088813,"political_violence"
"Nigeria",2002,2549,422.629176788469,0.323281742227221,"political_violence"
"Nigeria",2003,2752,450.756572774439,0.345190701210434,"political_violence"
"Nigeria",2004,2028,336.204855995911,0.257756017194037,"political_violence"
"Nigeria",2005,1413,239.927661438564,0.184956799923955,"political_violence"
"Nigeria",2006,2606,453.863343518339,0.354373683782939,"political_violence"
"Nigeria",2007,1728,310.265520999321,0.246924119811068,"political_violence"
"Nigeria",2008,992,183.0892902073,0.148779402075069,"political_violence"
"Nigeria",2009,2014,377.280147626597,0.310510372131098,"political_violence"
"Nigeria",2010,2712,505.897599786003,0.420571265518735,"political_violence"
"Nigeria",2011,3856,712.133903456756,0.595727181215947,"political_violence"
"Nigeria",2012,4810,882.326884505654,0.734063129477676,"political_violence"
"Nigeria",2013,3193,589.955560423047,0.479708410901282,"political_violence"
"Nigeria",2014,5808,1096.33304316544,0.859348980164348,"political_violence"
"Nigeria",2015,6531,1273.49145732786,0.972777801012585,"political_violence"
"Nigeria",2016,3377,688.599635613016,0.522860434034893,"political_violence"
"Nigeria",2017,2497,533.015132541131,0.410296347817098,"political_violence"
"Nigeria",2018,2473,547.014154183969,0.433726954082063,"political_violence"
"Nigeria",2019,2059,462.376755600334,0.383164772694023,"political_violence"
"Nigeria",2020,1870,416.418831704997,0.365440704237016,"political_violence"
"Nigeria",2021,2701,586.853701919892,0.551281086947599,"political_violence"
"Nigeria",2022,2446,520.109754552417,0.527604692430176,"political_violence"
"Nigeria",2023,1734,367.55163002122,0.403019144329188,"political_violence"
"Nigeria",2024,1328,284.181275629086,0.339026826786952,"political_violence"
"Senegal",1990,3,0.0359626204531933,0.0182523543369862,"instability_of_regime"
"Senegal",1991,8,0.0741900726961942,0.0445735548965911,"instability_of_regime"
"Senegal",1992,10,0.0750465902282933,0.0520132669581976,"instability_of_regime"
"Senegal",1993,11,0.0672565953516332,0.0535492619691198,"instability_of_regime"
"Senegal",1994,2,0.00988611584261539,0.00864499529521931,"instability_of_regime"
"Senegal",1995,0,0,0,"instability_of_regime"
"Senegal",1996,3,0.00947357789658965,0.00822878931537939,"instability_of_regime"
"Senegal",1997,2,0.00505604379296561,0.00410300511406876,"instability_of_regime"
"Senegal",1998,8,0.0164902813849938,0.0124897865366806,"instability_of_regime"
"Senegal",1999,5,0.00869388896064763,0.00624794794811906,"instability_of_regime"
"Senegal",2000,51,0.0778515291903268,0.0535166053714564,"instability_of_regime"
"Senegal",2001,40,0.0561264307748301,0.0377378416948723,"instability_of_regime"
"Senegal",2002,20,0.0267353999712977,0.0180155059694097,"instability_of_regime"
"Senegal",2003,20,0.0264113550733404,0.0184043646570056,"instability_of_regime"
"Senegal",2004,5,0.00668302499171695,0.00472924269367779,"instability_of_regime"
"Senegal",2005,5,0.00684502774967339,0.00476635505578183,"instability_of_regime"
"Senegal",2006,8,0.011233309724505,0.00754017603596811,"instability_of_regime"
"Senegal",2007,15,0.0217144126548217,0.0140551932752222,"instability_of_regime"
"Senegal",2008,7,0.0104163690509605,0.00664064751162669,"instability_of_regime"
"Senegal",2009,11,0.016613618056783,0.0105696036592913,"instability_of_regime"
"Senegal",2010,19,0.0285754832936706,0.0182344015779355,"instability_of_regime"
"Senegal",2011,42,0.0625375664069779,0.03976565344926,"instability_of_regime"
"Senegal",2012,73,0.107962851299061,0.0691746059038514,"instability_of_regime"
"Senegal",2013,10,0.0148966093816609,0.00989039386529469,"instability_of_regime"
"Senegal",2014,9,0.0136969999819409,0.00937930033646503,"instability_of_regime"
"Senegal",2015,8,0.0125768936598432,0.00867629015545087,"instability_of_regime"
"Senegal",2016,25,0.0411000912612914,0.0276327064667027,"instability_of_regime"
"Senegal",2017,30,0.0516308531032584,0.0328539031570054,"instability_of_regime"
"Senegal",2018,6,0.0107002210011609,0.00637779456092537,"instability_of_regime"
"Senegal",2019,14,0.0253474766691587,0.0140931735430447,"instability_of_regime"
"Senegal",2020,11,0.0197491536933008,0.0102097339860216,"instability_of_regime"
"Senegal",2021,12,0.0210210090881685,0.0100387814301722,"instability_of_regime"
"Senegal",2022,13,0.022286863244727,0.00970954814289774,"instability_of_regime"
"Senegal",2023,22,0.0375975019395016,0.014932916599077,"instability_of_regime"
"Senegal",2024,70,0.120770947623734,0.0434875295433925,"instability_of_regime"
"Senegal",1990,10,0.759544977130152,0.0608411811232873,"instability_within_regime"
"Senegal",1991,21,1.23395273711611,0.117005581603552,"instability_within_regime"
"Senegal",1992,44,2.09221861814384,0.228858374616069,"instability_within_regime"
"Senegal",1993,70,2.71183745593093,0.34076803071258,"instability_within_regime"
"Senegal",1994,15,0.469797152102881,0.0648374647141448,"instability_within_regime"
"Senegal",1995,9,0.226087301819865,0.031972145173649,"instability_within_regime"
"Senegal",1996,14,0.280120074193141,0.0384010168051038,"instability_within_regime"
"Senegal",1997,13,0.208232064473334,0.026669533241447,"instability_within_regime"
"Senegal",1998,66,0.861996368534898,0.103040738927615,"instability_within_regime"
"Senegal",1999,31,0.341530268705254,0.0387372772783382,"instability_within_regime"
"Senegal",2000,187,1.80868109538664,0.196227553028673,"instability_within_regime"
"Senegal",2001,112,0.995746704642689,0.105665956745642,"instability_within_regime"
"Senegal",2002,99,0.838523630320522,0.0891767545485781,"instability_within_regime"
"Senegal",2003,58,0.485302024550788,0.0533726575053163,"instability_within_regime"
"Senegal",2004,50,0.423444509926681,0.0472924269367779,"instability_within_regime"
"Senegal",2005,57,0.494428487685689,0.0543364476359128,"instability_within_regime"
"Senegal",2006,61,0.542713972264866,0.0574938422742569,"instability_within_regime"
"Senegal",2007,174,1.59598754309329,0.163040241992577,"instability_within_regime"
"Senegal",2008,49,0.461995579161579,0.0464845325813868,"instability_within_regime"
"Senegal",2009,76,0.727291564320986,0.0730263525551038,"instability_within_regime"
"Senegal",2010,67,0.638466635749084,0.0643002581958778,"instability_within_regime"
"Senegal",2011,192,1.81140823022295,0.181785844339474,"instability_within_regime"
"Senegal",2012,469,4.39488736966452,0.444423152998716,"instability_within_regime"
"Senegal",2013,73,0.689022987481483,0.0721998752166513,"instability_within_regime"
"Senegal",2014,61,0.588215144709407,0.0635708133915963,"instability_within_regime"
"Senegal",2015,59,0.587704254713966,0.0639876398964502,"instability_within_regime"
"Senegal",2016,102,1.06249371708906,0.112741442384147,"instability_within_regime"
"Senegal",2017,173,1.88650330638944,0.189457508205398,"instability_within_regime"
"Senegal",2018,42,0.474585220089951,0.0446445619264776,"instability_within_regime"
"Senegal",2019,118,1.3536678826725,0.118785319862805,"instability_within_regime"
"Senegal",2020,41,0.466404876421494,0.0380544630388078,"instability_within_regime"
"Senegal",2021,100,1.10993037116876,0.0836565119181013,"instability_within_regime"
"Senegal",2022,194,2.10732125261751,0.144896333824782,"instability_within_regime"
"Senegal",2023,235,2.54464728560818,0.159510700035596,"instability_within_regime"
"Senegal",2024,647,7.07281235053687,0.401949023065356,"instability_within_regime"
"Senegal",1990,4,0.0841132415950942,0.0243364724493149,"mass_civil_protest"
"Senegal",1991,12,0.195214179577695,0.0668603323448866,"mass_civil_protest"
"Senegal",1992,5,0.0658226364126084,0.0260066334790988,"mass_civil_protest"
"Senegal",1993,19,0.203784007594011,0.0924941797648432,"mass_civil_protest"
"Senegal",1994,16,0.138736261122455,0.0691599623617545,"mass_civil_protest"
"Senegal",1995,5,0.034773991907721,0.0177623028742495,"mass_civil_protest"
"Senegal",1996,5,0.0276972776296615,0.0137146488589657,"mass_civil_protest"
"Senegal",1997,5,0.0221730348612915,0.0102575127851719,"mass_civil_protest"
"Senegal",1998,9,0.0325427981930867,0.0140510098537657,"mass_civil_protest"
"Senegal",1999,12,0.0366015632898436,0.0149950750754857,"mass_civil_protest"
"Senegal",2000,36,0.0963992769474556,0.037776427321028,"mass_civil_protest"
"Senegal",2001,34,0.0836875117063165,0.0320771654406414,"mass_civil_protest"
"Senegal",2002,11,0.0257942960090973,0.00990852828317535,"mass_civil_protest"
"Senegal",2003,19,0.0440137724052464,0.0174841464241553,"mass_civil_protest"
"Senegal",2004,22,0.0515822243340614,0.0208086678521823,"mass_civil_protest"
"Senegal",2005,18,0.0432266936352284,0.0171588782008146,"mass_civil_protest"
"Senegal",2006,11,0.0270947242707072,0.0103677420494562,"mass_civil_protest"
"Senegal",2007,35,0.0888790034137993,0.0327954509755184,"mass_civil_protest"
"Senegal",2008,20,0.052206264378679,0.0189732786046477,"mass_civil_protest"
"Senegal",2009,17,0.0450396246285513,0.0163348420189048,"mass_civil_protest"
"Senegal",2010,21,0.0554030383274308,0.0201538122703498,"mass_civil_protest"
"Senegal",2011,99,0.258583723878447,0.0937333259875414,"mass_civil_protest"
"Senegal",2012,190,0.492923349347502,0.180043494818243,"mass_civil_protest"
"Senegal",2013,15,0.0391970148194707,0.014835590797942,"mass_civil_protest"
"Senegal",2014,20,0.0533933592755706,0.020842889636589,"mass_civil_protest"
"Senegal",2015,32,0.0882485715663916,0.0347051606218035,"mass_civil_protest"
"Senegal",2016,27,0.077864741457763,0.0298433229840389,"mass_civil_protest"
"Senegal",2017,13,0.0392469310908102,0.0142366913680357,"mass_civil_protest"
"Senegal",2018,29,0.0907222472342017,0.0308260070444726,"mass_civil_protest"
"Senegal",2019,13,0.041288048176937,0.0130865182899701,"mass_civil_protest"
"Senegal",2020,9,0.0283447491666849,0.00835341871583585,"mass_civil_protest"
"Senegal",2021,55,0.169008795894911,0.0460110815549557,"mass_civil_protest"
"Senegal",2022,38,0.114278227767084,0.0283817561100088,"mass_civil_protest"
"Senegal",2023,64,0.191862715887076,0.0434412119245878,"mass_civil_protest"
"Senegal",2024,109,0.329887026331708,0.0677162960032825,"mass_civil_protest"
"Senegal",1990,39,5.58515131560028,0.23728060638082,"political_violence"
"Senegal",1991,121,13.4054513796687,0.67417501781094,"political_violence"
"Senegal",1992,153,13.7171111388649,0.795802984460423,"political_violence"
"Senegal",1993,180,13.1478566577337,0.876260650403778,"political_violence"
"Senegal",1994,64,3.7793397500813,0.276639849447018,"political_violence"
"Senegal",1995,100,4.73642322571513,0.355246057484989,"political_violence"
"Senegal",1996,11,0.414978620638574,0.0301722274897244,"political_violence"
"Senegal",1997,99,2.98989741541613,0.203098753146404,"political_violence"
"Senegal",1998,184,4.53102193132293,0.287265090343654,"political_violence"
"Senegal",1999,105,2.18109029670936,0.1312069069105,"political_violence"
"Senegal",2000,390,7.11216527539251,0.409244629311137,"political_violence"
"Senegal",2001,298,4.995327424486,0.281146920626799,"political_violence"
"Senegal",2002,284,4.53539682777308,0.255820184765618,"political_violence"
"Senegal",2003,159,2.5084074065541,0.146314699023195,"political_violence"
"Senegal",2004,115,1.83628963618561,0.108772581954589,"political_violence"
"Senegal",2005,105,1.71725492160033,0.100093456171418,"political_violence"
"Senegal",2006,145,2.432349681735,0.136665690651922,"political_violence"
"Senegal",2007,187,3.23399017493096,0.17522140949777,"political_violence"
"Senegal",2008,128,2.27545656569706,0.121428983069745,"political_violence"
"Senegal",2009,118,2.12908894997318,0.113383021072398,"political_violence"
"Senegal",2010,160,2.87475096145021,0.153552855393141,"political_violence"
"Senegal",2011,345,6.13692821993751,0.326646439047493,"political_violence"
"Senegal",2012,594,10.4948972866224,0.562872820642298,"political_violence"
"Senegal",2013,193,3.43466987333763,0.190884601600188,"political_violence"
"Senegal",2014,194,3.52715818784305,0.202176029474913,"political_violence"
"Senegal",2015,236,4.43236653014154,0.255950559585801,"political_violence"
"Senegal",2016,231,4.53685625453002,0.255326207752333,"political_violence"
"Senegal",2017,241,4.95501930386245,0.263926355361277,"political_violence"
"Senegal",2018,135,2.87617646108127,0.143500377620821,"political_violence"
"Senegal",2019,97,2.09806380942111,0.0976455595482383,"political_violence"
"Senegal",2020,123,2.63816028278318,0.114163389116423,"political_violence"
"Senegal",2021,215,4.49936303219945,0.179861500623918,"political_violence"
"Senegal",2022,307,6.28759027054815,0.229294713836123,"political_violence"
"Senegal",2023,507,10.3510529647986,0.344135850715094,"political_violence"
"Senegal",2024,581,11.9751463102656,0.360946495210157,"political_violence"
"Togo",1990,3,0.0353612388402636,0.0221191945512807,"instability_of_regime"
"Togo",1991,51,0.46505265468509,0.326175570881413,"instability_of_regime"
"Togo",1992,48,0.354199826522299,0.285844736027219,"instability_of_regime"
"Togo",1993,21,0.126251815050466,0.122930927569188,"instability_of_regime"
"Togo",1994,14,0.0680455732578678,0.0827034733357488,"instability_of_regime"
"Togo",1995,1,0.00389839985543183,0.00574695823626431,"instability_of_regime"
"Togo",1996,2,0.00621010457435308,0.0101676216218892,"instability_of_regime"
"Togo",1997,2,0.0049714945656585,0.00827915621144814,"instability_of_regime"
"Togo",1998,2,0.00405363104279949,0.00659770627455813,"instability_of_regime"
"Togo",1999,4,0.0068388049616867,0.0108204983551852,"instability_of_regime"
"Togo",2000,10,0.0150097380693528,0.0232381589224111,"instability_of_regime"
"Togo",2001,3,0.0041390896273746,0.00612370445190321,"instability_of_regime"
"Togo",2002,68,0.089380286994345,0.122534739079825,"instability_of_regime"
"Togo",2003,12,0.0155818161703587,0.0195717222304006,"instability_of_regime"
"Togo",2004,6,0.00788552246514294,0.00901947823769334,"instability_of_regime"
"Togo",2005,53,0.0713439614685021,0.0753914958254012,"instability_of_regime"
"Togo",2006,5,0.00690341358487557,0.00738468307230657,"instability_of_regime"
"Togo",2007,15,0.0213512953863464,0.0245658095487469,"instability_of_regime"
"Togo",2008,0,0,0,"instability_of_regime"
"Togo",2009,2,0.0029701451557885,0.00410036254826037,"instability_of_regime"
"Togo",2010,9,0.0133094048222236,0.0200472684663554,"instability_of_regime"
"Togo",2011,3,0.00439227055032286,0.00747488929560899,"instability_of_regime"
"Togo",2012,26,0.037809503611583,0.0727711561273662,"instability_of_regime"
"Togo",2013,29,0.0424777563839602,0.0919365344634049,"instability_of_regime"
"Togo",2014,7,0.0104750746796115,0.0258836483116566,"instability_of_regime"
"Togo",2015,11,0.017004044354487,0.0469474516479153,"instability_of_regime"
"Togo",2016,0,0,0,"instability_of_regime"
"Togo",2017,41,0.0693821965782249,0.219832863649738,"instability_of_regime"
"Togo",2018,24,0.0420851501584121,0.14477954841578,"instability_of_regime"
"Togo",2019,9,0.0160223180283311,0.0603120534224258,"instability_of_regime"
"Togo",2020,17,0.0300110277163629,0.122530546304759,"instability_of_regime"
"Togo",2021,0,0,0,"instability_of_regime"
"Togo",2022,4,0.00674282253043453,0.0313516060207435,"instability_of_regime"
"Togo",2023,2,0.00336079828829841,0.0159431317085643,"instability_of_regime"
"Togo",2024,84,0.14250163987175,0.663761794052972,"instability_of_regime"
"Togo",1990,2,0.0996689793162079,0.0147461297008538,"instability_within_regime"
"Togo",1991,138,5.32028425161747,0.88259272120853,"instability_within_regime"
"Togo",1992,129,4.02458046934319,0.768207728073152,"instability_within_regime"
"Togo",1993,142,3.60936230438899,0.831247224515464,"instability_within_regime"
"Togo",1994,85,1.74668489858115,0.502128230967046,"instability_within_regime"
"Togo",1995,5,0.0824100513656762,0.0287347911813216,"instability_within_regime"
"Togo",1996,18,0.236300815895537,0.0915085945970026,"instability_within_regime"
"Togo",1997,8,0.0840757516341974,0.0331166248457925,"instability_within_regime"
"Togo",1998,34,0.291351284236041,0.112161006667488,"instability_within_regime"
"Togo",1999,53,0.383106829992311,0.143371603206203,"instability_within_regime"
"Togo",2000,42,0.266530063145793,0.0976002674741265,"instability_within_regime"
"Togo",2001,45,0.262494306470746,0.0918555667785481,"instability_within_regime"
"Togo",2002,255,1.41708796854555,0.459505271549343,"instability_within_regime"
"Togo",2003,129,0.708190894974065,0.210396013976807,"instability_within_regime"
"Togo",2004,11,0.0611217396065189,0.0165357101024378,"instability_within_regime"
"Togo",2005,361,2.05452935579712,0.513515660244714,"instability_within_regime"
"Togo",2006,24,0.140097029975516,0.0354464787470715,"instability_within_regime"
"Togo",2007,108,0.649950861189272,0.176873828750978,"instability_within_regime"
"Togo",2008,7,0.0433028318740597,0.0129651281706708,"instability_within_regime"
"Togo",2009,37,0.232312833095015,0.0758567071428169,"instability_within_regime"
"Togo",2010,193,1.20669422050137,0.429902534889622,"instability_within_regime"
"Togo",2011,30,0.185700418165011,0.0747488929560899,"instability_within_regime"
"Togo",2012,83,0.510304641300812,0.232307921483515,"instability_within_regime"
"Togo",2013,79,0.489231555669217,0.25044780077962,"instability_within_regime"
"Togo",2014,20,0.126535644574898,0.0739532808904475,"instability_within_regime"
"Togo",2015,109,0.712376919436112,0.465206566329343,"instability_within_regime"
"Togo",2016,6,0.0410066194818343,0.0289458698279908,"instability_within_regime"
"Togo",2017,72,0.515134317650971,0.386047955677589,"instability_within_regime"
"Togo",2018,35,0.259483341502511,0.211136841439679,"instability_within_regime"
"Togo",2019,13,0.097847557452684,0.0871174104990594,"instability_within_regime"
"Togo",2020,82,0.61202561244858,0.591029693940604,"instability_within_regime"
"Togo",2021,4,0.0291294473763583,0.0304948704820634,"instability_within_regime"
"Togo",2022,20,0.142539598730104,0.156758030103717,"instability_within_regime"
"Togo",2023,14,0.09946362553226,0.11160192195995,"instability_within_regime"
"Togo",2024,93,0.667033004030386,0.734879129130076,"instability_within_regime"
"Togo",1991,59,0.814726555440682,0.377340366313792,"mass_civil_protest"
"Togo",1992,48,0.536384541214617,0.285844736027219,"mass_civil_protest"
"Togo",1993,65,0.591779070062397,0.380500490095107,"mass_civil_protest"
"Togo",1994,9,0.0662433458148885,0.0531665185729813,"mass_civil_protest"
"Togo",1995,0,0,0,"mass_civil_protest"
"Togo",1996,0,0,0,"mass_civil_protest"
"Togo",1997,2,0.00752861134330287,0.00827915621144814,"mass_civil_protest"
"Togo",1998,12,0.0368318366808987,0.0395862376473488,"mass_civil_protest"
"Togo",1999,9,0.0233018630194025,0.0243461212991666,"mass_civil_protest"
"Togo",2000,5,0.0113650415178485,0.0116190794612055,"mass_civil_protest"
"Togo",2001,16,0.0334296221071805,0.0326597570768171,"mass_civil_protest"
"Togo",2002,155,0.308526476220516,0.279307125843718,"mass_civil_protest"
"Togo",2003,37,0.0727556061117427,0.0603461435437353,"mass_civil_protest"
"Togo",2004,2,0.00398049540870019,0.00300649274589778,"mass_civil_protest"
"Togo",2005,91,0.185502877985874,0.129445775851161,"mass_civil_protest"
"Togo",2006,0,0,0,"mass_civil_protest"
"Togo",2007,8,0.0172445102793554,0.013101765092665,"mass_civil_protest"
"Togo",2008,0,0,0,"mass_civil_protest"
"Togo",2009,3,0.00674678455818554,0.00615054382239056,"mass_civil_protest"
"Togo",2010,113,0.253059402106335,0.251704592966462,"mass_civil_protest"
"Togo",2011,8,0.0177372270122749,0.019933038121624,"mass_civil_protest"
"Togo",2012,49,0.107907496402779,0.137145640393882,"mass_civil_protest"
"Togo",2013,34,0.0754171988344122,0.107787661095026,"mass_civil_protest"
"Togo",2014,14,0.0317259789841174,0.0517672966233132,"mass_civil_protest"
"Togo",2015,20,0.0468184949281617,0.0853590029962096,"mass_civil_protest"
"Togo",2016,0,0,0,"mass_civil_protest"
"Togo",2017,52,0.133258659650567,0.278812412433814,"mass_civil_protest"
"Togo",2018,17,0.0451434212388721,0.102552180127844,"mass_civil_protest"
"Togo",2019,8,0.0215675460543205,0.0536107141532674,"mass_civil_protest"
"Togo",2020,10,0.0267337483261801,0.0720767919439761,"mass_civil_protest"
"Togo",2021,3,0.00782523915680086,0.0228711528615475,"mass_civil_protest"
"Togo",2022,4,0.0102110320182526,0.0313516060207435,"mass_civil_protest"
"Togo",2023,1,0.00254472209329317,0.00797156585428213,"mass_civil_protest"
"Togo",2024,11,0.0282592850344242,0.0869211873164606,"mass_civil_protest"
"Togo",1990,5,0.421368050126044,0.0368653242521346,"political_violence"
"Togo",1991,293,19.1022688597693,1.87391063271086,"political_violence"
"Togo",1992,211,11.1320447462318,1.25652581878632,"political_violence"
"Togo",1993,276,11.8634990290182,1.61566361948076,"political_violence"
"Togo",1994,144,5.00402781299259,0.850664297167702,"political_violence"
"Togo",1995,10,0.278722329799922,0.0574695823626431,"political_violence"
"Togo",1996,7,0.15540047399155,0.0355866756766121,"political_violence"
"Togo",1997,8,0.142177980639648,0.0331166248457925,"political_violence"
"Togo",1998,31,0.449222289134184,0.102264447255651,"political_violence"
"Togo",1999,130,1.58909170393751,0.351666196543518,"political_violence"
"Togo",2000,72,0.772664557268071,0.16731474424136,"political_violence"
"Togo",2001,82,0.808877601511105,0.167381255018688,"political_violence"
"Togo",2002,740,6.95424413835353,1.33346627822162,"political_violence"
"Togo",2003,257,2.385917018326,0.41916105110108,"political_violence"
"Togo",2004,34,0.319479886359884,0.0511103766802623,"political_violence"
"Togo",2005,494,4.75437770898184,0.702705640334872,"political_violence"
"Togo",2006,37,0.365242236836811,0.0546466547350686,"political_violence"
"Togo",2007,69,0.702210698468235,0.113002723924236,"political_violence"
"Togo",2008,11,0.115072759291117,0.0203737728396255,"political_violence"
"Togo",2009,59,0.626448064507786,0.120960695173681,"political_violence"
"Togo",2010,312,3.29880087230914,0.694971973500321,"political_violence"
"Togo",2011,41,0.429177619691525,0.102156820373323,"political_violence"
"Togo",2012,74,0.769386795888869,0.207117905900965,"political_violence"
"Togo",2013,91,0.952994393225039,0.288490504695512,"political_violence"
"Togo",2014,33,0.353068041897925,0.122022913469238,"political_violence"
"Togo",2015,74,0.817855625000541,0.315828311085976,"political_violence"
"Togo",2016,28,0.323610297160477,0.135080725863957,"political_violence"
"Togo",2017,137,1.65756335468871,0.734563471219857,"political_violence"
"Togo",2018,52,0.651938102737397,0.313689021567524,"political_violence"
"Togo",2019,32,0.40730355247833,0.214442856613069,"political_violence"
"Togo",2020,78,0.984491408616245,0.562198977163013,"political_violence"
"Togo",2021,32,0.394079474723122,0.243958963856507,"political_violence"
"Togo",2022,152,1.83193772939112,1.19136102878825,"political_violence"
"Togo",2023,34,0.40848559875529,0.271033239045592,"political_violence"
"Togo",2024,64,0.776257718199982,0.505723271659407,"political_violence"
