"country","date","count","NBS_A","NBS_B","list_element"
"Benin",1990-01-01,3,0.044482647388672,0.368702006687617,"instability_of_regime"
"Benin",1990-04-01,2,0.026909472556264,0.191491578000868,"instability_of_regime"
"Benin",1990-07-01,0,0,0,"instability_of_regime"
"Benin",1990-10-01,3,0.0339338298448989,0.194041967151392,"instability_of_regime"
"Benin",1991-01-01,5,0.0519411984724022,0.291390183734637,"instability_of_regime"
"Benin",1991-04-01,0,0,0,"instability_of_regime"
"Benin",1991-07-01,1,0.00909599154553321,0.0695541892762116,"instability_of_regime"
"Benin",1991-10-01,0,0,0,"instability_of_regime"
"Benin",1992-01-01,0,0,0,"instability_of_regime"
"Benin",1992-04-01,0,0,0,"instability_of_regime"
"Benin",1992-07-01,1,0.00909901388407421,0.078415277197956,"instability_of_regime"
"Benin",1992-10-01,1,0.00893370745475018,0.0683643744135435,"instability_of_regime"
"Benin",1993-01-01,3,0.0257480307153581,0.181967529505605,"instability_of_regime"
"Benin",1993-04-01,1,0.00811538271253184,0.0577022746679293,"instability_of_regime"
"Benin",1993-07-01,2,0.0151247196255075,0.113563101282248,"instability_of_regime"
"Benin",1993-10-01,0,0,0,"instability_of_regime"
"Benin",1994-01-01,0,0,0,"instability_of_regime"
"Benin",1994-04-01,0,0,0,"instability_of_regime"
"Benin",1994-07-01,0,0,0,"instability_of_regime"
"Benin",1994-10-01,1,0.00585420307156809,0.0430959326825561,"instability_of_regime"
"Benin",1995-01-01,0,0,0,"instability_of_regime"
"Benin",1995-04-01,0,0,0,"instability_of_regime"
"Benin",1995-07-01,0,0,0,"instability_of_regime"
"Benin",1995-10-01,0,0,0,"instability_of_regime"
"Benin",1996-01-01,2,0.0100183607793178,0.0497526030588775,"instability_of_regime"
"Benin",1996-04-01,0,0,0,"instability_of_regime"
"Benin",1996-07-01,1,0.00427369201545837,0.032658885236158,"instability_of_regime"
"Benin",1996-10-01,0,0,0,"instability_of_regime"
"Benin",1997-01-01,0,0,0,"instability_of_regime"
"Benin",1997-04-01,0,0,0,"instability_of_regime"
"Benin",1997-07-01,0,0,0,"instability_of_regime"
"Benin",1997-10-01,0,0,0,"instability_of_regime"
"Benin",1998-01-01,0,0,0,"instability_of_regime"
"Benin",1998-04-01,3,0.00824194701840537,0.0851003768218508,"instability_of_regime"
"Benin",1998-07-01,0,0,0,"instability_of_regime"
"Benin",1998-10-01,0,0,0,"instability_of_regime"
"Benin",1999-01-01,0,0,0,"instability_of_regime"
"Benin",1999-04-01,2,0.00416805233862836,0.0456626395580381,"instability_of_regime"
"Benin",1999-07-01,0,0,0,"instability_of_regime"
"Benin",1999-10-01,0,0,0,"instability_of_regime"
"Benin",2000-01-01,0,0,0,"instability_of_regime"
"Benin",2000-04-01,3,0.00503589895050053,0.0406267141197382,"instability_of_regime"
"Benin",2000-07-01,1,0.00166978329689556,0.0115191745071222,"instability_of_regime"
"Benin",2000-10-01,5,0.00844421973304824,0.0506625325591793,"instability_of_regime"
"Benin",2001-01-01,3,0.00513427341636795,0.0287573420005445,"instability_of_regime"
"Benin",2001-04-01,2,0.00345351999093254,0.0203322282416915,"instability_of_regime"
"Benin",2001-07-01,0,0,0,"instability_of_regime"
"Benin",2001-10-01,0,0,0,"instability_of_regime"
"Benin",2002-01-01,0,0,0,"instability_of_regime"
"Benin",2002-04-01,2,0.00305262105159961,0.0535053949474558,"instability_of_regime"
"Benin",2002-07-01,0,0,0,"instability_of_regime"
"Benin",2002-10-01,0,0,0,"instability_of_regime"
"Benin",2003-01-01,0,0,0,"instability_of_regime"
"Benin",2003-04-01,1,0.00150246652666589,0.0149842320861448,"instability_of_regime"
"Benin",2003-07-01,0,0,0,"instability_of_regime"
"Benin",2003-10-01,0,0,0,"instability_of_regime"
"Benin",2004-01-01,1,0.0016944799680673,0.0106621568268922,"instability_of_regime"
"Benin",2004-04-01,0,0,0,"instability_of_regime"
"Benin",2004-07-01,3,0.00519104479532967,0.0318307265792539,"instability_of_regime"
"Benin",2004-10-01,2,0.00349614021618407,0.0203729526035887,"instability_of_regime"
"Benin",2005-01-01,3,0.0053362169194274,0.0289982502497648,"instability_of_regime"
"Benin",2005-04-01,6,0.0108348290717275,0.0585603540132604,"instability_of_regime"
"Benin",2005-07-01,0,0,0,"instability_of_regime"
"Benin",2005-10-01,0,0,0,"instability_of_regime"
"Benin",2006-01-01,6,0.0101985997644923,0.0691246923328419,"instability_of_regime"
"Benin",2006-04-01,6,0.00987159437170674,0.0747246464623439,"instability_of_regime"
"Benin",2006-07-01,1,0.00162442466981493,0.0137248278282404,"instability_of_regime"
"Benin",2006-10-01,1,0.00162636566704002,0.0146776705652374,"instability_of_regime"
"Benin",2007-01-01,1,0.00165042631446052,0.0149807580431055,"instability_of_regime"
"Benin",2007-04-01,1,0.00169142589042465,0.0148456616798466,"instability_of_regime"
"Benin",2007-07-01,0,0,0,"instability_of_regime"
"Benin",2007-10-01,0,0,0,"instability_of_regime"
"Benin",2008-01-01,0,0,0,"instability_of_regime"
"Benin",2008-04-01,0,0,0,"instability_of_regime"
"Benin",2008-07-01,0,0,0,"instability_of_regime"
"Benin",2008-10-01,0,0,0,"instability_of_regime"
"Benin",2009-01-01,1,0.00214605979165954,0.0265031875665236,"instability_of_regime"
"Benin",2009-04-01,0,0,0,"instability_of_regime"
"Benin",2009-07-01,0,0,0,"instability_of_regime"
"Benin",2009-10-01,0,0,0,"instability_of_regime"
"Benin",2010-01-01,0,0,0,"instability_of_regime"
"Benin",2010-04-01,0,0,0,"instability_of_regime"
"Benin",2010-07-01,0,0,0,"instability_of_regime"
"Benin",2010-10-01,0,0,0,"instability_of_regime"
"Benin",2011-01-01,0,0,0,"instability_of_regime"
"Benin",2011-04-01,2,0.003531156706097,0.0347333246311006,"instability_of_regime"
"Benin",2011-07-01,1,0.0017637978964038,0.0184613571730057,"instability_of_regime"
"Benin",2011-10-01,1,0.00173108096212665,0.019808256565998,"instability_of_regime"
"Benin",2012-01-01,0,0,0,"instability_of_regime"
"Benin",2012-04-01,0,0,0,"instability_of_regime"
"Benin",2012-07-01,0,0,0,"instability_of_regime"
"Benin",2012-10-01,0,0,0,"instability_of_regime"
"Benin",2013-01-01,0,0,0,"instability_of_regime"
"Benin",2013-04-01,0,0,0,"instability_of_regime"
"Benin",2013-07-01,3,0.00562841745434116,0.0816987812637967,"instability_of_regime"
"Benin",2013-10-01,1,0.00192927782506816,0.0315767543475887,"instability_of_regime"
"Benin",2014-01-01,1,0.0019269298989507,0.037531207222045,"instability_of_regime"
"Benin",2014-04-01,0,0,0,"instability_of_regime"
"Benin",2014-07-01,0,0,0,"instability_of_regime"
"Benin",2014-10-01,0,0,0,"instability_of_regime"
"Benin",2015-01-01,1,0.00174105898401431,0.0330081585510349,"instability_of_regime"
"Benin",2015-04-01,10,0.0177374867742127,0.270210635215666,"instability_of_regime"
"Benin",2015-07-01,0,0,0,"instability_of_regime"
"Benin",2015-10-01,0,0,0,"instability_of_regime"
"Benin",2016-01-01,6,0.0117358013042999,0.113924798011625,"instability_of_regime"
"Benin",2016-04-01,3,0.00599749364802222,0.0589632120706841,"instability_of_regime"
"Benin",2016-07-01,0,0,0,"instability_of_regime"
"Benin",2016-10-01,0,0,0,"instability_of_regime"
"Benin",2017-01-01,1,0.00211262375330049,0.0280474717035428,"instability_of_regime"
"Benin",2017-04-01,0,0,0,"instability_of_regime"
"Benin",2017-07-01,0,0,0,"instability_of_regime"
"Benin",2017-10-01,1,0.0022959560550587,0.039372969481978,"instability_of_regime"
"Benin",2018-01-01,0,0,0,"instability_of_regime"
"Benin",2018-04-01,0,0,0,"instability_of_regime"
"Benin",2018-07-01,1,0.00236195576725319,0.0311440583193892,"instability_of_regime"
"Benin",2018-10-01,0,0,0,"instability_of_regime"
"Benin",2019-01-01,1,0.00240502286646349,0.0218636359212795,"instability_of_regime"
"Benin",2019-04-01,16,0.0393272800584735,0.307958166059309,"instability_of_regime"
"Benin",2019-07-01,0,0,0,"instability_of_regime"
"Benin",2019-10-01,2,0.00507534569523028,0.0400342841882716,"instability_of_regime"
"Benin",2020-01-01,0,0,0,"instability_of_regime"
"Benin",2020-04-01,1,0.00249541240404757,0.024778261272881,"instability_of_regime"
"Benin",2020-07-01,0,0,0,"instability_of_regime"
"Benin",2020-10-01,1,0.00230878511769773,0.0225858580935803,"instability_of_regime"
"Benin",2021-01-01,5,0.0109411550392806,0.0947605590451465,"instability_of_regime"
"Benin",2021-04-01,23,0.0476757974854886,0.373327019262278,"instability_of_regime"
"Benin",2021-07-01,0,0,0,"instability_of_regime"
"Benin",2021-10-01,2,0.00375124935762833,0.0286664977076575,"instability_of_regime"
"Benin",2022-01-01,0,0,0,"instability_of_regime"
"Benin",2022-04-01,0,0,0,"instability_of_regime"
"Benin",2022-07-01,0,0,0,"instability_of_regime"
"Benin",2022-10-01,0,0,0,"instability_of_regime"
"Benin",2023-01-01,13,0.0243443172836444,0.256921134460434,"instability_of_regime"
"Benin",2023-04-01,1,0.00188927312159555,0.0213192556440453,"instability_of_regime"
"Benin",2023-07-01,0,0,0,"instability_of_regime"
"Benin",2023-10-01,1,0.00199150012946954,0.022079837375379,"instability_of_regime"
"Benin",1990-01-01,4,0.401690920046576,0.49160267558349,"instability_within_regime"
"Benin",1990-04-01,2,0.182250126009471,0.191491578000868,"instability_within_regime"
"Benin",1990-07-01,0,0,0,"instability_within_regime"
"Benin",1990-10-01,3,0.229824079691118,0.194041967151392,"instability_within_regime"
"Benin",1991-01-01,34,2.39212313206145,1.98145324939553,"instability_within_regime"
"Benin",1991-04-01,10,0.651875777763234,0.612145264238222,"instability_within_regime"
"Benin",1991-07-01,2,0.123209074565723,0.139108378552423,"instability_within_regime"
"Benin",1991-10-01,4,0.239742597512543,0.316568749285436,"instability_within_regime"
"Benin",1992-01-01,1,0.0600759065304584,0.0867649983649942,"instability_within_regime"
"Benin",1992-04-01,0,0,0,"instability_within_regime"
"Benin",1992-07-01,3,0.18487502014027,0.235245831593868,"instability_within_regime"
"Benin",1992-10-01,3,0.181516301290078,0.20509312324063,"instability_within_regime"
"Benin",1993-01-01,6,0.348768028251627,0.363935059011209,"instability_within_regime"
"Benin",1993-04-01,2,0.109926310809813,0.115404549335859,"instability_within_regime"
"Benin",1993-07-01,10,0.512176901989295,0.567815506411239,"instability_within_regime"
"Benin",1993-10-01,1,0.0476733879959941,0.0576412846242831,"instability_within_regime"
"Benin",1994-01-01,1,0.0444694631018322,0.0574701251666797,"instability_within_regime"
"Benin",1994-04-01,5,0.209365704296539,0.276402973333573,"instability_within_regime"
"Benin",1994-07-01,2,0.0803026125581194,0.100003152048184,"instability_within_regime"
"Benin",1994-10-01,3,0.118946506132461,0.129287798047668,"instability_within_regime"
"Benin",1995-01-01,15,0.588646417095913,0.55395921288572,"instability_within_regime"
"Benin",1995-04-01,12,0.463077660633256,0.386168831551753,"instability_within_regime"
"Benin",1995-07-01,0,0,0,"instability_within_regime"
"Benin",1995-10-01,5,0.179717561300331,0.127507319153222,"instability_within_regime"
"Benin",1996-01-01,73,2.47657898673716,1.81597001164903,"instability_within_regime"
"Benin",1996-04-01,9,0.283567136655971,0.248071823999744,"instability_within_regime"
"Benin",1996-07-01,1,0.0289444881059792,0.032658885236158,"instability_within_regime"
"Benin",1996-10-01,0,0,0,"instability_within_regime"
"Benin",1997-01-01,0,0,0,"instability_within_regime"
"Benin",1997-04-01,0,0,0,"instability_within_regime"
"Benin",1997-07-01,0,0,0,"instability_within_regime"
"Benin",1997-10-01,0,0,0,"instability_within_regime"
"Benin",1998-01-01,0,0,0,"instability_within_regime"
"Benin",1998-04-01,9,0.167461017252615,0.255301130465552,"instability_within_regime"
"Benin",1998-07-01,2,0.0340559116534228,0.0516348538494379,"instability_within_regime"
"Benin",1998-10-01,1,0.0158811303557672,0.0244504113264568,"instability_within_regime"
"Benin",1999-01-01,11,0.164467094678826,0.259277388962273,"instability_within_regime"
"Benin",1999-04-01,11,0.155259615099273,0.25114451756921,"instability_within_regime"
"Benin",1999-07-01,0,0,0,"instability_within_regime"
"Benin",1999-10-01,1,0.0124551780030587,0.0193105926034038,"instability_within_regime"
"Benin",2000-01-01,12,0.140765714505641,0.195860216332535,"instability_within_regime"
"Benin",2000-04-01,9,0.102320090040491,0.121880142359215,"instability_within_regime"
"Benin",2000-07-01,7,0.0791627375609115,0.0806342215498553,"instability_within_regime"
"Benin",2000-10-01,23,0.263075260692567,0.233047649772225,"instability_within_regime"
"Benin",2001-01-01,82,0.950460870384099,0.786034014681549,"instability_within_regime"
"Benin",2001-04-01,6,0.0701690959056538,0.0609966847250746,"instability_within_regime"
"Benin",2001-07-01,3,0.0349305609427133,0.0371922091850451,"instability_within_regime"
"Benin",2001-10-01,1,0.0113299130676927,0.01639127038581,"instability_within_regime"
"Benin",2002-01-01,0,0,0,"instability_within_regime"
"Benin",2002-04-01,4,0.0413490506103351,0.107010789894912,"instability_within_regime"
"Benin",2002-07-01,1,0.00995645632088934,0.0275523879648044,"instability_within_regime"
"Benin",2002-10-01,6,0.05850763318817,0.142173324732481,"instability_within_regime"
"Benin",2003-01-01,12,0.118174811855457,0.225595175898328,"instability_within_regime"
"Benin",2003-04-01,8,0.0814061927783509,0.119873856689158,"instability_within_regime"
"Benin",2003-07-01,2,0.0212884324646696,0.0249420720833323,"instability_within_regime"
"Benin",2003-10-01,5,0.0557014067565518,0.0552992772269131,"instability_within_regime"
"Benin",2004-01-01,2,0.0229524519334291,0.0213243136537844,"instability_within_regime"
"Benin",2004-04-01,1,0.0116455444647388,0.0107042638924124,"instability_within_regime"
"Benin",2004-07-01,2,0.0234383032738513,0.0212204843861693,"instability_within_regime"
"Benin",2004-10-01,5,0.05919588293807,0.0509323815089718,"instability_within_regime"
"Benin",2005-01-01,15,0.1807033199826,0.144991251248824,"instability_within_regime"
"Benin",2005-04-01,25,0.30575493435826,0.244001475055251,"instability_within_regime"
"Benin",2005-07-01,5,0.0611941735256603,0.0521430977301343,"instability_within_regime"
"Benin",2005-10-01,4,0.0479075726085261,0.0442907308907366,"instability_within_regime"
"Benin",2006-01-01,69,0.794330138414825,0.794933961827682,"instability_within_regime"
"Benin",2006-04-01,16,0.178286593010078,0.199265723899584,"instability_within_regime"
"Benin",2006-07-01,8,0.0880140924791924,0.109798622625923,"instability_within_regime"
"Benin",2006-10-01,5,0.0550745368820918,0.0733883528261871,"instability_within_regime"
"Benin",2007-01-01,17,0.190023674881204,0.254672886732793,"instability_within_regime"
"Benin",2007-04-01,14,0.160377582068714,0.207839263517852,"instability_within_regime"
"Benin",2007-07-01,5,0.0589744977973413,0.0716207958594589,"instability_within_regime"
"Benin",2007-10-01,4,0.0485350500450281,0.0556076605234542,"instability_within_regime"
"Benin",2008-01-01,4,0.0501204846500217,0.0568481707265982,"instability_within_regime"
"Benin",2008-04-01,7,0.0915292752766963,0.111728740045576,"instability_within_regime"
"Benin",2008-07-01,0,0,0,"instability_within_regime"
"Benin",2008-10-01,3,0.042460684016671,0.0677363490499981,"instability_within_regime"
"Benin",2009-01-01,1,0.0145346463642508,0.0265031875665236,"instability_within_regime"
"Benin",2009-04-01,1,0.014608835849875,0.029364751715412,"instability_within_regime"
"Benin",2009-07-01,1,0.0142818662790795,0.0299377073871263,"instability_within_regime"
"Benin",2009-10-01,1,0.0136714170253493,0.0279997588335046,"instability_within_regime"
"Benin",2010-01-01,2,0.0260583841196756,0.0507763944683297,"instability_within_regime"
"Benin",2010-04-01,1,0.0126070431792661,0.023174520748428,"instability_within_regime"
"Benin",2010-07-01,5,0.0615710948234024,0.102480209619211,"instability_within_regime"
"Benin",2010-10-01,2,0.024136152269152,0.0363778894246534,"instability_within_regime"
"Benin",2011-01-01,98,1.17060685634147,1.65511643160455,"instability_within_regime"
"Benin",2011-04-01,16,0.191324078403925,0.277866597048805,"instability_within_regime"
"Benin",2011-07-01,1,0.0119456963789505,0.0184613571730057,"instability_within_regime"
"Benin",2011-10-01,5,0.0586205699165102,0.09904128282999,"instability_within_regime"
"Benin",2012-01-01,9,0.102669698629774,0.191358663541378,"instability_within_regime"
"Benin",2012-04-01,6,0.0675837408403186,0.133739849827875,"instability_within_regime"
"Benin",2012-07-01,2,0.0224243052902109,0.0451203971757745,"instability_within_regime"
"Benin",2012-10-01,16,0.179419220778738,0.356488913539676,"instability_within_regime"
"Benin",2013-01-01,9,0.102781664110664,0.202877233458722,"instability_within_regime"
"Benin",2013-04-01,4,0.0482059323070111,0.0966041336390809,"instability_within_regime"
"Benin",2013-07-01,5,0.0635327571076701,0.136164635439661,"instability_within_regime"
"Benin",2013-10-01,2,0.0261328887803936,0.0631535086951773,"instability_within_regime"
"Benin",2014-01-01,0,0,0,"instability_within_regime"
"Benin",2014-04-01,1,0.0127260113846159,0.0429685946150204,"instability_within_regime"
"Benin",2014-07-01,1,0.0123806169158111,0.0438307242675808,"instability_within_regime"
"Benin",2014-10-01,6,0.071996588076419,0.237105956074291,"instability_within_regime"
"Benin",2015-01-01,2,0.0235833845173354,0.0660163171020697,"instability_within_regime"
"Benin",2015-04-01,28,0.336366524472419,0.756589778603866,"instability_within_regime"
"Benin",2015-07-01,9,0.11185898983827,0.207682447073698,"instability_within_regime"
"Benin",2015-10-01,16,0.206211346369246,0.326072975703365,"instability_within_regime"
"Benin",2016-01-01,77,1.02003453231646,1.46203490781585,"instability_within_regime"
"Benin",2016-04-01,9,0.121857903844936,0.176889636212052,"instability_within_regime"
"Benin",2016-07-01,7,0.0966293966644089,0.150563990727749,"instability_within_regime"
"Benin",2016-10-01,7,0.0983373209107256,0.170312388361921,"instability_within_regime"
"Benin",2017-01-01,2,0.0286163873665364,0.0560949434070856,"instability_within_regime"
"Benin",2017-04-01,7,0.103318870166425,0.226626341034969,"instability_within_regime"
"Benin",2017-07-01,0,0,0,"instability_within_regime"
"Benin",2017-10-01,0,0,0,"instability_within_regime"
"Benin",2018-01-01,2,0.0315209653867465,0.0777206061877877,"instability_within_regime"
"Benin",2018-04-01,1,0.0158947745073027,0.0359506157475341,"instability_within_regime"
"Benin",2018-07-01,2,0.0319936955516793,0.0622881166387785,"instability_within_regime"
"Benin",2018-10-01,5,0.0804367286778117,0.129557583077977,"instability_within_regime"
"Benin",2019-01-01,1,0.0162885288647769,0.0218636359212795,"instability_within_regime"
"Benin",2019-04-01,49,0.815704128055521,0.943121883556633,"instability_within_regime"
"Benin",2019-07-01,5,0.0848605243325774,0.094018524525705,"instability_within_regime"
"Benin",2019-10-01,12,0.206243148890414,0.24020570512963,"instability_within_regime"
"Benin",2020-01-01,5,0.0859054706876904,0.112594964814051,"instability_within_regime"
"Benin",2020-04-01,7,0.118304978625149,0.173447828910167,"instability_within_regime"
"Benin",2020-07-01,4,0.0654239951404982,0.100509852022732,"instability_within_regime"
"Benin",2020-10-01,1,0.0156367382433608,0.0225858580935803,"instability_within_regime"
"Benin",2021-01-01,14,0.207483638529172,0.26532956532641,"instability_within_regime"
"Benin",2021-04-01,58,0.814255640644545,0.941433352922266,"instability_within_regime"
"Benin",2021-07-01,3,0.0400125470135703,0.0447936692049085,"instability_within_regime"
"Benin",2021-10-01,21,0.266764407970399,0.300998225930404,"instability_within_regime"
"Benin",2022-01-01,1,0.0122843402647061,0.0145561025143787,"instability_within_regime"
"Benin",2022-04-01,5,0.061336768428088,0.0771584156493209,"instability_within_regime"
"Benin",2022-07-01,4,0.0496488132549383,0.0662949491220868,"instability_within_regime"
"Benin",2022-10-01,1,0.0125414627648278,0.0181205309263616,"instability_within_regime"
"Benin",2023-01-01,29,0.367802686510886,0.57313176148866,"instability_within_regime"
"Benin",2023-04-01,1,0.012795504027705,0.0213192556440453,"instability_within_regime"
"Benin",2023-07-01,3,0.0388116966285916,0.0658234744645375,"instability_within_regime"
"Benin",2023-10-01,4,0.0539514327209231,0.088319349501516,"instability_within_regime"
"Benin",2024-01-01,3,0.0430550506573983,0.0659789270257655,"instability_within_regime"
"Benin",2024-04-01,1,0.0157442559867089,0.0225703415264798,"instability_within_regime"
"Benin",2024-07-01,0,0,0,"instability_within_regime"
"Benin",2024-10-01,2,0.0401691656337296,0.0574599070267229,"instability_within_regime"
"Benin",1990-01-01,2,0.0343942567150414,0.245801337791745,"mass_civil_protest"
"Benin",1990-04-01,1,0.0156049273396361,0.0957457890004339,"mass_civil_protest"
"Benin",1990-07-01,0,0,0,"mass_civil_protest"
"Benin",1990-10-01,0,0,0,"mass_civil_protest"
"Benin",1991-01-01,2,0.0240967525885386,0.116556073493855,"mass_civil_protest"
"Benin",1991-04-01,1,0.0111632012215294,0.0612145264238222,"mass_civil_protest"
"Benin",1991-07-01,0,0,0,"mass_civil_protest"
"Benin",1991-10-01,1,0.010263822298275,0.0791421873213591,"mass_civil_protest"
"Benin",1992-01-01,0,0,0,"mass_civil_protest"
"Benin",1992-04-01,0,0,0,"mass_civil_protest"
"Benin",1992-07-01,2,0.0211062405963458,0.156830554395912,"mass_civil_protest"
"Benin",1992-10-01,2,0.0207227927509103,0.136728748827087,"mass_civil_protest"
"Benin",1993-01-01,0,0,0,"mass_civil_protest"
"Benin",1993-04-01,1,0.00941229578525639,0.0577022746679293,"mass_civil_protest"
"Benin",1993-07-01,0,0,0,"mass_civil_protest"
"Benin",1993-10-01,1,0.00816394229184903,0.0576412846242831,"mass_civil_protest"
"Benin",1994-01-01,0,0,0,"mass_civil_protest"
"Benin",1994-04-01,0,0,0,"mass_civil_protest"
"Benin",1994-07-01,0,0,0,"mass_civil_protest"
"Benin",1994-10-01,0,0,0,"mass_civil_protest"
"Benin",1995-01-01,2,0.0134405534030251,0.0738612283847627,"mass_civil_protest"
"Benin",1995-04-01,0,0,0,"mass_civil_protest"
"Benin",1995-07-01,0,0,0,"mass_civil_protest"
"Benin",1995-10-01,0,0,0,"mass_civil_protest"
"Benin",1996-01-01,5,0.0290484682850318,0.124381507647194,"mass_civil_protest"
"Benin",1996-04-01,0,0,0,"mass_civil_protest"
"Benin",1996-07-01,0,0,0,"mass_civil_protest"
"Benin",1996-10-01,0,0,0,"mass_civil_protest"
"Benin",1997-01-01,0,0,0,"mass_civil_protest"
"Benin",1997-04-01,1,0.0041697674806536,0.0470760803777053,"mass_civil_protest"
"Benin",1997-07-01,0,0,0,"mass_civil_protest"
"Benin",1997-10-01,0,0,0,"mass_civil_protest"
"Benin",1998-01-01,0,0,0,"mass_civil_protest"
"Benin",1998-04-01,5,0.0159318103925956,0.141833961369751,"mass_civil_protest"
"Benin",1998-07-01,0,0,0,"mass_civil_protest"
"Benin",1998-10-01,0,0,0,"mass_civil_protest"
"Benin",1999-01-01,0,0,0,"mass_civil_protest"
"Benin",1999-04-01,1,0.00241707278937191,0.022831319779019,"mass_civil_protest"
"Benin",1999-07-01,0,0,0,"mass_civil_protest"
"Benin",1999-10-01,0,0,0,"mass_civil_protest"
"Benin",2000-01-01,2,0.00401762638865214,0.0326433693887559,"mass_civil_protest"
"Benin",2000-04-01,2,0.00389378806034444,0.0270844760798255,"mass_civil_protest"
"Benin",2000-07-01,3,0.0058098902458631,0.0345575235213665,"mass_civil_protest"
"Benin",2000-10-01,13,0.0254635783928072,0.131722584653866,"mass_civil_protest"
"Benin",2001-01-01,5,0.00992462950691771,0.0479289033342408,"mass_civil_protest"
"Benin",2001-04-01,1,0.00200271218292378,0.0101661141208458,"mass_civil_protest"
"Benin",2001-07-01,1,0.00199392222611484,0.0123974030616817,"mass_civil_protest"
"Benin",2001-10-01,0,0,0,"mass_civil_protest"
"Benin",2002-01-01,0,0,0,"mass_civil_protest"
"Benin",2002-04-01,4,0.00708091615040841,0.107010789894912,"mass_civil_protest"
"Benin",2002-07-01,0,0,0,"mass_civil_protest"
"Benin",2002-10-01,3,0.00500963914103427,0.0710866623662406,"mass_civil_protest"
"Benin",2003-01-01,2,0.00337285427955158,0.0375991959830547,"mass_civil_protest"
"Benin",2003-04-01,1,0.00174257454729628,0.0149842320861448,"mass_civil_protest"
"Benin",2003-07-01,4,0.00729117612283363,0.0498841441666647,"mass_civil_protest"
"Benin",2003-10-01,0,0,0,"mass_civil_protest"
"Benin",2004-01-01,1,0.00196527350916091,0.0106621568268922,"mass_civil_protest"
"Benin",2004-04-01,0,0,0,"mass_civil_protest"
"Benin",2004-07-01,2,0.00401374778236144,0.0212204843861693,"mass_civil_protest"
"Benin",2004-10-01,0,0,0,"mass_civil_protest"
"Benin",2005-01-01,1,0.00206299788106443,0.00966608341658828,"mass_civil_protest"
"Benin",2005-04-01,7,0.0146607239060171,0.0683204130154704,"mass_civil_protest"
"Benin",2005-07-01,0,0,0,"mass_civil_protest"
"Benin",2005-10-01,1,0.00205101144768355,0.0110726827226842,"mass_civil_protest"
"Benin",2006-01-01,1,0.00197140502547538,0.0115207820554736,"mass_civil_protest"
"Benin",2006-04-01,3,0.0057245831398128,0.0373623232311719,"mass_civil_protest"
"Benin",2006-07-01,0,0,0,"mass_civil_protest"
"Benin",2006-10-01,0,0,0,"mass_civil_protest"
"Benin",2007-01-01,0,0,0,"mass_civil_protest"
"Benin",2007-04-01,1,0.00196173136171796,0.0148456616798466,"mass_civil_protest"
"Benin",2007-07-01,1,0.00201984552366502,0.0143241591718918,"mass_civil_protest"
"Benin",2007-10-01,0,0,0,"mass_civil_protest"
"Benin",2008-01-01,0,0,0,"mass_civil_protest"
"Benin",2008-04-01,0,0,0,"mass_civil_protest"
"Benin",2008-07-01,0,0,0,"mass_civil_protest"
"Benin",2008-10-01,0,0,0,"mass_civil_protest"
"Benin",2009-01-01,2,0.00497803991443392,0.0530063751330472,"mass_civil_protest"
"Benin",2009-04-01,0,0,0,"mass_civil_protest"
"Benin",2009-07-01,0,0,0,"mass_civil_protest"
"Benin",2009-10-01,0,0,0,"mass_civil_protest"
"Benin",2010-01-01,1,0.00223121486760856,0.0253881972341648,"mass_civil_protest"
"Benin",2010-04-01,0,0,0,"mass_civil_protest"
"Benin",2010-07-01,1,0.00210877760576387,0.0204960419238421,"mass_civil_protest"
"Benin",2010-10-01,1,0.00206662629357489,0.0181889447123267,"mass_civil_protest"
"Benin",2011-01-01,19,0.0388653423835414,0.320889920413128,"mass_civil_protest"
"Benin",2011-04-01,1,0.00204773407239026,0.0173666623155503,"mass_civil_protest"
"Benin",2011-07-01,0,0,0,"mass_civil_protest"
"Benin",2011-10-01,1,0.00200772367994448,0.019808256565998,"mass_civil_protest"
"Benin",2012-01-01,5,0.00976773101268713,0.106310368634099,"mass_civil_protest"
"Benin",2012-04-01,1,0.00192892297387522,0.0222899749713124,"mass_civil_protest"
"Benin",2012-07-01,0,0,0,"mass_civil_protest"
"Benin",2012-10-01,1,0.0019203168503165,0.0222805570962297,"mass_civil_protest"
"Benin",2013-01-01,0,0,0,"mass_civil_protest"
"Benin",2013-04-01,1,0.00206378477606987,0.0241510334097702,"mass_civil_protest"
"Benin",2013-07-01,2,0.00435192701397823,0.0544658541758645,"mass_civil_protest"
"Benin",2013-10-01,0,0,0,"mass_civil_protest"
"Benin",2014-01-01,0,0,0,"mass_civil_protest"
"Benin",2014-04-01,0,0,0,"mass_civil_protest"
"Benin",2014-07-01,0,0,0,"mass_civil_protest"
"Benin",2014-10-01,2,0.00410974210821979,0.0790353186914303,"mass_civil_protest"
"Benin",2015-01-01,0,0,0,"mass_civil_protest"
"Benin",2015-04-01,1,0.00205721009002024,0.0270210635215666,"mass_civil_protest"
"Benin",2015-07-01,0,0,0,"mass_civil_protest"
"Benin",2015-10-01,2,0.00441414382963634,0.0407591219629206,"mass_civil_protest"
"Benin",2016-01-01,0,0,0,"mass_civil_protest"
"Benin",2016-04-01,0,0,0,"mass_civil_protest"
"Benin",2016-07-01,0,0,0,"mass_civil_protest"
"Benin",2016-10-01,0,0,0,"mass_civil_protest"
"Benin",2017-01-01,0,0,0,"mass_civil_protest"
"Benin",2017-04-01,2,0.00505516706882141,0.0647503831528482,"mass_civil_protest"
"Benin",2017-07-01,0,0,0,"mass_civil_protest"
"Benin",2017-10-01,0,0,0,"mass_civil_protest"
"Benin",2018-01-01,2,0.00539788240815593,0.0777206061877877,"mass_civil_protest"
"Benin",2018-04-01,1,0.00272193832396549,0.0359506157475341,"mass_civil_protest"
"Benin",2018-07-01,1,0.0027394181027038,0.0311440583193892,"mass_civil_protest"
"Benin",2018-10-01,0,0,0,"mass_civil_protest"
"Benin",2019-01-01,1,0.00278936772193179,0.0218636359212795,"mass_civil_protest"
"Benin",2019-04-01,26,0.0741197314851943,0.500432019846376,"mass_civil_protest"
"Benin",2019-07-01,0,0,0,"mass_civil_protest"
"Benin",2019-10-01,2,0.00588643278919765,0.0400342841882716,"mass_civil_protest"
"Benin",2020-01-01,1,0.00294221717704378,0.0225189929628101,"mass_civil_protest"
"Benin",2020-04-01,6,0.0173652140521903,0.148669567637286,"mass_civil_protest"
"Benin",2020-07-01,0,0,0,"mass_civil_protest"
"Benin",2020-10-01,0,0,0,"mass_civil_protest"
"Benin",2021-01-01,0,0,0,"mass_civil_protest"
"Benin",2021-04-01,30,0.0721236913456566,0.486948285994276,"mass_civil_protest"
"Benin",2021-07-01,0,0,0,"mass_civil_protest"
"Benin",2021-10-01,2,0.00435073363376052,0.0286664977076575,"mass_civil_protest"
"Benin",2022-01-01,0,0,0,"mass_civil_protest"
"Benin",2022-04-01,0,0,0,"mass_civil_protest"
"Benin",2022-07-01,1,0.00212555716779645,0.0165737372805217,"mass_civil_protest"
"Benin",2022-10-01,0,0,0,"mass_civil_protest"
"Benin",2023-01-01,0,0,0,"mass_civil_protest"
"Benin",2023-04-01,0,0,0,"mass_civil_protest"
"Benin",2023-07-01,1,0.00221546698513923,0.0219411581548458,"mass_civil_protest"
"Benin",2023-10-01,0,0,0,"mass_civil_protest"
"Benin",2024-01-01,1,0.00245768805697336,0.0219929756752552,"mass_civil_protest"
"Benin",2024-04-01,6,0.0161769745394714,0.135422049158879,"mass_civil_protest"
"Benin",2024-07-01,1,0.00301345626664242,0.0247851445361546,"mass_civil_protest"
"Benin",1990-01-01,9,1.05091860971895,1.10610602006285,"political_violence"
"Benin",1990-04-01,1,0.105957667941848,0.0957457890004339,"political_violence"
"Benin",1990-07-01,0,0,0,"political_violence"
"Benin",1990-10-01,0,0,0,"political_violence"
"Benin",1991-01-01,25,2.04521595461717,1.45695091867319,"political_violence"
"Benin",1991-04-01,1,0.0757982874546613,0.0612145264238222,"political_violence"
"Benin",1991-07-01,0,0,0,"political_violence"
"Benin",1991-10-01,6,0.418148954323851,0.474853123928155,"political_violence"
"Benin",1992-01-01,1,0.069854579470952,0.0867649983649942,"political_violence"
"Benin",1992-04-01,0,0,0,"political_violence"
"Benin",1992-07-01,7,0.50159080806792,0.548906940385692,"political_violence"
"Benin",1992-10-01,7,0.492478151848262,0.478550620894804,"political_violence"
"Benin",1993-01-01,19,1.28420266325206,1.15246102020216,"political_violence"
"Benin",1993-04-01,5,0.319548079167124,0.288511373339646,"political_violence"
"Benin",1993-07-01,30,1.78663481765645,1.70344651923372,"political_violence"
"Benin",1993-10-01,6,0.332599672255694,0.345847707745699,"political_violence"
"Benin",1994-01-01,7,0.361954912805485,0.402290876166758,"political_violence"
"Benin",1994-04-01,3,0.146066741966111,0.165841784000144,"political_violence"
"Benin",1994-07-01,0,0,0,"political_violence"
"Benin",1994-10-01,1,0.046102553948198,0.0430959326825561,"political_violence"
"Benin",1995-01-01,25,1.14076924505695,0.923265354809534,"political_violence"
"Benin",1995-04-01,3,0.134613429551529,0.0965422078879383,"political_violence"
"Benin",1995-07-01,0,0,0,"political_violence"
"Benin",1995-10-01,11,0.459735189447244,0.280516102137087,"political_violence"
"Benin",1996-01-01,40,1.57791594399643,0.995052061177549,"political_violence"
"Benin",1996-04-01,4,0.146543962107464,0.110254143999886,"political_violence"
"Benin",1996-07-01,6,0.201935034666856,0.195953311416948,"political_violence"
"Benin",1996-10-01,0,0,0,"political_violence"
"Benin",1997-01-01,0,0,0,"political_violence"
"Benin",1997-04-01,1,0.0283127776562985,0.0470760803777053,"political_violence"
"Benin",1997-07-01,0,0,0,"political_violence"
"Benin",1997-10-01,0,0,0,"political_violence"
"Benin",1998-01-01,0,0,0,"political_violence"
"Benin",1998-04-01,3,0.0649063249786524,0.0851003768218508,"political_violence"
"Benin",1998-07-01,0,0,0,"political_violence"
"Benin",1998-10-01,0,0,0,"political_violence"
"Benin",1999-01-01,22,0.382475451444876,0.518554777924546,"political_violence"
"Benin",1999-04-01,17,0.279003268478519,0.388132436243324,"political_violence"
"Benin",1999-07-01,2,0.0308983483340534,0.0429510405182985,"political_violence"
"Benin",1999-10-01,2,0.028965063430159,0.0386211852068075,"political_violence"
"Benin",2000-01-01,11,0.150038556698095,0.179538531638157,"political_violence"
"Benin",2000-04-01,23,0.304047047036785,0.311471474917993,"political_violence"
"Benin",2000-07-01,8,0.105197955842427,0.0921533960569774,"political_violence"
"Benin",2000-10-01,37,0.492094427482635,0.374902740937927,"political_violence"
"Benin",2001-01-01,39,0.525629276179772,0.373845446007078,"political_violence"
"Benin",2001-04-01,5,0.0679922142035042,0.0508305706042288,"political_violence"
"Benin",2001-07-01,10,0.135387589149437,0.123974030616817,"political_violence"
"Benin",2001-10-01,6,0.0790446312168281,0.0983476223148601,"political_violence"
"Benin",2002-01-01,4,0.0503026066287995,0.0874572598573659,"political_violence"
"Benin",2002-04-01,15,0.18029818703882,0.401290462105918,"political_violence"
"Benin",2002-07-01,4,0.0463083528478431,0.110209551859218,"political_violence"
"Benin",2002-10-01,18,0.204093105617718,0.426519974197443,"political_violence"
"Benin",2003-01-01,9,0.103057768034302,0.169196381923746,"political_violence"
"Benin",2003-04-01,3,0.0354963143168293,0.0449526962584343,"political_violence"
"Benin",2003-07-01,19,0.23515912686698,0.236949684791657,"political_violence"
"Benin",2003-10-01,38,0.49223705690391,0.42027450692454,"political_violence"
"Benin",2004-01-01,11,0.146786571127848,0.117283725095814,"political_violence"
"Benin",2004-04-01,2,0.0270822250807706,0.0214085277848248,"political_violence"
"Benin",2004-07-01,4,0.054506803584476,0.0424409687723386,"political_violence"
"Benin",2004-10-01,5,0.0688313127152579,0.0509323815089718,"political_violence"
"Benin",2005-01-01,15,0.210116753211033,0.144991251248824,"political_violence"
"Benin",2005-04-01,39,0.55461629140628,0.380642301086192,"political_violence"
"Benin",2005-07-01,6,0.0853858427695676,0.0625717172761612,"political_violence"
"Benin",2005-10-01,3,0.0417791865073146,0.0332180481680524,"political_violence"
"Benin",2006-01-01,13,0.174016268630063,0.149770166721157,"political_violence"
"Benin",2006-04-01,16,0.207306650857004,0.199265723899584,"political_violence"
"Benin",2006-07-01,1,0.0127925398315345,0.0137248278282404,"political_violence"
"Benin",2006-10-01,12,0.153693905020194,0.176132046782849,"political_violence"
"Benin",2007-01-01,21,0.272943424179984,0.314595918905215,"political_violence"
"Benin",2007-04-01,2,0.0266403650195873,0.0296913233596931,"political_violence"
"Benin",2007-07-01,3,0.0411443353690073,0.0429724775156753,"political_violence"
"Benin",2007-10-01,3,0.0423263963829425,0.0417057453925906,"political_violence"
"Benin",2008-01-01,9,0.131127061674019,0.127908384134846,"political_violence"
"Benin",2008-04-01,1,0.0152039535195433,0.0159612485779394,"political_violence"
"Benin",2008-07-01,1,0.0158675148019016,0.0188638253065015,"political_violence"
"Benin",2008-10-01,7,0.115201549624602,0.158051481116662,"political_violence"
"Benin",2009-01-01,4,0.0676019168529054,0.106012750266094,"political_violence"
"Benin",2009-04-01,1,0.0169867446666959,0.029364751715412,"political_violence"
"Benin",2009-07-01,2,0.033213107237247,0.0598754147742527,"political_violence"
"Benin",2009-10-01,7,0.111277182411808,0.195998311834532,"political_violence"
"Benin",2010-01-01,0,0,0,"political_violence"
"Benin",2010-04-01,0,0,0,"political_violence"
"Benin",2010-07-01,3,0.0429558854940385,0.0614881257715263,"political_violence"
"Benin",2010-10-01,6,0.0841945231048822,0.10913366827396,"political_violence"
"Benin",2011-01-01,20,0.277785474798261,0.337778863592766,"political_violence"
"Benin",2011-04-01,5,0.0695207103990894,0.0868333115777514,"political_violence"
"Benin",2011-07-01,11,0.152791328463402,0.203074928903063,"political_violence"
"Benin",2011-10-01,13,0.177222122653314,0.257507335357974,"political_violence"
"Benin",2012-01-01,29,0.384673549875563,0.616600138077774,"political_violence"
"Benin",2012-04-01,8,0.104779304896674,0.178319799770499,"political_violence"
"Benin",2012-07-01,2,0.0260743533712928,0.0451203971757745,"political_violence"
"Benin",2012-10-01,22,0.286857503164878,0.490172256117055,"political_violence"
"Benin",2013-01-01,21,0.278860485947304,0.473380211403685,"political_violence"
"Benin",2013-04-01,5,0.0700656328757222,0.120755167048851,"political_violence"
"Benin",2013-07-01,5,0.0738741083854697,0.136164635439661,"political_violence"
"Benin",2013-10-01,18,0.273479312321492,0.568381578256596,"political_violence"
"Benin",2014-01-01,12,0.182097659137693,0.45037448666454,"political_violence"
"Benin",2014-04-01,0,0,0,"political_violence"
"Benin",2014-07-01,2,0.0287916683473254,0.0876614485351615,"political_violence"
"Benin",2014-10-01,4,0.0558104091293433,0.158070637382861,"political_violence"
"Benin",2015-01-01,3,0.0411331472907112,0.0990244756531046,"political_violence"
"Benin",2015-04-01,22,0.307306656092477,0.594463397474466,"political_violence"
"Benin",2015-07-01,10,0.144518329605715,0.230758274526331,"political_violence"
"Benin",2015-10-01,5,0.074930240937455,0.101897804907302,"political_violence"
"Benin",2016-01-01,26,0.400490341716976,0.493674124717042,"political_violence"
"Benin",2016-04-01,11,0.173180276455427,0.216198444259175,"political_violence"
"Benin",2016-07-01,16,0.256818177758475,0.344146264520568,"political_violence"
"Benin",2016-10-01,4,0.0653393595368607,0.0973213647782406,"political_violence"
"Benin",2017-01-01,2,0.0332743327718872,0.0560949434070856,"political_violence"
"Benin",2017-04-01,4,0.0686493056982392,0.129500766305696,"political_violence"
"Benin",2017-07-01,0,0,0,"political_violence"
"Benin",2017-10-01,1,0.0180809303327914,0.039372969481978,"political_violence"
"Benin",2018-01-01,3,0.0549775419658442,0.116580909281682,"political_violence"
"Benin",2018-04-01,3,0.0554459942321624,0.107851847242602,"political_violence"
"Benin",2018-07-01,1,0.0186006860117136,0.0311440583193892,"political_violence"
"Benin",2018-10-01,2,0.0374118290030886,0.0518230332311907,"political_violence"
"Benin",2019-01-01,0,0,0,"political_violence"
"Benin",2019-04-01,67,1.29689833420276,1.28957482037335,"political_violence"
"Benin",2019-07-01,2,0.039469375217376,0.037607409810282,"political_violence"
"Benin",2019-10-01,13,0.259798229252973,0.260222847223765,"political_violence"
"Benin",2020-01-01,15,0.299665417088648,0.337784894442152,"political_violence"
"Benin",2020-04-01,11,0.216168404019454,0.272560874001691,"political_violence"
"Benin",2020-07-01,2,0.0380365934680656,0.050254926011366,"political_violence"
"Benin",2020-10-01,1,0.0181819607455033,0.0225858580935803,"political_violence"
"Benin",2021-01-01,11,0.189558408793228,0.208473229899322,"political_violence"
"Benin",2021-04-01,65,1.06106182186578,1.05505461965426,"political_violence"
"Benin",2021-07-01,6,0.0930509352789395,0.089587338409817,"political_violence"
"Benin",2021-10-01,10,0.147707701431751,0.143332488538288,"political_violence"
"Benin",2022-01-01,64,0.914168728546442,0.931590560920234,"political_violence"
"Benin",2022-04-01,42,0.599093664359823,0.648130691454296,"political_violence"
"Benin",2022-07-01,13,0.187623305368531,0.215458584646782,"political_violence"
"Benin",2022-10-01,8,0.116662889731807,0.144964247410893,"political_violence"
"Benin",2023-01-01,29,0.427670649988082,0.57313176148866,"political_violence"
"Benin",2023-04-01,2,0.0297565065462988,0.0426385112880906,"political_violence"
"Benin",2023-07-01,13,0.195559660772428,0.285235056012996,"political_violence"
"Benin",2023-10-01,12,0.18819963920135,0.264958048504548,"political_violence"
"Benin",2024-01-01,16,0.267003762980932,0.351887610804083,"political_violence"
"Benin",2024-04-01,26,0.475981463424129,0.586828879688475,"political_violence"
"Benin",2024-07-01,13,0.265998315122761,0.32220687897001,"political_violence"
"Benin",2024-10-01,2,0.046707579379107,0.0574599070267229,"political_violence"
"Burkina Faso",1990-10-01,2,0.0871802289156134,0.149436650622562,"instability_of_regime"
"Burkina Faso",1991-01-01,0,0,0,"instability_of_regime"
"Burkina Faso",1991-04-01,7,0.259642999926894,0.377636272672306,"instability_of_regime"
"Burkina Faso",1991-07-01,3,0.105159300600717,0.157767761225186,"instability_of_regime"
"Burkina Faso",1991-10-01,4,0.136413999090464,0.220535369922443,"instability_of_regime"
"Burkina Faso",1992-01-01,0,0,0,"instability_of_regime"
"Burkina Faso",1992-04-01,1,0.0347841815043703,0.0742692035670738,"instability_of_regime"
"Burkina Faso",1992-07-01,1,0.0350647473455982,0.088595839107249,"instability_of_regime"
"Burkina Faso",1992-10-01,0,0,0,"instability_of_regime"
"Burkina Faso",1993-01-01,0,0,0,"instability_of_regime"
"Burkina Faso",1993-04-01,0,0,0,"instability_of_regime"
"Burkina Faso",1993-07-01,1,0.0291429642320735,0.0878343541130971,"instability_of_regime"
"Burkina Faso",1993-10-01,0,0,0,"instability_of_regime"
"Burkina Faso",1994-01-01,0,0,0,"instability_of_regime"
"Burkina Faso",1994-04-01,0,0,0,"instability_of_regime"
"Burkina Faso",1994-07-01,3,0.0685385114918432,0.122080216068849,"instability_of_regime"
"Burkina Faso",1994-10-01,2,0.0451205271757306,0.0754990354140186,"instability_of_regime"
"Burkina Faso",1995-01-01,1,0.0223293962328703,0.0369701442319238,"instability_of_regime"
"Burkina Faso",1995-04-01,0,0,0,"instability_of_regime"
"Burkina Faso",1995-07-01,0,0,0,"instability_of_regime"
"Burkina Faso",1995-10-01,0,0,0,"instability_of_regime"
"Burkina Faso",1996-01-01,3,0.0579114331540945,0.140757467175546,"instability_of_regime"
"Burkina Faso",1996-04-01,0,0,0,"instability_of_regime"
"Burkina Faso",1996-07-01,0,0,0,"instability_of_regime"
"Burkina Faso",1996-10-01,0,0,0,"instability_of_regime"
"Burkina Faso",1997-01-01,1,0.0143557615122832,0.0237828720116741,"instability_of_regime"
"Burkina Faso",1997-04-01,1,0.013854844734815,0.0170366276618862,"instability_of_regime"
"Burkina Faso",1997-07-01,0,0,0,"instability_of_regime"
"Burkina Faso",1997-10-01,0,0,0,"instability_of_regime"
"Burkina Faso",1998-01-01,0,0,0,"instability_of_regime"
"Burkina Faso",1998-04-01,1,0.0105872934334135,0.0070513660994433,"instability_of_regime"
"Burkina Faso",1998-07-01,0,0,0,"instability_of_regime"
"Burkina Faso",1998-10-01,0,0,0,"instability_of_regime"
"Burkina Faso",1999-01-01,2,0.0170149260359842,0.0180647239262906,"instability_of_regime"
"Burkina Faso",1999-04-01,0,0,0,"instability_of_regime"
"Burkina Faso",1999-07-01,1,0.00756004627888048,0.0116180774014528,"instability_of_regime"
"Burkina Faso",1999-10-01,2,0.0141740404784921,0.0258369931782076,"instability_of_regime"
"Burkina Faso",2000-01-01,0,0,0,"instability_of_regime"
"Burkina Faso",2000-04-01,3,0.0194067760096874,0.0449801465600677,"instability_of_regime"
"Burkina Faso",2000-07-01,7,0.045043749928787,0.10866442641284,"instability_of_regime"
"Burkina Faso",2000-10-01,3,0.0195248255630183,0.0460440596100872,"instability_of_regime"
"Burkina Faso",2001-01-01,0,0,0,"instability_of_regime"
"Burkina Faso",2001-04-01,0,0,0,"instability_of_regime"
"Burkina Faso",2001-07-01,1,0.00662518545321563,0.011278380608391,"instability_of_regime"
"Burkina Faso",2001-10-01,1,0.00644674232675906,0.0101771252228376,"instability_of_regime"
"Burkina Faso",2002-01-01,1,0.00615388935924,0.00935683365653521,"instability_of_regime"
"Burkina Faso",2002-04-01,9,0.0529373009822465,0.0799504084124555,"instability_of_regime"
"Burkina Faso",2002-07-01,0,0,0,"instability_of_regime"
"Burkina Faso",2002-10-01,5,0.0277424631783075,0.0450252090863597,"instability_of_regime"
"Burkina Faso",2003-01-01,3,0.0168104238089381,0.0299176989048318,"instability_of_regime"
"Burkina Faso",2003-04-01,5,0.0289501751640191,0.0573911884587911,"instability_of_regime"
"Burkina Faso",2003-07-01,1,0.00605657950861424,0.013301264329765,"instability_of_regime"
"Burkina Faso",2003-10-01,2,0.0126776830308235,0.0297910350282985,"instability_of_regime"
"Burkina Faso",2004-01-01,1,0.00652999464771149,0.0159630673659758,"instability_of_regime"
"Burkina Faso",2004-04-01,0,0,0,"instability_of_regime"
"Burkina Faso",2004-07-01,0,0,0,"instability_of_regime"
"Burkina Faso",2004-10-01,0,0,0,"instability_of_regime"
"Burkina Faso",2005-01-01,0,0,0,"instability_of_regime"
"Burkina Faso",2005-04-01,0,0,0,"instability_of_regime"
"Burkina Faso",2005-07-01,0,0,0,"instability_of_regime"
"Burkina Faso",2005-10-01,1,0.00681487523916552,0.0151699512186179,"instability_of_regime"
"Burkina Faso",2006-01-01,4,0.0262014711027619,0.0571774813862702,"instability_of_regime"
"Burkina Faso",2006-04-01,0,0,0,"instability_of_regime"
"Burkina Faso",2006-07-01,0,0,0,"instability_of_regime"
"Burkina Faso",2006-10-01,0,0,0,"instability_of_regime"
"Burkina Faso",2007-01-01,3,0.0190806770271149,0.0338644575560367,"instability_of_regime"
"Burkina Faso",2007-04-01,2,0.0130364503796069,0.0228650900360632,"instability_of_regime"
"Burkina Faso",2007-07-01,0,0,0,"instability_of_regime"
"Burkina Faso",2007-10-01,1,0.00690413420622059,0.0124486250750848,"instability_of_regime"
"Burkina Faso",2008-01-01,2,0.0142593260822244,0.0259033383959222,"instability_of_regime"
"Burkina Faso",2008-04-01,0,0,0,"instability_of_regime"
"Burkina Faso",2008-07-01,3,0.0232942832289172,0.0397391730924761,"instability_of_regime"
"Burkina Faso",2008-10-01,0,0,0,"instability_of_regime"
"Burkina Faso",2009-01-01,0,0,0,"instability_of_regime"
"Burkina Faso",2009-04-01,0,0,0,"instability_of_regime"
"Burkina Faso",2009-07-01,2,0.0162528187632784,0.0178314652772915,"instability_of_regime"
"Burkina Faso",2009-10-01,6,0.0466743754930023,0.0477514418404729,"instability_of_regime"
"Burkina Faso",2010-01-01,32,0.237236330930429,0.243885101496791,"instability_of_regime"
"Burkina Faso",2010-04-01,1,0.00717343181659598,0.00797830540985098,"instability_of_regime"
"Burkina Faso",2010-07-01,4,0.0280272571011884,0.0337484254804235,"instability_of_regime"
"Burkina Faso",2010-10-01,3,0.0206002755946561,0.0263367075591002,"instability_of_regime"
"Burkina Faso",2011-01-01,2,0.0135934194434667,0.0178266785274233,"instability_of_regime"
"Burkina Faso",2011-04-01,26,0.176903623962857,0.233657011194084,"instability_of_regime"
"Burkina Faso",2011-07-01,7,0.0475798695065654,0.064909119290554,"instability_of_regime"
"Burkina Faso",2011-10-01,2,0.013342086811844,0.0186644115987593,"instability_of_regime"
"Burkina Faso",2012-01-01,3,0.0194730853295932,0.0271282539383938,"instability_of_regime"
"Burkina Faso",2012-04-01,18,0.115365835573368,0.158463254659452,"instability_of_regime"
"Burkina Faso",2012-07-01,3,0.0191392092594417,0.0262764497367319,"instability_of_regime"
"Burkina Faso",2012-10-01,9,0.0574255584600423,0.079600209011937,"instability_of_regime"
"Burkina Faso",2013-01-01,0,0,0,"instability_of_regime"
"Burkina Faso",2013-04-01,2,0.0137146340994731,0.0216722717011936,"instability_of_regime"
"Burkina Faso",2013-07-01,2,0.0144601043956687,0.0249060436414729,"instability_of_regime"
"Burkina Faso",2013-10-01,3,0.0223044959675969,0.0377835389654078,"instability_of_regime"
"Burkina Faso",2014-01-01,4,0.0297031352716789,0.0421515176725982,"instability_of_regime"
"Burkina Faso",2014-04-01,5,0.03620562477128,0.0387992506861774,"instability_of_regime"
"Burkina Faso",2014-07-01,0,0,0,"instability_of_regime"
"Burkina Faso",2014-10-01,107,0.730563848090551,0.474686055160096,"instability_of_regime"
"Burkina Faso",2015-01-01,8,0.0536759645966469,0.03200302615614,"instability_of_regime"
"Burkina Faso",2015-04-01,11,0.0751901854671843,0.0412991426503093,"instability_of_regime"
"Burkina Faso",2015-07-01,58,0.410175873434451,0.210005247727793,"instability_of_regime"
"Burkina Faso",2015-10-01,21,0.154001731666163,0.0798489609172813,"instability_of_regime"
"Burkina Faso",2016-01-01,27,0.203517447928237,0.115390832827398,"instability_of_regime"
"Burkina Faso",2016-04-01,10,0.0770415351795478,0.0523681807092591,"instability_of_regime"
"Burkina Faso",2016-07-01,0,0,0,"instability_of_regime"
"Burkina Faso",2016-10-01,3,0.0239803391717222,0.0249725582806208,"instability_of_regime"
"Burkina Faso",2017-01-01,0,0,0,"instability_of_regime"
"Burkina Faso",2017-04-01,1,0.00839837654881565,0.0111323460986661,"instability_of_regime"
"Burkina Faso",2017-07-01,0,0,0,"instability_of_regime"
"Burkina Faso",2017-10-01,1,0.00884789494915922,0.0118005484865922,"instability_of_regime"
"Burkina Faso",2018-01-01,0,0,0,"instability_of_regime"
"Burkina Faso",2018-04-01,0,0,0,"instability_of_regime"
"Burkina Faso",2018-07-01,1,0.00910223715178322,0.00937980474161922,"instability_of_regime"
"Burkina Faso",2018-10-01,0,0,0,"instability_of_regime"
"Burkina Faso",2019-01-01,7,0.0648774297667272,0.0485040255647181,"instability_of_regime"
"Burkina Faso",2019-04-01,1,0.00947218811709358,0.00610081765739069,"instability_of_regime"
"Burkina Faso",2019-07-01,1,0.00965716031212589,0.00556619356195633,"instability_of_regime"
"Burkina Faso",2019-10-01,2,0.0195587913989568,0.0105296258191084,"instability_of_regime"
"Burkina Faso",2020-01-01,3,0.0293282268278837,0.0158318471924517,"instability_of_regime"
"Burkina Faso",2020-04-01,0,0,0,"instability_of_regime"
"Burkina Faso",2020-07-01,0,0,0,"instability_of_regime"
"Burkina Faso",2020-10-01,2,0.0177946682703815,0.00986158812223313,"instability_of_regime"
"Burkina Faso",2021-01-01,0,0,0,"instability_of_regime"
"Burkina Faso",2021-04-01,0,0,0,"instability_of_regime"
"Burkina Faso",2021-07-01,0,0,0,"instability_of_regime"
"Burkina Faso",2021-10-01,11,0.0795087653973034,0.0250102255161201,"instability_of_regime"
"Burkina Faso",2022-01-01,60,0.419388794252692,0.121586608785523,"instability_of_regime"
"Burkina Faso",2022-04-01,18,0.125642661144707,0.0357940882361687,"instability_of_regime"
"Burkina Faso",2022-07-01,7,0.0494379729085608,0.014406217764157,"instability_of_regime"
"Burkina Faso",2022-10-01,59,0.421030869644196,0.13104091990091,"instability_of_regime"
"Burkina Faso",2023-01-01,21,0.151547901955104,0.0523957120453293,"instability_of_regime"
"Burkina Faso",2023-04-01,4,0.029122665607326,0.011589393686185,"instability_of_regime"
"Burkina Faso",2023-07-01,7,0.0515291700691689,0.0236263828604547,"instability_of_regime"
"Burkina Faso",2023-10-01,0,0,0,"instability_of_regime"
"Burkina Faso",2024-01-01,1,0.00816613554447831,0.00441463493342637,"instability_of_regime"
"Burkina Faso",2024-04-01,3,0.026875535813846,0.0149570283747443,"instability_of_regime"
"Burkina Faso",2024-07-01,3,0.030038343060996,0.0171041373605678,"instability_of_regime"
"Burkina Faso",2024-10-01,5,0.0571408312610945,0.0336766891496123,"instability_of_regime"
"Burkina Faso",1990-10-01,1,0.156318818562149,0.0747183253112812,"instability_within_regime"
"Burkina Faso",1991-01-01,3,0.430688085330615,0.182559827557685,"instability_within_regime"
"Burkina Faso",1991-04-01,8,1.06412297509835,0.431584311625493,"instability_within_regime"
"Burkina Faso",1991-07-01,10,1.25704171195647,0.525892537417288,"instability_within_regime"
"Burkina Faso",1991-10-01,23,2.81287245447247,1.26807837705405,"instability_within_regime"
"Burkina Faso",1992-01-01,1,0.122584997344657,0.06301240094942,"instability_within_regime"
"Burkina Faso",1992-04-01,8,0.99791839962755,0.59415362853659,"instability_within_regime"
"Burkina Faso",1992-07-01,1,0.125745939106212,0.088595839107249,"instability_within_regime"
"Burkina Faso",1992-10-01,2,0.246922896900718,0.202899524246198,"instability_within_regime"
"Burkina Faso",1993-01-01,0,0,0,"instability_within_regime"
"Burkina Faso",1993-04-01,2,0.224304838611083,0.205877311439445,"instability_within_regime"
"Burkina Faso",1993-07-01,3,0.313529372071251,0.263503062339291,"instability_within_regime"
"Burkina Faso",1993-10-01,1,0.0972776355515641,0.0705066037125723,"instability_within_regime"
"Burkina Faso",1994-01-01,4,0.36296008373957,0.225011893603337,"instability_within_regime"
"Burkina Faso",1994-04-01,0,0,0,"instability_within_regime"
"Burkina Faso",1994-07-01,14,1.14700339637001,0.569707674987963,"instability_within_regime"
"Burkina Faso",1994-10-01,2,0.161807042462316,0.0754990354140186,"instability_within_regime"
"Burkina Faso",1995-01-01,9,0.720680455550612,0.332731298087314,"instability_within_regime"
"Burkina Faso",1995-04-01,2,0.157485135826505,0.0784818736874951,"instability_within_regime"
"Burkina Faso",1995-07-01,0,0,0,"instability_within_regime"
"Burkina Faso",1995-10-01,0,0,0,"instability_within_regime"
"Burkina Faso",1996-01-01,5,0.34612766848974,0.23459577862591,"instability_within_regime"
"Burkina Faso",1996-04-01,0,0,0,"instability_within_regime"
"Burkina Faso",1996-07-01,2,0.118122562022931,0.0816121426981515,"instability_within_regime"
"Burkina Faso",1996-10-01,1,0.05432965328395,0.0320999278799873,"instability_within_regime"
"Burkina Faso",1997-01-01,5,0.257406490791879,0.118914360058371,"instability_within_regime"
"Burkina Faso",1997-04-01,12,0.596219483407322,0.204439531942634,"instability_within_regime"
"Burkina Faso",1997-07-01,0,0,0,"instability_within_regime"
"Burkina Faso",1997-10-01,1,0.045804112262002,0.00914019096975653,"instability_within_regime"
"Burkina Faso",1998-01-01,1,0.0420142279799467,0.00744362986392533,"instability_within_regime"
"Burkina Faso",1998-04-01,13,0.493573184752506,0.0916677592927629,"instability_within_regime"
"Burkina Faso",1998-07-01,2,0.0694911501250196,0.0147064155791748,"instability_within_regime"
"Burkina Faso",1998-10-01,22,0.712920462933124,0.176190276701987,"instability_within_regime"
"Burkina Faso",1999-01-01,11,0.335595408023776,0.0993559815945985,"instability_within_regime"
"Burkina Faso",1999-04-01,7,0.201604791227657,0.0719134036605303,"instability_within_regime"
"Burkina Faso",1999-07-01,6,0.162666813421701,0.0697084644087166,"instability_within_regime"
"Burkina Faso",1999-10-01,22,0.559125897775308,0.284206924960283,"instability_within_regime"
"Burkina Faso",2000-01-01,6,0.14361634917772,0.0842295854600467,"instability_within_regime"
"Burkina Faso",2000-04-01,12,0.278379108260523,0.179920586240271,"instability_within_regime"
"Burkina Faso",2000-07-01,13,0.299987463346277,0.201805363338132,"instability_within_regime"
"Burkina Faso",2000-10-01,1,0.0233393718018135,0.0153480198700291,"instability_within_regime"
"Burkina Faso",2001-01-01,5,0.118257143135633,0.0710050331947723,"instability_within_regime"
"Burkina Faso",2001-04-01,8,0.19090689167624,0.10126236429122,"instability_within_regime"
"Burkina Faso",2001-07-01,6,0.142551747204645,0.0676702836503461,"instability_within_regime"
"Burkina Faso",2001-10-01,11,0.254305792102458,0.111948377451214,"instability_within_regime"
"Burkina Faso",2002-01-01,5,0.110342531347299,0.046784168282676,"instability_within_regime"
"Burkina Faso",2002-04-01,28,0.590609694702072,0.248734603949862,"instability_within_regime"
"Burkina Faso",2002-07-01,35,0.711065857764239,0.304553664127258,"instability_within_regime"
"Burkina Faso",2002-10-01,29,0.577027174795813,0.261146212700886,"instability_within_regime"
"Burkina Faso",2003-01-01,14,0.281325240125269,0.139615928222548,"instability_within_regime"
"Burkina Faso",2003-04-01,3,0.06229105706782,0.0344347130752746,"instability_within_regime"
"Burkina Faso",2003-07-01,2,0.0434390854481797,0.02660252865953,"instability_within_regime"
"Burkina Faso",2003-10-01,9,0.204585880574115,0.134059657627343,"instability_within_regime"
"Burkina Faso",2004-01-01,5,0.117086300557374,0.0798153368298791,"instability_within_regime"
"Burkina Faso",2004-04-01,1,0.0237627548169136,0.0163770281031091,"instability_within_regime"
"Burkina Faso",2004-07-01,5,0.119564751933108,0.0822790289872549,"instability_within_regime"
"Burkina Faso",2004-10-01,6,0.144947169110444,0.0997564788292969,"instability_within_regime"
"Burkina Faso",2005-01-01,4,0.098326788134306,0.0663393974485195,"instability_within_regime"
"Burkina Faso",2005-04-01,2,0.0499114803002371,0.0327307157494101,"instability_within_regime"
"Burkina Faso",2005-07-01,1,0.0249733646394444,0.0159667353841687,"instability_within_regime"
"Burkina Faso",2005-10-01,43,1.05087151408689,0.652307902400568,"instability_within_regime"
"Burkina Faso",2006-01-01,7,0.164432242311327,0.100060592425973,"instability_within_regime"
"Burkina Faso",2006-04-01,7,0.159159927363658,0.0929172077246876,"instability_within_regime"
"Burkina Faso",2006-07-01,5,0.112245573100342,0.0620724299987547,"instability_within_regime"
"Burkina Faso",2006-10-01,0,0,0,"instability_within_regime"
"Burkina Faso",2007-01-01,9,0.205276053573911,0.10159337266811,"instability_within_regime"
"Burkina Faso",2007-04-01,16,0.374000857200185,0.182920720288506,"instability_within_regime"
"Burkina Faso",2007-07-01,6,0.144405084968117,0.0715122541602482,"instability_within_regime"
"Burkina Faso",2007-10-01,6,0.148553787811994,0.0746917504505088,"instability_within_regime"
"Burkina Faso",2008-01-01,5,0.127838675947005,0.0647583459898054,"instability_within_regime"
"Burkina Faso",2008-04-01,2,0.0533616153997903,0.0264677086963952,"instability_within_regime"
"Burkina Faso",2008-07-01,4,0.111381059027992,0.0529855641233015,"instability_within_regime"
"Burkina Faso",2008-10-01,6,0.173282207062394,0.0759105907159762,"instability_within_regime"
"Burkina Faso",2009-01-01,1,0.0296579725361928,0.011520258578296,"instability_within_regime"
"Burkina Faso",2009-04-01,1,0.0298093563175367,0.0101756798639937,"instability_within_regime"
"Burkina Faso",2009-07-01,9,0.262279568783383,0.0802415937478118,"instability_within_regime"
"Burkina Faso",2009-10-01,59,1.64589653782632,0.46955584476465,"instability_within_regime"
"Burkina Faso",2010-01-01,91,2.41933421455092,0.693548257381499,"instability_within_regime"
"Burkina Faso",2010-04-01,7,0.180072862938746,0.0558481378689568,"instability_within_regime"
"Burkina Faso",2010-07-01,25,0.628179658979242,0.210927659252647,"instability_within_regime"
"Burkina Faso",2010-10-01,55,1.35437123048513,0.482839638583505,"instability_within_regime"
"Burkina Faso",2011-01-01,41,0.99932288611963,0.365446909812178,"instability_within_regime"
"Burkina Faso",2011-04-01,58,1.41518960539005,0.521234871125263,"instability_within_regime"
"Burkina Faso",2011-07-01,4,0.0975008613911672,0.037090925308888,"instability_within_regime"
"Burkina Faso",2011-10-01,6,0.143538456380967,0.0559932347962779,"instability_within_regime"
"Burkina Faso",2012-01-01,12,0.279330277549824,0.108513015753575,"instability_within_regime"
"Burkina Faso",2012-04-01,32,0.735491984050954,0.281712452727915,"instability_within_regime"
"Burkina Faso",2012-07-01,15,0.343176270223564,0.131382248683659,"instability_within_regime"
"Burkina Faso",2012-10-01,29,0.663565763314931,0.256489562371797,"instability_within_regime"
"Burkina Faso",2013-01-01,5,0.116514541072924,0.0469937174647627,"instability_within_regime"
"Burkina Faso",2013-04-01,49,1.20496259162535,0.530970656679243,"instability_within_regime"
"Burkina Faso",2013-07-01,16,0.414843863299184,0.199248349131783,"instability_within_regime"
"Burkina Faso",2013-10-01,7,0.186634726026983,0.0881615909192849,"instability_within_regime"
"Burkina Faso",2014-01-01,6,0.159777936041723,0.0632272765088973,"instability_within_regime"
"Burkina Faso",2014-04-01,7,0.181772146825651,0.0543189509606484,"instability_within_regime"
"Burkina Faso",2014-07-01,2,0.050525343000208,0.0112926332658011,"instability_within_regime"
"Burkina Faso",2014-10-01,267,6.53745805965564,1.18449697876398,"instability_within_regime"
"Burkina Faso",2015-01-01,27,0.649646180771212,0.108010213276972,"instability_within_regime"
"Burkina Faso",2015-04-01,25,0.61281831202369,0.0938616878416121,"instability_within_regime"
"Burkina Faso",2015-07-01,248,6.28951349777687,0.897953473042976,"instability_within_regime"
"Burkina Faso",2015-10-01,79,2.07757473602312,0.300384186307868,"instability_within_regime"
"Burkina Faso",2016-01-01,53,1.43263978700793,0.226507931105634,"instability_within_regime"
"Burkina Faso",2016-04-01,27,0.745953828179859,0.141394087915,"instability_within_regime"
"Burkina Faso",2016-07-01,0,0,0,"instability_within_regime"
"Burkina Faso",2016-10-01,3,0.0859960643524276,0.0249725582806208,"instability_within_regime"
"Burkina Faso",2017-01-01,3,0.0875876862772441,0.0295362765982269,"instability_within_regime"
"Burkina Faso",2017-04-01,1,0.0301174776960422,0.0111323460986661,"instability_within_regime"
"Burkina Faso",2017-07-01,4,0.124211675583489,0.0470247420516117,"instability_within_regime"
"Burkina Faso",2017-10-01,1,0.0317294988191267,0.0118005484865922,"instability_within_regime"
"Burkina Faso",2018-01-01,0,0,0,"instability_within_regime"
"Burkina Faso",2018-04-01,0,0,0,"instability_within_regime"
"Burkina Faso",2018-07-01,4,0.130566388782164,0.0375192189664769,"instability_within_regime"
"Burkina Faso",2018-10-01,2,0.0656525168963255,0.0162088511662556,"instability_within_regime"
"Burkina Faso",2019-01-01,7,0.232657410943488,0.0485040255647181,"instability_within_regime"
"Burkina Faso",2019-04-01,1,0.0339682809756265,0.00610081765739069,"instability_within_regime"
"Burkina Faso",2019-07-01,6,0.207789666455409,0.033397161371738,"instability_within_regime"
"Burkina Faso",2019-10-01,6,0.210419761591671,0.0315888774573252,"instability_within_regime"
"Burkina Faso",2020-01-01,8,0.280464432530616,0.0422182591798712,"instability_within_regime"
"Burkina Faso",2020-04-01,10,0.344859322342025,0.054453859835481,"instability_within_regime"
"Burkina Faso",2020-07-01,11,0.367118900368137,0.0595321916085408,"instability_within_regime"
"Burkina Faso",2020-10-01,95,3.03114533829993,0.468425435806074,"instability_within_regime"
"Burkina Faso",2021-01-01,5,0.151203837344292,0.0208175069324717,"instability_within_regime"
"Burkina Faso",2021-04-01,17,0.486988485379748,0.05709280934279,"instability_within_regime"
"Burkina Faso",2021-07-01,7,0.190506576145591,0.0190951858293094,"instability_within_regime"
"Burkina Faso",2021-10-01,21,0.54433326322127,0.0477467941671384,"instability_within_regime"
"Burkina Faso",2022-01-01,190,4.76258157525452,0.385024261154155,"instability_within_regime"
"Burkina Faso",2022-04-01,81,2.02755617138152,0.161073397062759,"instability_within_regime"
"Burkina Faso",2022-07-01,34,0.86112220249991,0.0699730577116199,"instability_within_regime"
"Burkina Faso",2022-10-01,47,1.20277125423682,0.104388529412589,"instability_within_regime"
"Burkina Faso",2023-01-01,21,0.54346700585347,0.0523957120453293,"instability_within_regime"
"Burkina Faso",2023-04-01,12,0.313310992944807,0.034768181058555,"instability_within_regime"
"Burkina Faso",2023-07-01,29,0.765554934775814,0.0978807289933121,"instability_within_regime"
"Burkina Faso",2023-10-01,10,0.275219993288063,0.0389732718275033,"instability_within_regime"
"Burkina Faso",2024-01-01,10,0.292846365835272,0.0441463493342637,"instability_within_regime"
"Burkina Faso",2024-04-01,22,0.70677603011463,0.109684874748125,"instability_within_regime"
"Burkina Faso",2024-07-01,4,0.143627620077469,0.0228055164807571,"instability_within_regime"
"Burkina Faso",2024-10-01,12,0.491791536434126,0.0808240539590694,"instability_within_regime"
"Burkina Faso",1991-04-01,1,0.0647148233847143,0.0539480389531866,"mass_civil_protest"
"Burkina Faso",1991-07-01,2,0.122315535749372,0.105178507483458,"mass_civil_protest"
"Burkina Faso",1991-10-01,2,0.1190019662109,0.110267684961222,"mass_civil_protest"
"Burkina Faso",1992-01-01,1,0.0596402230826146,0.06301240094942,"mass_civil_protest"
"Burkina Faso",1992-04-01,0,0,0,"mass_civil_protest"
"Burkina Faso",1992-07-01,0,0,0,"mass_civil_protest"
"Burkina Faso",1992-10-01,3,0.180199905873793,0.304349286369296,"mass_civil_protest"
"Burkina Faso",1993-01-01,3,0.173119343596295,0.323812434307133,"mass_civil_protest"
"Burkina Faso",1993-04-01,0,0,0,"mass_civil_protest"
"Burkina Faso",1993-07-01,0,0,0,"mass_civil_protest"
"Burkina Faso",1993-10-01,0,0,0,"mass_civil_protest"
"Burkina Faso",1994-01-01,2,0.0882939219040407,0.112505946801668,"mass_civil_protest"
"Burkina Faso",1994-04-01,0,0,0,"mass_civil_protest"
"Burkina Faso",1994-07-01,1,0.0398601203350536,0.0406934053562831,"mass_civil_protest"
"Burkina Faso",1994-10-01,0,0,0,"mass_civil_protest"
"Burkina Faso",1995-01-01,0,0,0,"mass_civil_protest"
"Burkina Faso",1995-04-01,1,0.0383099434528721,0.0392409368437475,"mass_civil_protest"
"Burkina Faso",1995-07-01,0,0,0,"mass_civil_protest"
"Burkina Faso",1995-10-01,0,0,0,"mass_civil_protest"
"Burkina Faso",1996-01-01,0,0,0,"mass_civil_protest"
"Burkina Faso",1996-04-01,0,0,0,"mass_civil_protest"
"Burkina Faso",1996-07-01,0,0,0,"mass_civil_protest"
"Burkina Faso",1996-10-01,0,0,0,"mass_civil_protest"
"Burkina Faso",1997-01-01,3,0.0751402579415714,0.0713486160350223,"mass_civil_protest"
"Burkina Faso",1997-04-01,0,0,0,"mass_civil_protest"
"Burkina Faso",1997-07-01,0,0,0,"mass_civil_protest"
"Burkina Faso",1997-10-01,0,0,0,"mass_civil_protest"
"Burkina Faso",1998-01-01,0,0,0,"mass_civil_protest"
"Burkina Faso",1998-04-01,3,0.0554155179304918,0.0211540982983299,"mass_civil_protest"
"Burkina Faso",1998-07-01,0,0,0,"mass_civil_protest"
"Burkina Faso",1998-10-01,2,0.0315319139376394,0.0160172978819988,"mass_civil_protest"
"Burkina Faso",1999-01-01,4,0.0593724886511797,0.0361294478525813,"mass_civil_protest"
"Burkina Faso",1999-04-01,10,0.140121489855911,0.102733433800758,"mass_civil_protest"
"Burkina Faso",1999-07-01,1,0.0131901473137747,0.0116180774014528,"mass_civil_protest"
"Burkina Faso",1999-10-01,2,0.0247297007248482,0.0258369931782076,"mass_civil_protest"
"Burkina Faso",2000-01-01,0,0,0,"mass_civil_protest"
"Burkina Faso",2000-04-01,21,0.237015432852321,0.314861025920474,"mass_civil_protest"
"Burkina Faso",2000-07-01,2,0.0224538949407259,0.0310469789750972,"mass_civil_protest"
"Burkina Faso",2000-10-01,7,0.0794857249838033,0.107436139090203,"mass_civil_protest"
"Burkina Faso",2001-01-01,1,0.0115069258889685,0.0142010066389545,"mass_civil_protest"
"Burkina Faso",2001-04-01,5,0.0580501787239897,0.0632889776820122,"mass_civil_protest"
"Burkina Faso",2001-07-01,4,0.0462363159617757,0.045113522433564,"mass_civil_protest"
"Burkina Faso",2001-10-01,3,0.0337432382741276,0.0305313756685128,"mass_civil_protest"
"Burkina Faso",2002-01-01,0,0,0,"mass_civil_protest"
"Burkina Faso",2002-04-01,3,0.0307868837743349,0.0266501361374852,"mass_civil_protest"
"Burkina Faso",2002-07-01,28,0.276758998586139,0.243642931301806,"mass_civil_protest"
"Burkina Faso",2002-10-01,63,0.609874893571448,0.567317634488133,"mass_civil_protest"
"Burkina Faso",2003-01-01,14,0.136870746366031,0.139615928222548,"mass_civil_protest"
"Burkina Faso",2003-04-01,5,0.0505098859301613,0.0573911884587911,"mass_civil_protest"
"Burkina Faso",2003-07-01,1,0.0105670220775475,0.013301264329765,"mass_civil_protest"
"Burkina Faso",2003-10-01,2,0.0221189792503052,0.0297910350282985,"mass_civil_protest"
"Burkina Faso",2004-01-01,3,0.0341789936929709,0.0478892020979275,"mass_civil_protest"
"Burkina Faso",2004-04-01,4,0.0462443538454738,0.0655081124124363,"mass_civil_protest"
"Burkina Faso",2004-07-01,6,0.0698049709106803,0.0987348347847058,"mass_civil_protest"
"Burkina Faso",2004-10-01,2,0.0235066326445455,0.0332521596097656,"mass_civil_protest"
"Burkina Faso",2005-01-01,2,0.0239190427309765,0.0331696987242597,"mass_civil_protest"
"Burkina Faso",2005-04-01,1,0.012141501341801,0.016365357874705,"mass_civil_protest"
"Burkina Faso",2005-07-01,0,0,0,"mass_civil_protest"
"Burkina Faso",2005-10-01,4,0.0475601365460953,0.0606798048744714,"mass_civil_protest"
"Burkina Faso",2006-01-01,0,0,0,"mass_civil_protest"
"Burkina Faso",2006-04-01,1,0.0110621012584819,0.0132738868178125,"mass_civil_protest"
"Burkina Faso",2006-07-01,6,0.0655318464550957,0.0744869159985056,"mass_civil_protest"
"Burkina Faso",2006-10-01,1,0.0109350248894016,0.0116868852254947,"mass_civil_protest"
"Burkina Faso",2007-01-01,2,0.0221935979005207,0.0225763050373578,"mass_civil_protest"
"Burkina Faso",2007-04-01,0,0,0,"mass_civil_protest"
"Burkina Faso",2007-07-01,0,0,0,"mass_civil_protest"
"Burkina Faso",2007-10-01,1,0.0120457658451802,0.0124486250750848,"mass_civil_protest"
"Burkina Faso",2008-01-01,2,0.0248785000357884,0.0259033383959222,"mass_civil_protest"
"Burkina Faso",2008-04-01,9,0.116827052407967,0.119104689133779,"mass_civil_protest"
"Burkina Faso",2008-07-01,0,0,0,"mass_civil_protest"
"Burkina Faso",2008-10-01,0,0,0,"mass_civil_protest"
"Burkina Faso",2009-01-01,1,0.0144292379699895,0.011520258578296,"mass_civil_protest"
"Burkina Faso",2009-04-01,0,0,0,"mass_civil_protest"
"Burkina Faso",2009-07-01,1,0.014178291100585,0.00891573263864576,"mass_civil_protest"
"Burkina Faso",2009-10-01,11,0.149294958523396,0.087544310040867,"mass_civil_protest"
"Burkina Faso",2010-01-01,11,0.142281716998326,0.0838355036395219,"mass_civil_protest"
"Burkina Faso",2010-04-01,3,0.0375468425387327,0.0239349162295529,"mass_civil_protest"
"Burkina Faso",2010-07-01,0,0,0,"mass_civil_protest"
"Burkina Faso",2010-10-01,7,0.0838638908820171,0.0614523176379006,"mass_civil_protest"
"Burkina Faso",2011-01-01,29,0.343891872612344,0.258486838647638,"mass_civil_protest"
"Burkina Faso",2011-04-01,81,0.961553809029235,0.727931457950799,"mass_civil_protest"
"Burkina Faso",2011-07-01,5,0.0592953180453951,0.04636365663611,"mass_civil_protest"
"Burkina Faso",2011-10-01,0,0,0,"mass_civil_protest"
"Burkina Faso",2012-01-01,5,0.0566250643351607,0.0452137565639897,"mass_civil_protest"
"Burkina Faso",2012-04-01,6,0.0670936089567063,0.052821084886484,"mass_civil_protest"
"Burkina Faso",2012-07-01,4,0.0445233587712165,0.0350352663156425,"mass_civil_protest"
"Burkina Faso",2012-10-01,2,0.0222647542303994,0.017688935335986,"mass_civil_protest"
"Burkina Faso",2013-01-01,0,0,0,"mass_civil_protest"
"Burkina Faso",2013-04-01,6,0.0717844987134218,0.0650168151035808,"mass_civil_protest"
"Burkina Faso",2013-07-01,4,0.0504576030663333,0.0498120872829458,"mass_civil_protest"
"Burkina Faso",2013-10-01,3,0.0389150511411502,0.0377835389654078,"mass_civil_protest"
"Burkina Faso",2014-01-01,7,0.0906912804575807,0.0737651559270468,"mass_civil_protest"
"Burkina Faso",2014-04-01,5,0.0631685980090524,0.0387992506861774,"mass_civil_protest"
"Burkina Faso",2014-07-01,1,0.012290830008283,0.00564631663290056,"mass_civil_protest"
"Burkina Faso",2014-10-01,168,2.00128469160689,0.745301469784076,"mass_civil_protest"
"Burkina Faso",2015-01-01,30,0.351185290798033,0.120011348085525,"mass_civil_protest"
"Burkina Faso",2015-04-01,23,0.274297278618926,0.0863527528142832,"mass_civil_protest"
"Burkina Faso",2015-07-01,166,2.04821431907998,0.601049502117476,"mass_civil_protest"
"Burkina Faso",2015-10-01,49,0.626942312531155,0.186314242140323,"mass_civil_protest"
"Burkina Faso",2016-01-01,21,0.276173733165457,0.0897484255324209,"mass_civil_protest"
"Burkina Faso",2016-04-01,23,0.309156196915578,0.120446815631296,"mass_civil_protest"
"Burkina Faso",2016-07-01,5,0.0685204424372924,0.0333773748255053,"mass_civil_protest"
"Burkina Faso",2016-10-01,6,0.0836778492197633,0.0499451165612416,"mass_civil_protest"
"Burkina Faso",2017-01-01,1,0.014204427572753,0.00984542553274231,"mass_civil_protest"
"Burkina Faso",2017-04-01,4,0.0586111882330081,0.0445293843946643,"mass_civil_protest"
"Burkina Faso",2017-07-01,2,0.0302158184187762,0.0235123710258058,"mass_civil_protest"
"Burkina Faso",2017-10-01,6,0.0926224788773345,0.0708032909195534,"mass_civil_protest"
"Burkina Faso",2018-01-01,3,0.0469385528079834,0.0336568902632501,"mass_civil_protest"
"Burkina Faso",2018-04-01,0,0,0,"mass_civil_protest"
"Burkina Faso",2018-07-01,0,0,0,"mass_civil_protest"
"Burkina Faso",2018-10-01,6,0.0958240609808839,0.0486265534987669,"mass_civil_protest"
"Burkina Faso",2019-01-01,7,0.113192806551037,0.0485040255647181,"mass_civil_protest"
"Burkina Faso",2019-04-01,1,0.0165262952155832,0.00610081765739069,"mass_civil_protest"
"Burkina Faso",2019-07-01,3,0.0505470584904441,0.016698580685869,"mass_civil_protest"
"Burkina Faso",2019-10-01,7,0.119436000270678,0.0368536903668794,"mass_civil_protest"
"Burkina Faso",2020-01-01,2,0.0341129862650233,0.0105545647949678,"mass_civil_protest"
"Burkina Faso",2020-04-01,4,0.0671125744980702,0.0217815439341924,"mass_civil_protest"
"Burkina Faso",2020-07-01,4,0.0649495261991086,0.021648069675833,"mass_civil_protest"
"Burkina Faso",2020-10-01,14,0.217326721371061,0.0690311168556319,"mass_civil_protest"
"Burkina Faso",2021-01-01,0,0,0,"mass_civil_protest"
"Burkina Faso",2021-04-01,5,0.0696853864565617,0.0167920027478794,"mass_civil_protest"
"Burkina Faso",2021-07-01,10,0.132407891272411,0.0272788368990134,"mass_civil_protest"
"Burkina Faso",2021-10-01,41,0.517048608088745,0.093219931469175,"mass_civil_protest"
"Burkina Faso",2022-01-01,55,0.670738836693379,0.111454391386729,"mass_civil_protest"
"Burkina Faso",2022-04-01,6,0.0730703291249681,0.0119313627453896,"mass_civil_protest"
"Burkina Faso",2022-07-01,26,0.320376870705517,0.0535088088382976,"mass_civil_protest"
"Burkina Faso",2022-10-01,8,0.0996040749477382,0.0177682603255471,"mass_civil_protest"
"Burkina Faso",2023-01-01,13,0.16368134227565,0.0324354407899657,"mass_civil_protest"
"Burkina Faso",2023-04-01,15,0.19054062403867,0.0434602263231938,"mass_civil_protest"
"Burkina Faso",2023-07-01,5,0.0642170430384432,0.0168759877574676,"mass_civil_protest"
"Burkina Faso",2023-10-01,5,0.066950206599695,0.0194866359137516,"mass_civil_protest"
"Burkina Faso",2024-01-01,0,0,0,"mass_civil_protest"
"Burkina Faso",2024-04-01,3,0.0468902257267333,0.0149570283747443,"mass_civil_protest"
"Burkina Faso",2024-07-01,3,0.0524084318297204,0.0171041373605678,"mass_civil_protest"
"Burkina Faso",2024-10-01,2,0.0398778501698267,0.0134706756598449,"mass_civil_protest"
"Burkina Faso",1990-01-01,4,3.47571079730873,0.588628542538102,"political_violence"
"Burkina Faso",1990-04-01,0,0,0,"political_violence"
"Burkina Faso",1990-07-01,2,1.44832164323139,0.188263515310472,"political_violence"
"Burkina Faso",1990-10-01,2,1.32573245647232,0.149436650622562,"political_violence"
"Burkina Faso",1991-01-01,13,7.91406447592043,0.791092586083301,"political_violence"
"Burkina Faso",1991-04-01,18,10.1528733141973,0.971064701157358,"political_violence"
"Burkina Faso",1991-07-01,12,6.39654653998422,0.631071044900745,"political_violence"
"Burkina Faso",1991-10-01,32,16.5953651061382,1.76428295937954,"political_violence"
"Burkina Faso",1992-01-01,2,1.03963752509921,0.12602480189884,"political_violence"
"Burkina Faso",1992-04-01,15,7.93434227561012,1.11403805350611,"political_violence"
"Burkina Faso",1992-07-01,1,0.53322266082896,0.088595839107249,"political_violence"
"Burkina Faso",1992-10-01,16,8.3765653215272,1.62319619396958,"political_violence"
"Burkina Faso",1993-01-01,8,4.0237132284351,0.863499824819021,"political_violence"
"Burkina Faso",1993-04-01,4,1.9023186550778,0.41175462287889,"political_violence"
"Burkina Faso",1993-07-01,2,0.886342558188727,0.175668708226194,"political_violence"
"Burkina Faso",1993-10-01,5,2.06251748711114,0.352533018562861,"political_violence"
"Burkina Faso",1994-01-01,5,1.92390449148861,0.281264867004171,"political_violence"
"Burkina Faso",1994-04-01,10,3.62315702294317,0.469122855535234,"political_violence"
"Burkina Faso",1994-07-01,46,15.9811905188791,1.87189664638902,"political_violence"
"Burkina Faso",1994-10-01,7,2.40148618854487,0.264246623949065,"political_violence"
"Burkina Faso",1995-01-01,15,5.09338052117317,0.554552163478857,"political_violence"
"Burkina Faso",1995-04-01,10,3.33905984413102,0.392409368437475,"political_violence"
"Burkina Faso",1995-07-01,0,0,0,"political_violence"
"Burkina Faso",1995-10-01,2,0.622016816516664,0.0919498105213519,"political_violence"
"Burkina Faso",1996-01-01,4,1.17419690967662,0.187676622900728,"political_violence"
"Burkina Faso",1996-04-01,0,0,0,"political_violence"
"Burkina Faso",1996-07-01,1,0.250447955908142,0.0408060713490758,"political_violence"
"Burkina Faso",1996-10-01,0,0,0,"political_violence"
"Burkina Faso",1997-01-01,8,1.74644175276319,0.190262976093393,"political_violence"
"Burkina Faso",1997-04-01,13,2.73894240066066,0.221476159604521,"political_violence"
"Burkina Faso",1997-07-01,0,0,0,"political_violence"
"Burkina Faso",1997-10-01,0,0,0,"political_violence"
"Burkina Faso",1998-01-01,1,0.178160333410203,0.00744362986392533,"political_violence"
"Burkina Faso",1998-04-01,10,1.6099887216927,0.070513660994433,"political_violence"
"Burkina Faso",1998-07-01,4,0.589351135107904,0.0294128311583496,"political_violence"
"Burkina Faso",1998-10-01,29,3.9850247824711,0.232250819288983,"political_violence"
"Burkina Faso",1999-01-01,10,1.29371303396179,0.0903236196314531,"political_violence"
"Burkina Faso",1999-04-01,36,4.39663020216069,0.369840361682727,"political_violence"
"Burkina Faso",1999-07-01,13,1.49453362347327,0.151035006218886,"political_violence"
"Burkina Faso",1999-10-01,27,2.90981461540273,0.348799407905802,"political_violence"
"Burkina Faso",2000-01-01,21,2.13150598237933,0.294803549110163,"political_violence"
"Burkina Faso",2000-04-01,33,3.24626494638804,0.494781612160745,"political_violence"
"Burkina Faso",2000-07-01,20,1.95706107040191,0.310469789750972,"political_violence"
"Burkina Faso",2000-10-01,7,0.692790352983831,0.107436139090203,"political_violence"
"Burkina Faso",2001-01-01,20,2.00586639928155,0.284020132779089,"political_violence"
"Burkina Faso",2001-04-01,40,4.04768064375455,0.506311821456098,"political_violence"
"Burkina Faso",2001-07-01,22,2.21645339641762,0.248124373384602,"political_violence"
"Burkina Faso",2001-10-01,32,3.13709863712192,0.325668007130804,"political_violence"
"Burkina Faso",2002-01-01,15,1.40371463092528,0.140352504848028,"political_violence"
"Burkina Faso",2002-04-01,46,4.11448042926547,0.408635420774773,"political_violence"
"Burkina Faso",2002-07-01,133,11.4579797908972,1.15730392368358,"political_violence"
"Burkina Faso",2002-10-01,261,22.0218299638145,2.35031591430798,"political_violence"
"Burkina Faso",2003-01-01,70,5.964764912656,0.698079641112742,"political_violence"
"Burkina Faso",2003-04-01,26,2.28924578458927,0.298434179985714,"political_violence"
"Burkina Faso",2003-07-01,19,1.74992287200113,0.252724022265535,"political_violence"
"Burkina Faso",2003-10-01,23,2.21705064178769,0.342596902825433,"political_violence"
"Burkina Faso",2004-01-01,17,1.68810567713124,0.271372145221589,"political_violence"
"Burkina Faso",2004-04-01,14,1.41071554429744,0.229278393443527,"political_violence"
"Burkina Faso",2004-07-01,19,1.92664363841164,0.312660310151568,"political_violence"
"Burkina Faso",2004-10-01,19,1.94637589505092,0.315895516292773,"political_violence"
"Burkina Faso",2005-01-01,3,0.312714302977141,0.0497545480863896,"political_violence"
"Burkina Faso",2005-04-01,5,0.529121109611443,0.0818267893735251,"political_violence"
"Burkina Faso",2005-07-01,2,0.211797916299288,0.0319334707683374,"political_violence"
"Burkina Faso",2005-10-01,27,2.79807632878718,0.409588682902682,"political_violence"
"Burkina Faso",2006-01-01,3,0.298830432200483,0.0428831110397026,"political_violence"
"Burkina Faso",2006-04-01,9,0.867746420310231,0.119464981360313,"political_violence"
"Burkina Faso",2006-07-01,12,1.14233923252405,0.148973831997011,"political_violence"
"Burkina Faso",2006-10-01,9,0.857778145585676,0.105181967029452,"political_violence"
"Burkina Faso",2007-01-01,18,1.74093643531017,0.20318674533622,"political_violence"
"Burkina Faso",2007-04-01,7,0.693849506951592,0.0800278151262213,"political_violence"
"Burkina Faso",2007-07-01,8,0.816461766121323,0.0953496722136643,"political_violence"
"Burkina Faso",2007-10-01,8,0.839918400295749,0.0995890006006784,"political_violence"
"Burkina Faso",2008-01-01,13,1.40945184009571,0.168371699573494,"political_violence"
"Burkina Faso",2008-04-01,3,0.339417989382237,0.0397015630445929,"political_violence"
"Burkina Faso",2008-07-01,10,1.18077182219556,0.132463910308254,"political_violence"
"Burkina Faso",2008-10-01,14,1.71453117098958,0.177124711670611,"political_violence"
"Burkina Faso",2009-01-01,1,0.125763926397522,0.011520258578296,"political_violence"
"Burkina Faso",2009-04-01,3,0.379217597153806,0.0305270395919812,"political_violence"
"Burkina Faso",2009-07-01,21,2.59511062224003,0.187230385411561,"political_violence"
"Burkina Faso",2009-10-01,111,13.1307075245933,0.883401674048748,"political_violence"
"Burkina Faso",2010-01-01,162,18.2635046114772,1.2346683263275,"political_violence"
"Burkina Faso",2010-04-01,17,1.85444424190355,0.135631191967467,"political_violence"
"Burkina Faso",2010-07-01,72,7.67168895525963,0.607471658647624,"political_violence"
"Burkina Faso",2010-10-01,60,6.26528613375069,0.526734151182005,"political_violence"
"Burkina Faso",2011-01-01,97,10.0255530683722,0.864593908580031,"political_violence"
"Burkina Faso",2011-04-01,204,21.1072392524111,1.83330885706127,"political_violence"
"Burkina Faso",2011-07-01,38,3.92777577216156,0.352363790434436,"political_violence"
"Burkina Faso",2011-10-01,31,3.14480226795618,0.289298379780769,"political_violence"
"Burkina Faso",2012-01-01,42,4.14572686930197,0.379795555137514,"political_violence"
"Burkina Faso",2012-04-01,138,13.4499813136961,1.21488495238913,"political_violence"
"Burkina Faso",2012-07-01,74,7.17913862822927,0.648152426839386,"political_violence"
"Burkina Faso",2012-10-01,104,10.0909938377869,0.919824637471272,"political_violence"
"Burkina Faso",2013-01-01,31,3.06327825103675,0.291361048281529,"political_violence"
"Burkina Faso",2013-04-01,85,8.86361816973776,0.921071547300728,"political_violence"
"Burkina Faso",2013-07-01,32,3.5182710501707,0.398496698263566,"political_violence"
"Burkina Faso",2013-10-01,20,2.26120032009562,0.251890259769385,"political_violence"
"Burkina Faso",2014-01-01,6,0.677534533548354,0.0632272765088973,"political_violence"
"Burkina Faso",2014-04-01,17,1.87194397600008,0.131917452333003,"political_violence"
"Burkina Faso",2014-07-01,73,7.8201802612929,0.412181114201741,"political_violence"
"Burkina Faso",2014-10-01,394,40.9080242988514,1.74790939937456,"political_violence"
"Burkina Faso",2015-01-01,65,6.63194798209695,0.260024587518637,"political_violence"
"Burkina Faso",2015-04-01,80,8.31565267591765,0.300357401093159,"political_violence"
"Burkina Faso",2015-07-01,464,49.8997054756801,1.68004198182234,"political_violence"
"Burkina Faso",2015-10-01,197,21.9690066050893,0.749059300033543,"political_violence"
"Burkina Faso",2016-01-01,483,55.3634184860434,2.06421378724568,"political_violence"
"Burkina Faso",2016-04-01,98,11.4812424394053,0.513208170950739,"political_violence"
"Burkina Faso",2016-07-01,33,3.94163845120524,0.220290673848335,"political_violence"
"Burkina Faso",2016-10-01,98,11.9123659364635,0.815770237166946,"political_violence"
"Burkina Faso",2017-01-01,22,2.72369898707538,0.216599361720331,"political_violence"
"Burkina Faso",2017-04-01,26,3.32052362426888,0.289440998565318,"political_violence"
"Burkina Faso",2017-07-01,128,16.8549328925101,1.50479174565157,"political_violence"
"Burkina Faso",2017-10-01,29,3.90189734406923,0.342215906111175,"political_violence"
"Burkina Faso",2018-01-01,122,16.6372278047509,1.36871353737217,"political_violence"
"Burkina Faso",2018-04-01,41,5.6388409629622,0.428726131881013,"political_violence"
"Burkina Faso",2018-07-01,58,8.02812311215474,0.544028675013915,"political_violence"
"Burkina Faso",2018-10-01,65,9.04793287917039,0.526787662903308,"political_violence"
"Burkina Faso",2019-01-01,186,26.2147924808182,1.28882125071965,"political_violence"
"Burkina Faso",2019-04-01,177,25.4953785474133,1.07984472535815,"political_violence"
"Burkina Faso",2019-07-01,146,21.440760241958,0.812664260045624,"political_violence"
"Burkina Faso",2019-10-01,320,47.5882660818752,1.68474013105734,"political_violence"
"Burkina Faso",2020-01-01,241,35.8277452961975,1.27182505779362,"political_violence"
"Burkina Faso",2020-04-01,184,26.907566516374,1.00195102097285,"political_violence"
"Burkina Faso",2020-07-01,109,15.4260660193866,0.589909898666449,"political_violence"
"Burkina Faso",2020-10-01,199,26.9246992394718,0.981228018162197,"political_violence"
"Burkina Faso",2021-01-01,63,8.0788210293055,0.262300587349144,"political_violence"
"Burkina Faso",2021-04-01,289,35.106072313911,0.970577758827431,"political_violence"
"Burkina Faso",2021-07-01,155,17.8878547203643,0.422821971934708,"political_violence"
"Burkina Faso",2021-10-01,357,39.2399481203581,0.811695500841353,"political_violence"
"Burkina Faso",2022-01-01,605,64.3070859679777,1.22599830525402,"political_violence"
"Burkina Faso",2022-04-01,359,38.1063150294457,0.713893204265808,"political_violence"
"Burkina Faso",2022-07-01,317,34.0455034818482,0.652395861605397,"political_violence"
"Burkina Faso",2022-10-01,294,31.9041472905754,0.652983566963856,"political_violence"
"Burkina Faso",2023-01-01,362,39.7262057764014,0.9032022743052,"political_violence"
"Burkina Faso",2023-04-01,278,30.778950834295,0.805462861189858,"political_violence"
"Burkina Faso",2023-07-01,171,19.1420788949843,0.577158781305392,"political_violence"
"Burkina Faso",2023-10-01,148,17.2725446644795,0.576804423047049,"political_violence"
"Burkina Faso",2024-01-01,146,18.1303974101625,0.64453670028025,"political_violence"
"Burkina Faso",2024-04-01,174,23.704074791812,0.867507645735168,"political_violence"
"Burkina Faso",2024-07-01,153,23.2961434986724,0.87231100538896,"political_violence"
"Burkina Faso",2024-10-01,68,11.8174383719175,0.458002972434727,"political_violence"
"Cameroon",1990-04-01,1,0.0141536551631221,0.0267126197246992,"instability_of_regime"
"Cameroon",1990-07-01,1,0.0129991266658147,0.0230268837059212,"instability_of_regime"
"Cameroon",1990-10-01,0,0,0,"instability_of_regime"
"Cameroon",1991-01-01,2,0.021855733081369,0.0340064560814767,"instability_of_regime"
"Cameroon",1991-04-01,11,0.111375148941084,0.163102024529007,"instability_of_regime"
"Cameroon",1991-07-01,5,0.0478424567530895,0.069863424047371,"instability_of_regime"
"Cameroon",1991-10-01,5,0.0465463882988944,0.0699026893473684,"instability_of_regime"
"Cameroon",1992-01-01,2,0.0186621251411343,0.0286930063281251,"instability_of_regime"
"Cameroon",1992-04-01,4,0.0379803370271507,0.0595919789103436,"instability_of_regime"
"Cameroon",1992-07-01,0,0,0,"instability_of_regime"
"Cameroon",1992-10-01,7,0.0657844408245894,0.105553729086418,"instability_of_regime"
"Cameroon",1993-01-01,4,0.0361140484006325,0.0608840530377049,"instability_of_regime"
"Cameroon",1993-04-01,8,0.0682955509825184,0.119544680130217,"instability_of_regime"
"Cameroon",1993-07-01,0,0,0,"instability_of_regime"
"Cameroon",1993-10-01,1,0.00740468836897221,0.012557609916972,"instability_of_regime"
"Cameroon",1994-01-01,0,0,0,"instability_of_regime"
"Cameroon",1994-04-01,0,0,0,"instability_of_regime"
"Cameroon",1994-07-01,2,0.0124726990508238,0.0247953535465282,"instability_of_regime"
"Cameroon",1994-10-01,5,0.0307915256817537,0.0685097875670001,"instability_of_regime"
"Cameroon",1995-01-01,0,0,0,"instability_of_regime"
"Cameroon",1995-04-01,1,0.00599381526354225,0.0163205822862266,"instability_of_regime"
"Cameroon",1995-07-01,3,0.0174987496770595,0.0518749167858882,"instability_of_regime"
"Cameroon",1995-10-01,3,0.0167483695847976,0.0541374710645132,"instability_of_regime"
"Cameroon",1996-01-01,2,0.010538773918644,0.0367697657622455,"instability_of_regime"
"Cameroon",1996-04-01,0,0,0,"instability_of_regime"
"Cameroon",1996-07-01,2,0.00899138590453055,0.0379417360900171,"instability_of_regime"
"Cameroon",1996-10-01,0,0,0,"instability_of_regime"
"Cameroon",1997-01-01,0,0,0,"instability_of_regime"
"Cameroon",1997-04-01,1,0.00378197538169042,0.0161745142986495,"instability_of_regime"
"Cameroon",1997-07-01,0,0,0,"instability_of_regime"
"Cameroon",1997-10-01,1,0.00348656888497009,0.0117549247294483,"instability_of_regime"
"Cameroon",1998-01-01,0,0,0,"instability_of_regime"
"Cameroon",1998-04-01,0,0,0,"instability_of_regime"
"Cameroon",1998-07-01,0,0,0,"instability_of_regime"
"Cameroon",1998-10-01,0,0,0,"instability_of_regime"
"Cameroon",1999-01-01,3,0.00696688046178616,0.0286916345009007,"instability_of_regime"
"Cameroon",1999-04-01,0,0,0,"instability_of_regime"
"Cameroon",1999-07-01,0,0,0,"instability_of_regime"
"Cameroon",1999-10-01,0,0,0,"instability_of_regime"
"Cameroon",2000-01-01,1,0.00182199177354734,0.00841516279529626,"instability_of_regime"
"Cameroon",2000-04-01,1,0.00176583114694856,0.00810788579175882,"instability_of_regime"
"Cameroon",2000-07-01,0,0,0,"instability_of_regime"
"Cameroon",2000-10-01,0,0,0,"instability_of_regime"
"Cameroon",2001-01-01,1,0.00180032602017787,0.00851639814892377,"instability_of_regime"
"Cameroon",2001-04-01,1,0.00181645816165317,0.00827821522437191,"instability_of_regime"
"Cameroon",2001-07-01,1,0.00180848567867618,0.00762741663378275,"instability_of_regime"
"Cameroon",2001-10-01,0,0,0,"instability_of_regime"
"Cameroon",2002-01-01,0,0,0,"instability_of_regime"
"Cameroon",2002-04-01,2,0.00321119231286981,0.0108392134828814,"instability_of_regime"
"Cameroon",2002-07-01,0,0,0,"instability_of_regime"
"Cameroon",2002-10-01,0,0,0,"instability_of_regime"
"Cameroon",2003-01-01,1,0.0015295879099347,0.00526751924390855,"instability_of_regime"
"Cameroon",2003-04-01,0,0,0,"instability_of_regime"
"Cameroon",2003-07-01,1,0.00165327255824607,0.00464383029213739,"instability_of_regime"
"Cameroon",2003-10-01,0,0,0,"instability_of_regime"
"Cameroon",2004-01-01,1,0.00178250131797993,0.00414671264034156,"instability_of_regime"
"Cameroon",2004-04-01,0,0,0,"instability_of_regime"
"Cameroon",2004-07-01,0,0,0,"instability_of_regime"
"Cameroon",2004-10-01,1,0.00183887524804992,0.00447790639943373,"instability_of_regime"
"Cameroon",2005-01-01,0,0,0,"instability_of_regime"
"Cameroon",2005-04-01,1,0.00189960907027519,0.00542468651965335,"instability_of_regime"
"Cameroon",2005-07-01,0,0,0,"instability_of_regime"
"Cameroon",2005-10-01,0,0,0,"instability_of_regime"
"Cameroon",2006-01-01,2,0.00357612519560442,0.0123449081426352,"instability_of_regime"
"Cameroon",2006-04-01,2,0.0034614611974828,0.0125681293769903,"instability_of_regime"
"Cameroon",2006-07-01,0,0,0,"instability_of_regime"
"Cameroon",2006-10-01,0,0,0,"instability_of_regime"
"Cameroon",2007-01-01,0,0,0,"instability_of_regime"
"Cameroon",2007-04-01,0,0,0,"instability_of_regime"
"Cameroon",2007-07-01,0,0,0,"instability_of_regime"
"Cameroon",2007-10-01,1,0.0018846306905338,0.00398740594896218,"instability_of_regime"
"Cameroon",2008-01-01,2,0.00389238719268757,0.00728592006674126,"instability_of_regime"
"Cameroon",2008-04-01,0,0,0,"instability_of_regime"
"Cameroon",2008-07-01,1,0.00211955715111725,0.00369814542379005,"instability_of_regime"
"Cameroon",2008-10-01,2,0.00439669658193466,0.00806076431376211,"instability_of_regime"
"Cameroon",2009-01-01,1,0.00225753887870389,0.00434900578006865,"instability_of_regime"
"Cameroon",2009-04-01,1,0.00226906207947468,0.00442074507676152,"instability_of_regime"
"Cameroon",2009-07-01,1,0.00221827676968968,0.0041673380913235,"instability_of_regime"
"Cameroon",2009-10-01,1,0.00212346105218029,0.00378612271686378,"instability_of_regime"
"Cameroon",2010-01-01,0,0,0,"instability_of_regime"
"Cameroon",2010-04-01,0,0,0,"instability_of_regime"
"Cameroon",2010-07-01,0,0,0,"instability_of_regime"
"Cameroon",2010-10-01,1,0.00187442820294363,0.00474672049997633,"instability_of_regime"
"Cameroon",2011-01-01,0,0,0,"instability_of_regime"
"Cameroon",2011-04-01,0,0,0,"instability_of_regime"
"Cameroon",2011-07-01,3,0.0055662600931942,0.0213341486395289,"instability_of_regime"
"Cameroon",2011-10-01,3,0.00546301075492825,0.0226223213502704,"instability_of_regime"
"Cameroon",2012-01-01,0,0,0,"instability_of_regime"
"Cameroon",2012-04-01,1,0.00174953141493388,0.00823759902785964,"instability_of_regime"
"Cameroon",2012-07-01,0,0,0,"instability_of_regime"
"Cameroon",2012-10-01,0,0,0,"instability_of_regime"
"Cameroon",2013-01-01,2,0.00354759390360178,0.0136020057492406,"instability_of_regime"
"Cameroon",2013-04-01,3,0.00561555284731149,0.0181640814556749,"instability_of_regime"
"Cameroon",2013-07-01,0,0,0,"instability_of_regime"
"Cameroon",2013-10-01,1,0.00202949596970206,0.00446508334685695,"instability_of_regime"
"Cameroon",2014-01-01,1,0.00202702607836207,0.00377116451738004,"instability_of_regime"
"Cameroon",2014-04-01,3,0.00592985850875491,0.00975794495331709,"instability_of_regime"
"Cameroon",2014-07-01,0,0,0,"instability_of_regime"
"Cameroon",2014-10-01,1,0.00186376621124536,0.00292461543069574,"instability_of_regime"
"Cameroon",2015-01-01,4,0.00732599969824619,0.0117006623696969,"instability_of_regime"
"Cameroon",2015-04-01,2,0.00373177542945495,0.00624692153157451,"instability_of_regime"
"Cameroon",2015-07-01,3,0.00579135793110975,0.0103091018584165,"instability_of_regime"
"Cameroon",2015-10-01,1,0.0020018122560048,0.00388233960672898,"instability_of_regime"
"Cameroon",2016-01-01,1,0.00205757141686417,0.00441216753445488,"instability_of_regime"
"Cameroon",2016-04-01,2,0.00420602605072176,0.00992907644964669,"instability_of_regime"
"Cameroon",2016-07-01,0,0,0,"instability_of_regime"
"Cameroon",2016-10-01,1,0.00218198168529796,0.00537648727802127,"instability_of_regime"
"Cameroon",2017-01-01,2,0.00444473194799582,0.0104124556110912,"instability_of_regime"
"Cameroon",2017-04-01,0,0,0,"instability_of_regime"
"Cameroon",2017-07-01,3,0.00709116291942623,0.0146349372045021,"instability_of_regime"
"Cameroon",2017-10-01,1,0.00241522164397968,0.00464980381822176,"instability_of_regime"
"Cameroon",2018-01-01,6,0.0146876235729856,0.026269789319435,"instability_of_regime"
"Cameroon",2018-04-01,5,0.0123439781468385,0.0201324827338835,"instability_of_regime"
"Cameroon",2018-07-01,3,0.00745394931922598,0.0108835049505025,"instability_of_regime"
"Cameroon",2018-10-01,6,0.0149922361547826,0.0199829843793118,"instability_of_regime"
"Cameroon",2019-01-01,1,0.00252995403311417,0.00324782467421602,"instability_of_regime"
"Cameroon",2019-04-01,0,0,0,"instability_of_regime"
"Cameroon",2019-07-01,3,0.00790838365710177,0.0103892194862171,"instability_of_regime"
"Cameroon",2019-10-01,1,0.00266949464184885,0.00375113042903968,"instability_of_regime"
"Cameroon",2020-01-01,4,0.0106743534096746,0.0165651151168517,"instability_of_regime"
"Cameroon",2020-04-01,2,0.0052500778798721,0.00918333567996649,"instability_of_regime"
"Cameroon",2020-07-01,1,0.00254043354286698,0.004944313814525,"instability_of_regime"
"Cameroon",2020-10-01,5,0.0121435856215008,0.0249481386871295,"instability_of_regime"
"Cameroon",2021-01-01,1,0.00230190071824631,0.00468835567366698,"instability_of_regime"
"Cameroon",2021-04-01,0,0,0,"instability_of_regime"
"Cameroon",2021-07-01,0,0,0,"instability_of_regime"
"Cameroon",2021-10-01,1,0.00197305576048518,0.00296074935555423,"instability_of_regime"
"Cameroon",2022-01-01,2,0.0038160372191802,0.00539298301406319,"instability_of_regime"
"Cameroon",2022-04-01,1,0.00190538023355071,0.00281875801712648,"instability_of_regime"
"Cameroon",2022-07-01,0,0,0,"instability_of_regime"
"Cameroon",2022-10-01,2,0.00389591037550853,0.007197568505001,"instability_of_regime"
"Cameroon",2023-01-01,0,0,0,"instability_of_regime"
"Cameroon",2023-04-01,0,0,0,"instability_of_regime"
"Cameroon",2023-07-01,0,0,0,"instability_of_regime"
"Cameroon",2023-10-01,2,0.00418990094003361,0.0136876875873772,"instability_of_regime"
"Cameroon",2024-01-01,1,0.00222912087315978,0.00765897911988421,"instability_of_regime"
"Cameroon",2024-04-01,0,0,0,"instability_of_regime"
"Cameroon",2024-07-01,4,0.0109328085722957,0.0383736432631355,"instability_of_regime"
"Cameroon",1990-04-01,3,0.403361486779029,0.0801378591740975,"instability_within_regime"
"Cameroon",1990-07-01,1,0.123486289073315,0.0230268837059212,"instability_within_regime"
"Cameroon",1990-10-01,4,0.452136532292812,0.0798477630732565,"instability_within_regime"
"Cameroon",1991-01-01,4,0.415240722331404,0.0680129121629534,"instability_within_regime"
"Cameroon",1991-04-01,47,4.52062033921705,0.69689046844212,"instability_within_regime"
"Cameroon",1991-07-01,24,2.18152037925794,0.335344435427381,"instability_within_regime"
"Cameroon",1991-10-01,21,1.85711946778929,0.293591295258947,"instability_within_regime"
"Cameroon",1992-01-01,37,3.27972469414254,0.530820617070314,"instability_within_regime"
"Cameroon",1992-04-01,11,0.992192802176414,0.163877942003445,"instability_within_regime"
"Cameroon",1992-07-01,7,0.636488193907811,0.106309291398009,"instability_within_regime"
"Cameroon",1992-10-01,81,7.2312725471885,1.22140743657141,"instability_within_regime"
"Cameroon",1993-01-01,15,1.28650656743813,0.228315198891393,"instability_within_regime"
"Cameroon",1993-04-01,15,1.21646116617982,0.224146275244157,"instability_within_regime"
"Cameroon",1993-07-01,3,0.226713079660141,0.041641955757931,"instability_within_regime"
"Cameroon",1993-10-01,6,0.422048732319854,0.0753456595018323,"instability_within_regime"
"Cameroon",1994-01-01,6,0.393684638705557,0.0694806172702289,"instability_within_regime"
"Cameroon",1994-04-01,12,0.741399206593268,0.138075195683988,"instability_within_regime"
"Cameroon",1994-07-01,5,0.296213614981718,0.0619883838663204,"instability_within_regime"
"Cameroon",1994-10-01,9,0.526512004258007,0.1233176176206,"instability_within_regime"
"Cameroon",1995-01-01,0,0,0,"instability_within_regime"
"Cameroon",1995-04-01,4,0.227754994105041,0.0652823291449066,"instability_within_regime"
"Cameroon",1995-07-01,4,0.221641111396157,0.0691665557145176,"instability_within_regime"
"Cameroon",1995-10-01,4,0.212136713614155,0.0721832947526843,"instability_within_regime"
"Cameroon",1996-01-01,6,0.300341888202016,0.110309297286736,"instability_within_regime"
"Cameroon",1996-04-01,0,0,0,"instability_within_regime"
"Cameroon",1996-07-01,3,0.128121631651207,0.0569126041350256,"instability_within_regime"
"Cameroon",1996-10-01,1,0.039285770680754,0.0190456818535041,"instability_within_regime"
"Cameroon",1997-01-01,5,0.186130625869,0.0906397737340941,"instability_within_regime"
"Cameroon",1997-04-01,16,0.574835054394559,0.258792228778393,"instability_within_regime"
"Cameroon",1997-07-01,8,0.279652423229943,0.11078073016645,"instability_within_regime"
"Cameroon",1997-10-01,27,0.894265709946784,0.317382967695104,"instability_within_regime"
"Cameroon",1998-01-01,0,0,0,"instability_within_regime"
"Cameroon",1998-04-01,0,0,0,"instability_within_regime"
"Cameroon",1998-07-01,0,0,0,"instability_within_regime"
"Cameroon",1998-10-01,2,0.0468647968759225,0.019079231105756,"instability_within_regime"
"Cameroon",1999-01-01,4,0.0882432834923518,0.0382555126678676,"instability_within_regime"
"Cameroon",1999-04-01,0,0,0,"instability_within_regime"
"Cameroon",1999-07-01,1,0.0196040613280268,0.00928526769454854,"instability_within_regime"
"Cameroon",1999-10-01,1,0.0183774509147212,0.00892039252544373,"instability_within_regime"
"Cameroon",2000-01-01,4,0.0692326518916548,0.0336606511811851,"instability_within_regime"
"Cameroon",2000-04-01,7,0.117422622881382,0.0567552005423117,"instability_within_regime"
"Cameroon",2000-07-01,4,0.0667449002652709,0.0320568975477633,"instability_within_regime"
"Cameroon",2000-10-01,4,0.0675067962349596,0.0332534260504275,"instability_within_regime"
"Cameroon",2001-01-01,3,0.0513070420196485,0.0255491944467713,"instability_within_regime"
"Cameroon",2001-04-01,2,0.0345111919294353,0.0165564304487438,"instability_within_regime"
"Cameroon",2001-07-01,0,0,0,"instability_within_regime"
"Cameroon",2001-10-01,0,0,0,"instability_within_regime"
"Cameroon",2002-01-01,0,0,0,"instability_within_regime"
"Cameroon",2002-04-01,5,0.076262473705228,0.0270980337072034,"instability_within_regime"
"Cameroon",2002-07-01,3,0.0440718600593526,0.0164218950210832,"instability_within_regime"
"Cameroon",2002-10-01,1,0.0143878735519752,0.00547755967172392,"instability_within_regime"
"Cameroon",2003-01-01,16,0.232487168918475,0.0842803079025367,"instability_within_regime"
"Cameroon",2003-04-01,6,0.0900853230422171,0.0297246531526123,"instability_within_regime"
"Cameroon",2003-07-01,5,0.0785270035030304,0.023219151460687,"instability_within_regime"
"Cameroon",2003-10-01,3,0.0493120147282392,0.013062535405553,"instability_within_regime"
"Cameroon",2004-01-01,11,0.186263221024644,0.0456138390437572,"instability_within_regime"
"Cameroon",2004-04-01,7,0.120279931130948,0.0287507794632103,"instability_within_regime"
"Cameroon",2004-07-01,37,0.639783787507879,0.155684478155627,"instability_within_regime"
"Cameroon",2004-10-01,61,1.06558148586282,0.273152290365458,"instability_within_regime"
"Cameroon",2005-01-01,1,0.0177750243970386,0.0049096792917011,"instability_within_regime"
"Cameroon",2005-04-01,4,0.0721819798541343,0.0216987460786134,"instability_within_regime"
"Cameroon",2005-07-01,4,0.0722329569249726,0.0234961667347394,"instability_within_regime"
"Cameroon",2005-10-01,4,0.0706869916945726,0.024394450649085,"instability_within_regime"
"Cameroon",2006-01-01,3,0.0509575498054157,0.0185173622139528,"instability_within_regime"
"Cameroon",2006-04-01,5,0.0822060991167431,0.0314203234424758,"instability_within_regime"
"Cameroon",2006-07-01,4,0.0649318164679333,0.0251864875169922,"instability_within_regime"
"Cameroon",2006-10-01,0,0,0,"instability_within_regime"
"Cameroon",2007-01-01,0,0,0,"instability_within_regime"
"Cameroon",2007-04-01,4,0.0676100021915309,0.0198312111919622,"instability_within_regime"
"Cameroon",2007-07-01,17,0.295854719215124,0.0756417837503831,"instability_within_regime"
"Cameroon",2007-10-01,3,0.0537096197838563,0.0119622178468865,"instability_within_regime"
"Cameroon",2008-01-01,7,0.129416199908209,0.0255007202335944,"instability_within_regime"
"Cameroon",2008-04-01,10,0.192928912576924,0.0354028239876693,"instability_within_regime"
"Cameroon",2008-07-01,3,0.0604047303636009,0.0110944362713701,"instability_within_regime"
"Cameroon",2008-10-01,4,0.0835335725302609,0.0161215286275242,"instability_within_regime"
"Cameroon",2009-01-01,4,0.0857827162506244,0.0173960231202746,"instability_within_regime"
"Cameroon",2009-04-01,4,0.0862205786818518,0.0176829803070461,"instability_within_regime"
"Cameroon",2009-07-01,4,0.0842908215201554,0.016669352365294,"instability_within_regime"
"Cameroon",2009-10-01,6,0.121031973331738,0.0227167363011827,"instability_within_regime"
"Cameroon",2010-01-01,3,0.0576732032603654,0.0105406324112236,"instability_within_regime"
"Cameroon",2010-04-01,2,0.0372030519595684,0.00702879486682846,"instability_within_regime"
"Cameroon",2010-07-01,3,0.0545084031366641,0.0119111454823115,"instability_within_regime"
"Cameroon",2010-10-01,4,0.0712251488477563,0.0189868819999053,"instability_within_regime"
"Cameroon",2011-01-01,2,0.0352492853346362,0.0113589118272171,"instability_within_regime"
"Cameroon",2011-04-01,8,0.141148077482672,0.0522155682909855,"instability_within_regime"
"Cameroon",2011-07-01,24,0.423017219907894,0.170673189116232,"instability_within_regime"
"Cameroon",2011-10-01,68,1.17631674032917,0.512772617272795,"instability_within_regime"
"Cameroon",2012-01-01,6,0.100991857712219,0.0479843902714713,"instability_within_regime"
"Cameroon",2012-04-01,2,0.0332396394929398,0.0164751980557193,"instability_within_regime"
"Cameroon",2012-07-01,2,0.0330867667781522,0.0161602776933672,"instability_within_regime"
"Cameroon",2012-10-01,5,0.0827283420349618,0.0377973987015239,"instability_within_regime"
"Cameroon",2013-01-01,7,0.117952325679262,0.0476070201223421,"instability_within_regime"
"Cameroon",2013-04-01,5,0.0889090218695504,0.0302734690927915,"instability_within_regime"
"Cameroon",2013-07-01,17,0.318721934345998,0.0894291476242996,"instability_within_regime"
"Cameroon",2013-10-01,6,0.115676198454237,0.0267905000811417,"instability_within_regime"
"Cameroon",2014-01-01,4,0.0770236138801652,0.0150846580695201,"instability_within_regime"
"Cameroon",2014-04-01,10,0.187770619981127,0.0325264831777236,"instability_within_regime"
"Cameroon",2014-07-01,6,0.109604622081713,0.018133738520704,"instability_within_regime"
"Cameroon",2014-10-01,13,0.230165035511058,0.0380200005990446,"instability_within_regime"
"Cameroon",2015-01-01,136,2.36619415683541,0.397822520569694,"instability_within_regime"
"Cameroon",2015-04-01,21,0.372228278752572,0.0655926760815324,"instability_within_regime"
"Cameroon",2015-07-01,16,0.293415937031637,0.0549818765782215,"instability_within_regime"
"Cameroon",2015-10-01,8,0.152131061275429,0.0310587168538318,"instability_within_regime"
"Cameroon",2016-01-01,12,0.234552857560871,0.0529460104134586,"instability_within_regime"
"Cameroon",2016-04-01,9,0.179799730355614,0.0446808440234101,"instability_within_regime"
"Cameroon",2016-07-01,7,0.142575400663339,0.0373980429494008,"instability_within_regime"
"Cameroon",2016-10-01,3,0.0621837515866292,0.0161294618340638,"instability_within_regime"
"Cameroon",2017-01-01,7,0.147780857824439,0.0364435946388193,"instability_within_regime"
"Cameroon",2017-04-01,8,0.174223577841087,0.0405649701901603,"instability_within_regime"
"Cameroon",2017-07-01,13,0.291906741542412,0.0634180612195092,"instability_within_regime"
"Cameroon",2017-10-01,24,0.550646391756031,0.111595291637322,"instability_within_regime"
"Cameroon",2018-01-01,28,0.651122763281445,0.122592350157363,"instability_within_regime"
"Cameroon",2018-04-01,18,0.422145543665624,0.0724769378419808,"instability_within_regime"
"Cameroon",2018-07-01,69,1.62861651961787,0.250320613861557,"instability_within_regime"
"Cameroon",2018-10-01,207,4.91348996793821,0.689412961086258,"instability_within_regime"
"Cameroon",2019-01-01,38,0.913273363516282,0.123417337620209,"instability_within_regime"
"Cameroon",2019-04-01,17,0.417561870448672,0.0559272269459406,"instability_within_regime"
"Cameroon",2019-07-01,12,0.300505403321215,0.0415568779448683,"instability_within_regime"
"Cameroon",2019-10-01,35,0.887568053025228,0.131289565016389,"instability_within_regime"
"Cameroon",2020-01-01,77,1.95198679500308,0.318878465999395,"instability_within_regime"
"Cameroon",2020-04-01,16,0.398988425237056,0.0734666854397319,"instability_within_regime"
"Cameroon",2020-07-01,14,0.337862847616848,0.0692203934033501,"instability_within_regime"
"Cameroon",2020-10-01,41,0.945943845040887,0.204574737234462,"instability_within_regime"
"Cameroon",2021-01-01,11,0.24053807867329,0.0515719124103368,"instability_within_regime"
"Cameroon",2021-04-01,2,0.041428395218453,0.00825539390152565,"instability_within_regime"
"Cameroon",2021-07-01,3,0.059037985529736,0.0104319508889927,"instability_within_regime"
"Cameroon",2021-10-01,17,0.318634534798584,0.050332739044422,"instability_within_regime"
"Cameroon",2022-01-01,8,0.145003056675018,0.0215719320562528,"instability_within_regime"
"Cameroon",2022-04-01,5,0.0905015930545509,0.0140937900856324,"instability_within_regime"
"Cameroon",2022-07-01,7,0.128198296290889,0.0219851225928607,"instability_within_regime"
"Cameroon",2022-10-01,6,0.11102857765798,0.021592705515003,"instability_within_regime"
"Cameroon",2023-01-01,20,0.374267596037042,0.0856984731503141,"instability_within_regime"
"Cameroon",2023-04-01,5,0.0943979873834483,0.0256395742624163,"instability_within_regime"
"Cameroon",2023-07-01,4,0.0763548621608174,0.0240330409716293,"instability_within_regime"
"Cameroon",2023-10-01,4,0.0796046275985909,0.0273753751747543,"instability_within_regime"
"Cameroon",2024-01-01,1,0.0211757198463392,0.00765897911988421,"instability_within_regime"
"Cameroon",2024-04-01,4,0.0929217684447364,0.0344857566485988,"instability_within_regime"
"Cameroon",2024-07-01,11,0.285607101518081,0.105527518973623,"instability_within_regime"
"Cameroon",2024-10-01,10,0.296345371193365,0.106089017253835,"instability_within_regime"
"Cameroon",1990-04-01,1,0.0626415803633733,0.0267126197246992,"mass_civil_protest"
"Cameroon",1990-07-01,0,0,0,"mass_civil_protest"
"Cameroon",1990-10-01,0,0,0,"mass_civil_protest"
"Cameroon",1991-01-01,1,0.0483648091054317,0.0170032280407383,"mass_civil_protest"
"Cameroon",1991-04-01,65,2.91274902014834,0.963784690398676,"mass_civil_protest"
"Cameroon",1991-07-01,42,1.77863508369366,0.586852761997917,"mass_civil_protest"
"Cameroon",1991-10-01,17,0.70042074536901,0.237669143781053,"mass_civil_protest"
"Cameroon",1992-01-01,12,0.495571637844748,0.172158037968751,"mass_civil_protest"
"Cameroon",1992-04-01,4,0.168094270115696,0.0595919789103436,"mass_civil_protest"
"Cameroon",1992-07-01,2,0.0847250511142411,0.0303740832565741,"mass_civil_protest"
"Cameroon",1992-10-01,27,1.12300840620988,0.407135812190468,"mass_civil_protest"
"Cameroon",1993-01-01,14,0.559420420853735,0.213094185631967,"mass_civil_protest"
"Cameroon",1993-04-01,7,0.264481050762015,0.10460159511394,"mass_civil_protest"
"Cameroon",1993-07-01,11,0.387291119030717,0.152687171112414,"mass_civil_protest"
"Cameroon",1993-10-01,4,0.13108737670514,0.0502304396678882,"mass_civil_protest"
"Cameroon",1994-01-01,3,0.0917081652870207,0.0347403086351145,"mass_civil_protest"
"Cameroon",1994-04-01,3,0.0863538404819167,0.0345187989209971,"mass_civil_protest"
"Cameroon",1994-07-01,3,0.0828029478183218,0.0371930303197922,"mass_civil_protest"
"Cameroon",1994-10-01,3,0.0817667157327708,0.0411058725402001,"mass_civil_protest"
"Cameroon",1995-01-01,0,0,0,"mass_civil_protest"
"Cameroon",1995-04-01,0,0,0,"mass_civil_protest"
"Cameroon",1995-07-01,3,0.0774463784457695,0.0518749167858882,"mass_civil_protest"
"Cameroon",1995-10-01,0,0,0,"mass_civil_protest"
"Cameroon",1996-01-01,0,0,0,"mass_civil_protest"
"Cameroon",1996-04-01,0,0,0,"mass_civil_protest"
"Cameroon",1996-07-01,0,0,0,"mass_civil_protest"
"Cameroon",1996-10-01,0,0,0,"mass_civil_protest"
"Cameroon",1997-01-01,1,0.0173435247646912,0.0181279547468188,"mass_civil_protest"
"Cameroon",1997-04-01,1,0.0167383557161782,0.0161745142986495,"mass_civil_protest"
"Cameroon",1997-07-01,0,0,0,"mass_civil_protest"
"Cameroon",1997-10-01,1,0.0154309386856726,0.0117549247294483,"mass_civil_protest"
"Cameroon",1998-01-01,1,0.0141541652892651,0.0103399464532475,"mass_civil_protest"
"Cameroon",1998-04-01,0,0,0,"mass_civil_protest"
"Cameroon",1998-07-01,0,0,0,"mass_civil_protest"
"Cameroon",1998-10-01,0,0,0,"mass_civil_protest"
"Cameroon",1999-01-01,1,0.010278061209849,0.00956387816696691,"mass_civil_protest"
"Cameroon",1999-04-01,0,0,0,"mass_civil_protest"
"Cameroon",1999-07-01,0,0,0,"mass_civil_protest"
"Cameroon",1999-10-01,0,0,0,"mass_civil_protest"
"Cameroon",2000-01-01,2,0.0161276282046842,0.0168303255905925,"mass_civil_protest"
"Cameroon",2000-04-01,2,0.0156305141569277,0.0162157715835176,"mass_civil_protest"
"Cameroon",2000-07-01,8,0.0621924428214351,0.0641137950955266,"mass_civil_protest"
"Cameroon",2000-10-01,1,0.00786279653616759,0.00831335651260687,"mass_civil_protest"
"Cameroon",2001-01-01,3,0.0239037759024435,0.0255491944467713,"mass_civil_protest"
"Cameroon",2001-04-01,0,0,0,"mass_civil_protest"
"Cameroon",2001-07-01,0,0,0,"mass_civil_protest"
"Cameroon",2001-10-01,0,0,0,"mass_civil_protest"
"Cameroon",2002-01-01,1,0.00743465488820134,0.00580704799589936,"mass_civil_protest"
"Cameroon",2002-04-01,0,0,0,"mass_civil_protest"
"Cameroon",2002-07-01,1,0.00684430976719319,0.00547396500702772,"mass_civil_protest"
"Cameroon",2002-10-01,0,0,0,"mass_civil_protest"
"Cameroon",2003-01-01,1,0.00676968619616159,0.00526751924390855,"mass_civil_protest"
"Cameroon",2003-04-01,1,0.00699507413061587,0.00495410885876872,"mass_civil_protest"
"Cameroon",2003-07-01,2,0.0146341852512798,0.00928766058427478,"mass_civil_protest"
"Cameroon",2003-10-01,1,0.00765809983036645,0.00435417846851765,"mass_civil_protest"
"Cameroon",2004-01-01,6,0.0473342178841504,0.0248802758420494,"mass_civil_protest"
"Cameroon",2004-04-01,1,0.00800542995976053,0.00410725420903004,"mass_civil_protest"
"Cameroon",2004-07-01,8,0.0644482345338415,0.0336615087904058,"mass_civil_protest"
"Cameroon",2004-10-01,8,0.0651082990514389,0.0358232511954698,"mass_civil_protest"
"Cameroon",2005-01-01,3,0.0248439697430556,0.0147290378751033,"mass_civil_protest"
"Cameroon",2005-04-01,13,0.109295349308838,0.0705209247554936,"mass_civil_protest"
"Cameroon",2005-07-01,1,0.00841327207308193,0.00587404168368484,"mass_civil_protest"
"Cameroon",2005-10-01,1,0.00823320709093825,0.00609861266227125,"mass_civil_protest"
"Cameroon",2006-01-01,2,0.01582729911448,0.0123449081426352,"mass_civil_protest"
"Cameroon",2006-04-01,4,0.030639632982126,0.0251362587539806,"mass_civil_protest"
"Cameroon",2006-07-01,1,0.007562877963193,0.00629662187924804,"mass_civil_protest"
"Cameroon",2006-10-01,0,0,0,"mass_civil_protest"
"Cameroon",2007-01-01,6,0.046103607149463,0.0332354713661302,"mass_civil_protest"
"Cameroon",2007-04-01,0,0,0,"mass_civil_protest"
"Cameroon",2007-07-01,2,0.016216200554922,0.008899033382398,"mass_civil_protest"
"Cameroon",2007-10-01,0,0,0,"mass_civil_protest"
"Cameroon",2008-01-01,4,0.0344540378193472,0.0145718401334825,"mass_civil_protest"
"Cameroon",2008-04-01,8,0.0719079379329613,0.0283222591901354,"mass_civil_protest"
"Cameroon",2008-07-01,1,0.00938078595855701,0.00369814542379005,"mass_civil_protest"
"Cameroon",2008-10-01,3,0.0291885049229088,0.0120911464706432,"mass_civil_protest"
"Cameroon",2009-01-01,1,0.00999146873821217,0.00434900578006865,"mass_civil_protest"
"Cameroon",2009-04-01,1,0.0100424683915743,0.00442074507676152,"mass_civil_protest"
"Cameroon",2009-07-01,2,0.0196354031428965,0.00833467618264701,"mass_civil_protest"
"Cameroon",2009-10-01,0,0,0,"mass_civil_protest"
"Cameroon",2010-01-01,0,0,0,"mass_civil_protest"
"Cameroon",2010-04-01,2,0.0173327750328682,0.00702879486682846,"mass_civil_protest"
"Cameroon",2010-07-01,2,0.0169301860860853,0.00794076365487432,"mass_civil_protest"
"Cameroon",2010-10-01,3,0.0248876654595914,0.014240161499929,"mass_civil_protest"
"Cameroon",2011-01-01,0,0,0,"mass_civil_protest"
"Cameroon",2011-04-01,3,0.0246601529760362,0.0195808381091196,"mass_civil_protest"
"Cameroon",2011-07-01,1,0.00821176167175435,0.00711138287984298,"mass_civil_protest"
"Cameroon",2011-10-01,22,0.177307692189978,0.165897023235316,"mass_civil_protest"
"Cameroon",2012-01-01,0,0,0,"mass_civil_protest"
"Cameroon",2012-04-01,0,0,0,"mass_civil_protest"
"Cameroon",2012-07-01,0,0,0,"mass_civil_protest"
"Cameroon",2012-10-01,2,0.0154171409688917,0.0151189594806096,"mass_civil_protest"
"Cameroon",2013-01-01,1,0.0078505123251874,0.0068010028746203,"mass_civil_protest"
"Cameroon",2013-04-01,5,0.041422410078938,0.0302734690927915,"mass_civil_protest"
"Cameroon",2013-07-01,3,0.0262043756931722,0.0157816142866411,"mass_civil_protest"
"Cameroon",2013-10-01,6,0.0538931463645425,0.0267905000811417,"mass_civil_protest"
"Cameroon",2014-01-01,19,0.170453935392395,0.0716521258302207,"mass_civil_protest"
"Cameroon",2014-04-01,25,0.218704228718392,0.0813162079443091,"mass_civil_protest"
"Cameroon",2014-07-01,15,0.127661049096825,0.04533434630176,"mass_civil_protest"
"Cameroon",2014-10-01,14,0.115481805495901,0.0409446160297403,"mass_civil_protest"
"Cameroon",2015-01-01,45,0.364765297546518,0.13163245165909,"mass_civil_protest"
"Cameroon",2015-04-01,10,0.082580897926405,0.0312346076578725,"mass_civil_protest"
"Cameroon",2015-07-01,5,0.0427192138795718,0.0171818364306942,"mass_civil_protest"
"Cameroon",2015-10-01,12,0.106316013944132,0.0465880752807477,"mass_civil_protest"
"Cameroon",2016-01-01,4,0.036425792144125,0.0176486701378195,"mass_civil_protest"
"Cameroon",2016-04-01,3,0.0279226937314274,0.01489361467447,"mass_civil_protest"
"Cameroon",2016-07-01,5,0.0474467092416503,0.0267128878210005,"mass_civil_protest"
"Cameroon",2016-10-01,6,0.0579423955928217,0.0322589236681276,"mass_civil_protest"
"Cameroon",2017-01-01,12,0.118029596018199,0.0624747336665474,"mass_civil_protest"
"Cameroon",2017-04-01,5,0.0507313567214661,0.0253531063688502,"mass_civil_protest"
"Cameroon",2017-07-01,12,0.125536943430527,0.0585397488180085,"mass_civil_protest"
"Cameroon",2017-10-01,14,0.149650827682504,0.0650972534551047,"mass_civil_protest"
"Cameroon",2018-01-01,5,0.0541706919396691,0.0218914910995291,"mass_civil_protest"
"Cameroon",2018-04-01,6,0.0655587230445147,0.0241589792806603,"mass_civil_protest"
"Cameroon",2018-07-01,4,0.043986485933462,0.0145113399340033,"mass_civil_protest"
"Cameroon",2018-10-01,53,0.586118094818626,0.176516362017254,"mass_civil_protest"
"Cameroon",2019-01-01,21,0.235139733033179,0.0682043181585364,"mass_civil_protest"
"Cameroon",2019-04-01,17,0.194540651413655,0.0559272269459406,"mass_civil_protest"
"Cameroon",2019-07-01,17,0.198339626990382,0.0588722437552301,"mass_civil_protest"
"Cameroon",2019-10-01,15,0.177220683854872,0.0562669564355952,"mass_civil_protest"
"Cameroon",2020-01-01,13,0.153539115338526,0.053836624129768,"mass_civil_protest"
"Cameroon",2020-04-01,4,0.0464718366578364,0.018366671359933,"mass_civil_protest"
"Cameroon",2020-07-01,15,0.168652659082667,0.0741647072178751,"mass_civil_protest"
"Cameroon",2020-10-01,17,0.18273424863484,0.0848236715362403,"mass_civil_protest"
"Cameroon",2021-01-01,6,0.0611268384747304,0.0281301340420019,"mass_civil_protest"
"Cameroon",2021-04-01,2,0.0193013480473211,0.00825539390152565,"mass_civil_protest"
"Cameroon",2021-07-01,4,0.0366741281581858,0.0139092678519902,"mass_civil_protest"
"Cameroon",2021-10-01,14,0.122253553149602,0.0414504909777593,"mass_civil_protest"
"Cameroon",2022-01-01,7,0.0591118758956395,0.0188754405492212,"mass_civil_protest"
"Cameroon",2022-04-01,7,0.0590301369879463,0.0197313061198853,"mass_civil_protest"
"Cameroon",2022-07-01,2,0.01706489972629,0.0062814635979602,"mass_civil_protest"
"Cameroon",2022-10-01,5,0.0431065297379487,0.0179939212625025,"mass_civil_protest"
"Cameroon",2023-01-01,10,0.0871849983067586,0.0428492365751571,"mass_civil_protest"
"Cameroon",2023-04-01,4,0.0351837603140949,0.0205116594099331,"mass_civil_protest"
"Cameroon",2023-07-01,6,0.0533602048269079,0.0360495614574439,"mass_civil_protest"
"Cameroon",2023-10-01,1,0.00927188112981388,0.00684384379368858,"mass_civil_protest"
"Cameroon",2024-01-01,4,0.0394627826399325,0.0306359164795368,"mass_civil_protest"
"Cameroon",2024-04-01,2,0.0216459675117414,0.0172428783242994,"mass_civil_protest"
"Cameroon",2024-07-01,2,0.0241933408326647,0.0191868216315677,"mass_civil_protest"
"Cameroon",2024-10-01,2,0.0276132595600418,0.0212178034507671,"mass_civil_protest"
"Cameroon",1990-01-01,3,2.16349887960622,0.098673944728753,"political_violence"
"Cameroon",1990-04-01,7,4.58077834849912,0.186988338072894,"political_violence"
"Cameroon",1990-07-01,1,0.601017064838804,0.0230268837059212,"political_violence"
"Cameroon",1990-10-01,9,4.95131071282976,0.179657466914827,"political_violence"
"Cameroon",1991-01-01,3,1.5157558908564,0.051009684122215,"political_violence"
"Cameroon",1991-04-01,98,45.8769266140002,1.4530907639857,"political_violence"
"Cameroon",1991-07-01,36,15.9264358626391,0.503016653141071,"political_violence"
"Cameroon",1991-10-01,19,8.17790784681787,0.26563021952,"political_violence"
"Cameroon",1992-01-01,40,17.2569372763721,0.573860126562502,"political_violence"
"Cameroon",1992-04-01,20,8.78014010805704,0.297959894551718,"political_violence"
"Cameroon",1992-07-01,2,0.885095986833245,0.0303740832565741,"political_violence"
"Cameroon",1992-10-01,79,34.3261318535259,1.191249228261,"political_violence"
"Cameroon",1993-01-01,25,10.4358738509888,0.380525331485655,"political_violence"
"Cameroon",1993-04-01,10,3.9470720464829,0.149430850162772,"political_violence"
"Cameroon",1993-07-01,15,5.5171481271498,0.208209778789655,"political_violence"
"Cameroon",1993-10-01,4,1.36942863439258,0.0502304396678882,"political_violence"
"Cameroon",1994-01-01,62,19.7996253184035,0.717966378459032,"political_violence"
"Cameroon",1994-04-01,22,6.61548387545473,0.253137858753979,"political_violence"
"Cameroon",1994-07-01,10,2.8833879255357,0.123976767732641,"political_violence"
"Cameroon",1994-10-01,10,2.8473039555533,0.137019575134,"political_violence"
"Cameroon",1995-01-01,6,1.69089987724699,0.0905208598825264,"political_violence"
"Cameroon",1995-04-01,11,3.04837692903568,0.179526405148493,"political_violence"
"Cameroon",1995-07-01,5,1.34842996759584,0.086458194643147,"political_violence"
"Cameroon",1995-10-01,0,0,0,"political_violence"
"Cameroon",1996-01-01,26,6.3344085103136,0.478006954909191,"political_violence"
"Cameroon",1996-04-01,4,0.905058759737852,0.0750538674899397,"political_violence"
"Cameroon",1996-07-01,10,2.07859208703051,0.189708680450085,"political_violence"
"Cameroon",1996-10-01,3,0.573620409885152,0.0571370455605122,"political_violence"
"Cameroon",1997-01-01,3,0.543547060694224,0.0543838642404565,"political_violence"
"Cameroon",1997-04-01,22,3.84692753874186,0.35583931457029,"political_violence"
"Cameroon",1997-07-01,4,0.680544697901362,0.055390365083225,"political_violence"
"Cameroon",1997-10-01,17,2.74043685203361,0.199833720400621,"political_violence"
"Cameroon",1998-01-01,6,0.887184703679489,0.062039678719485,"political_violence"
"Cameroon",1998-04-01,0,0,0,"political_violence"
"Cameroon",1998-07-01,2,0.244565902220229,0.0189166137019485,"political_violence"
"Cameroon",1998-10-01,5,0.570236235820297,0.0476980777643899,"political_violence"
"Cameroon",1999-01-01,7,0.751601731334252,0.0669471471687684,"political_violence"
"Cameroon",1999-04-01,7,0.709524271361294,0.066376330295187,"political_violence"
"Cameroon",1999-07-01,8,0.763315538054286,0.0742821415563883,"political_violence"
"Cameroon",1999-10-01,0,0,0,"political_violence"
"Cameroon",2000-01-01,18,1.51632237833312,0.151472930315333,"political_violence"
"Cameroon",2000-04-01,8,0.653148280018518,0.0648630863340705,"political_violence"
"Cameroon",2000-07-01,18,1.46183604334882,0.144256038964935,"political_violence"
"Cameroon",2000-10-01,12,0.985681977350169,0.0997602781512825,"political_violence"
"Cameroon",2001-01-01,12,0.998860943400848,0.102196777787085,"political_violence"
"Cameroon",2001-04-01,5,0.419921422717692,0.0413910761218595,"political_violence"
"Cameroon",2001-07-01,5,0.41807837647255,0.0381370831689137,"political_violence"
"Cameroon",2001-10-01,0,0,0,"political_violence"
"Cameroon",2002-01-01,3,0.233002510538389,0.0174211439876981,"political_violence"
"Cameroon",2002-04-01,2,0.148470080193113,0.0108392134828814,"political_violence"
"Cameroon",2002-07-01,3,0.214501060592504,0.0164218950210832,"political_violence"
"Cameroon",2002-10-01,3,0.21008059104471,0.0164326790151718,"political_violence"
"Cameroon",2003-01-01,48,3.39459765755306,0.25284092370761,"political_violence"
"Cameroon",2003-04-01,2,0.146150682925194,0.00990821771753745,"political_violence"
"Cameroon",2003-07-01,11,0.84083304245628,0.0510821332135113,"political_violence"
"Cameroon",2003-10-01,9,0.720015863518051,0.0391876062166589,"political_violence"
"Cameroon",2004-01-01,32,2.6372570717901,0.13269480449093,"political_violence"
"Cameroon",2004-04-01,11,0.919932324711747,0.0451797962993305,"political_violence"
"Cameroon",2004-07-01,23,1.9356525591704,0.0967768377724166,"political_violence"
"Cameroon",2004-10-01,18,1.53037336944294,0.0806023151898071,"political_violence"
"Cameroon",2005-01-01,17,1.47071049103647,0.0834645479589187,"political_violence"
"Cameroon",2005-04-01,32,2.81052103787353,0.173589968628907,"political_violence"
"Cameroon",2005-07-01,11,0.966798907182519,0.0646144585205332,"political_violence"
"Cameroon",2005-10-01,9,0.774087547096024,0.0548875139604413,"political_violence"
"Cameroon",2006-01-01,13,1.0747283340479,0.0802419029271286,"political_violence"
"Cameroon",2006-04-01,40,3.20082618232436,0.251362587539806,"political_violence"
"Cameroon",2006-07-01,24,1.8961682324929,0.151118925101953,"political_violence"
"Cameroon",2006-10-01,2,0.158202827620694,0.0121050193528408,"political_violence"
"Cameroon",2007-01-01,11,0.882988145042147,0.060931697504572,"political_violence"
"Cameroon",2007-04-01,29,2.3857065345053,0.143776281141726,"political_violence"
"Cameroon",2007-07-01,15,1.27054163828341,0.066742750367985,"political_violence"
"Cameroon",2007-10-01,10,0.871362542307193,0.0398740594896218,"political_violence"
"Cameroon",2008-01-01,18,1.61968728155074,0.0655732806006714,"political_violence"
"Cameroon",2008-04-01,24,2.25359889839784,0.0849667775704062,"political_violence"
"Cameroon",2008-07-01,20,1.95996246589809,0.073962908475801,"political_violence"
"Cameroon",2008-10-01,84,8.53784790232395,0.338552101178009,"political_violence"
"Cameroon",2009-01-01,22,2.29631015693833,0.0956781271615104,"political_violence"
"Cameroon",2009-04-01,10,1.0491051175994,0.0442074507676152,"political_violence"
"Cameroon",2009-07-01,16,1.64099909465472,0.066677409461176,"political_violence"
"Cameroon",2009-10-01,11,1.07996482983807,0.0416473498855015,"political_violence"
"Cameroon",2010-01-01,24,2.24559857477405,0.0843250592897886,"political_violence"
"Cameroon",2010-04-01,18,1.62963049044734,0.0632591538014561,"political_violence"
"Cameroon",2010-07-01,30,2.65296501401851,0.119111454823115,"political_violence"
"Cameroon",2010-10-01,32,2.77326528957527,0.151895055999243,"political_violence"
"Cameroon",2011-01-01,30,2.57341387879636,0.170383677408256,"political_violence"
"Cameroon",2011-04-01,7,0.601106028764628,0.0456886222546123,"political_violence"
"Cameroon",2011-07-01,18,1.54414249018995,0.128004891837174,"political_violence"
"Cameroon",2011-10-01,63,5.3042499118524,0.475068748355678,"political_violence"
"Cameroon",2012-01-01,10,0.819224956745051,0.0799739837857855,"political_violence"
"Cameroon",2012-04-01,2,0.161779827657513,0.0164751980557193,"political_violence"
"Cameroon",2012-07-01,7,0.563625246262899,0.0565609719267852,"political_violence"
"Cameroon",2012-10-01,16,1.28846421883974,0.120951675844877,"political_violence"
"Cameroon",2013-01-01,91,7.46307702931645,0.618891261590447,"political_violence"
"Cameroon",2013-04-01,81,7.01017581916332,0.490430199303222,"political_violence"
"Cameroon",2013-07-01,39,3.55873542665571,0.205160985726334,"political_violence"
"Cameroon",2013-10-01,61,5.72388178624615,0.272370084158274,"political_violence"
"Cameroon",2014-01-01,138,12.9333505819154,0.520420703398445,"political_violence"
"Cameroon",2014-04-01,224,20.4712198347882,0.728593223181009,"political_violence"
"Cameroon",2014-07-01,206,18.315252166369,0.622591689210837,"political_violence"
"Cameroon",2014-10-01,189,16.2864288295866,0.552752316401494,"political_violence"
"Cameroon",2015-01-01,628,53.1788787792159,1.83700399204241,"political_violence"
"Cameroon",2015-04-01,112,9.6622029527742,0.349827605768173,"political_violence"
"Cameroon",2015-07-01,384,34.2738588858847,1.31956503787732,"political_violence"
"Cameroon",2015-10-01,227,21.0097956676721,0.881291090727478,"political_violence"
"Cameroon",2016-01-01,242,23.0219926953028,1.06774454333808,"political_violence"
"Cameroon",2016-04-01,91,8.84822143029922,0.451772978458924,"political_violence"
"Cameroon",2016-07-01,75,7.43491294238412,0.400693317315008,"political_violence"
"Cameroon",2016-10-01,109,10.9963923369686,0.586037113304318,"political_violence"
"Cameroon",2017-01-01,85,8.73387822638946,0.442529363471378,"political_violence"
"Cameroon",2017-04-01,83,8.79757741298765,0.420861565722913,"political_violence"
"Cameroon",2017-07-01,173,18.9066654457902,0.843948045459622,"political_violence"
"Cameroon",2017-10-01,241,26.912042634322,1.12060272019145,"political_violence"
"Cameroon",2018-01-01,150,16.9771259182122,0.656744732985874,"political_violence"
"Cameroon",2018-04-01,153,17.4642201874211,0.616053971656837,"political_violence"
"Cameroon",2018-07-01,201,23.0905281088113,0.729194831683667,"political_violence"
"Cameroon",2018-10-01,449,51.8721361101562,1.49539333105183,"political_violence"
"Cameroon",2019-01-01,164,19.1835556453137,0.532643246571427,"political_violence"
"Cameroon",2019-04-01,175,20.9207873524542,0.575721453855271,"political_violence"
"Cameroon",2019-07-01,163,19.8667445342247,0.564480925417794,"political_violence"
"Cameroon",2019-10-01,185,22.8335485118589,0.693959129372341,"political_violence"
"Cameroon",2020-01-01,250,30.8456710221071,1.03531969480323,"political_violence"
"Cameroon",2020-04-01,147,17.8412678159984,0.674975172477537,"political_violence"
"Cameroon",2020-07-01,126,14.7996352198242,0.62298354063015,"political_violence"
"Cameroon",2020-10-01,194,21.7846853969519,0.967987781060624,"political_violence"
"Cameroon",2021-01-01,111,11.8135981759808,0.520407479777035,"political_violence"
"Cameroon",2021-04-01,63,6.35150622375898,0.260044907898058,"political_violence"
"Cameroon",2021-07-01,119,11.3979120223496,0.413800718596709,"political_violence"
"Cameroon",2021-10-01,176,16.0555302971669,0.521091886577545,"political_violence"
"Cameroon",2022-01-01,139,12.2622462699673,0.374812319477392,"political_violence"
"Cameroon",2022-04-01,222,19.557226142032,0.625764279802078,"political_violence"
"Cameroon",2022-07-01,105,9.35926138022584,0.32977683889291,"political_violence"
"Cameroon",2022-10-01,63,5.67403667855695,0.226723407907532,"political_violence"
"Cameroon",2023-01-01,98,8.92578396549312,0.419922518436539,"political_violence"
"Cameroon",2023-04-01,102,9.3726190598554,0.523047314953293,"political_violence"
"Cameroon",2023-07-01,82,7.61830967204638,0.4926773399184,"political_violence"
"Cameroon",2023-10-01,79,7.65197387274384,0.540663659701398,"political_violence"
"Cameroon",2024-01-01,38,3.91642525797257,0.2910412065556,"political_violence"
"Cameroon",2024-04-01,58,6.55773001007726,0.500043471404683,"political_violence"
"Cameroon",2024-07-01,45,5.68665516801707,0.431703486710274,"political_violence"
"Cameroon",2024-10-01,37,5.3366403516231,0.392529363839191,"political_violence"
"Central African Republic",1992-01-01,1,0.0461061641943767,0.0887971284867916,"instability_of_regime"
"Central African Republic",1992-04-01,0,0,0,"instability_of_regime"
"Central African Republic",1992-07-01,2,0.0945900891755376,0.115128639819229,"instability_of_regime"
"Central African Republic",1992-10-01,2,0.0928716227471681,0.0969887110834714,"instability_of_regime"
"Central African Republic",1993-01-01,2,0.0892224348883569,0.0870059202865485,"instability_of_regime"
"Central African Republic",1993-04-01,0,0,0,"instability_of_regime"
"Central African Republic",1993-07-01,6,0.235846751586309,0.245417570675199,"instability_of_regime"
"Central African Republic",1993-10-01,1,0.0365876635341512,0.0462521183734451,"instability_of_regime"
"Central African Republic",1994-01-01,0,0,0,"instability_of_regime"
"Central African Republic",1994-04-01,0,0,0,"instability_of_regime"
"Central African Republic",1994-07-01,1,0.0308147280138414,0.0820486011242875,"instability_of_regime"
"Central African Republic",1994-10-01,2,0.0608581982230565,0.175574869324691,"instability_of_regime"
"Central African Republic",1995-01-01,2,0.0602354142206091,0.159154579019347,"instability_of_regime"
"Central African Republic",1995-04-01,0,0,0,"instability_of_regime"
"Central African Republic",1995-07-01,0,0,0,"instability_of_regime"
"Central African Republic",1995-10-01,0,0,0,"instability_of_regime"
"Central African Republic",1996-01-01,0,0,0,"instability_of_regime"
"Central African Republic",1996-04-01,7,0.169266139058271,0.12848516493835,"instability_of_regime"
"Central African Republic",1996-07-01,0,0,0,"instability_of_regime"
"Central African Republic",1996-10-01,0,0,0,"instability_of_regime"
"Central African Republic",1997-01-01,3,0.0580888013356845,0.0509324153204984,"instability_of_regime"
"Central African Republic",1997-04-01,0,0,0,"instability_of_regime"
"Central African Republic",1997-07-01,1,0.0181824301036395,0.0203381130742045,"instability_of_regime"
"Central African Republic",1997-10-01,2,0.0344553080144364,0.0443763154036554,"instability_of_regime"
"Central African Republic",1998-01-01,0,0,0,"instability_of_regime"
"Central African Republic",1998-04-01,1,0.0142800548386081,0.0219086876423319,"instability_of_regime"
"Central African Republic",1998-07-01,0,0,0,"instability_of_regime"
"Central African Republic",1998-10-01,0,0,0,"instability_of_regime"
"Central African Republic",1999-01-01,1,0.0114747965755767,0.0197569865439033,"instability_of_regime"
"Central African Republic",1999-04-01,0,0,0,"instability_of_regime"
"Central African Republic",1999-07-01,0,0,0,"instability_of_regime"
"Central African Republic",1999-10-01,0,0,0,"instability_of_regime"
"Central African Republic",2000-01-01,3,0.0270081948020431,0.053809051643293,"instability_of_regime"
"Central African Republic",2000-04-01,0,0,0,"instability_of_regime"
"Central African Republic",2000-07-01,2,0.0173584690571383,0.0257038286426845,"instability_of_regime"
"Central African Republic",2000-10-01,0,0,0,"instability_of_regime"
"Central African Republic",2001-01-01,1,0.00889567789970187,0.00907240342698416,"instability_of_regime"
"Central African Republic",2001-04-01,12,0.107704670442444,0.0957346476390531,"instability_of_regime"
"Central African Republic",2001-07-01,0,0,0,"instability_of_regime"
"Central African Republic",2001-10-01,1,0.00869531335232053,0.0075736965893564,"instability_of_regime"
"Central African Republic",2002-01-01,0,0,0,"instability_of_regime"
"Central African Republic",2002-04-01,0,0,0,"instability_of_regime"
"Central African Republic",2002-07-01,0,0,0,"instability_of_regime"
"Central African Republic",2002-10-01,2,0.0149675230231744,0.0121258870625186,"instability_of_regime"
"Central African Republic",2003-01-01,39,0.294758908846857,0.241000762793491,"instability_of_regime"
"Central African Republic",2003-04-01,10,0.0780955192239753,0.0686365141281737,"instability_of_regime"
"Central African Republic",2003-07-01,10,0.081690649325393,0.0774314364059549,"instability_of_regime"
"Central African Republic",2003-10-01,5,0.0427488880999786,0.0426582042825075,"instability_of_regime"
"Central African Republic",2004-01-01,9,0.0792684306205783,0.0827934696662983,"instability_of_regime"
"Central African Republic",2004-04-01,5,0.0446877472378998,0.0515345171572834,"instability_of_regime"
"Central African Republic",2004-07-01,8,0.0719523230920465,0.0914389136142151,"instability_of_regime"
"Central African Republic",2004-10-01,20,0.181723107048914,0.245307787676699,"instability_of_regime"
"Central African Republic",2005-01-01,6,0.055473399722151,0.0779054228366136,"instability_of_regime"
"Central African Republic",2005-04-01,6,0.0563175010585606,0.0852641951316431,"instability_of_regime"
"Central African Republic",2005-07-01,0,0,0,"instability_of_regime"
"Central African Republic",2005-10-01,1,0.0091918480153223,0.0161772006438624,"instability_of_regime"
"Central African Republic",2006-01-01,3,0.0265052475323016,0.0454810065649089,"instability_of_regime"
"Central African Republic",2006-04-01,3,0.0256553897988552,0.0396632278006502,"instability_of_regime"
"Central African Republic",2006-07-01,0,0,0,"instability_of_regime"
"Central African Republic",2006-10-01,1,0.00845355746443067,0.0101538485986295,"instability_of_regime"
"Central African Republic",2007-01-01,0,0,0,"instability_of_regime"
"Central African Republic",2007-04-01,2,0.0175834577073359,0.0205550027385054,"instability_of_regime"
"Central African Republic",2007-07-01,2,0.0181043485534192,0.0224078923344839,"instability_of_regime"
"Central African Republic",2007-10-01,3,0.0279367193413529,0.037379185625398,"instability_of_regime"
"Central African Republic",2008-01-01,4,0.0384657249175929,0.0559292252955466,"instability_of_regime"
"Central African Republic",2008-04-01,2,0.0200701509531593,0.0318391679839523,"instability_of_regime"
"Central African Republic",2008-07-01,0,0,0,"instability_of_regime"
"Central African Republic",2008-10-01,7,0.076036554835281,0.136053731291742,"instability_of_regime"
"Central African Republic",2009-01-01,6,0.0669290066996414,0.122714548458805,"instability_of_regime"
"Central African Republic",2009-04-01,1,0.0112117722941316,0.0209107188924055,"instability_of_regime"
"Central African Republic",2009-07-01,0,0,0,"instability_of_regime"
"Central African Republic",2009-10-01,0,0,0,"instability_of_regime"
"Central African Republic",2010-01-01,1,0.00999945074697099,0.0185056517345164,"instability_of_regime"
"Central African Republic",2010-04-01,7,0.0677282633719221,0.128404965813143,"instability_of_regime"
"Central African Republic",2010-07-01,1,0.00945073381827723,0.0189143674866219,"instability_of_regime"
"Central African Republic",2010-10-01,0,0,0,"instability_of_regime"
"Central African Republic",2011-01-01,0,0,0,"instability_of_regime"
"Central African Republic",2011-04-01,2,0.0183543201482045,0.0560402962591976,"instability_of_regime"
"Central African Republic",2011-07-01,1,0.00916790557933278,0.0298914297080383,"instability_of_regime"
"Central African Republic",2011-10-01,0,0,0,"instability_of_regime"
"Central African Republic",2012-01-01,0,0,0,"instability_of_regime"
"Central African Republic",2012-04-01,1,0.00864469422106322,0.00999304952346397,"instability_of_regime"
"Central African Republic",2012-07-01,0,0,0,"instability_of_regime"
"Central African Republic",2012-10-01,6,0.0516367492223622,0.0258164977788714,"instability_of_regime"
"Central African Republic",2013-01-01,70,0.613521568654233,0.223956648246002,"instability_of_regime"
"Central African Republic",2013-04-01,52,0.48095284548926,0.13576661286472,"instability_of_regime"
"Central African Republic",2013-07-01,18,0.175533035460617,0.0402391097583098,"instability_of_regime"
"Central African Republic",2013-10-01,67,0.671878721005063,0.134680376126859,"instability_of_regime"
"Central African Republic",2014-01-01,117,1.17185287196923,0.235181450282124,"instability_of_regime"
"Central African Republic",2014-04-01,11,0.107434471613881,0.0248950682677892,"instability_of_regime"
"Central African Republic",2014-07-01,29,0.275549066008701,0.0791461712016823,"instability_of_regime"
"Central African Republic",2014-10-01,13,0.11971888881622,0.0430879621173349,"instability_of_regime"
"Central African Republic",2015-01-01,2,0.0180994255702843,0.00769945210929652,"instability_of_regime"
"Central African Republic",2015-04-01,2,0.0184392559138666,0.00828151306946295,"instability_of_regime"
"Central African Republic",2015-07-01,11,0.104925181323808,0.0463740434482799,"instability_of_regime"
"Central African Republic",2015-10-01,126,1.24629766083156,0.5431679337334,"instability_of_regime"
"Central African Republic",2016-01-01,30,0.305002966822339,0.141304130826356,"instability_of_regime"
"Central African Republic",2016-04-01,7,0.0727390950192884,0.0382712425521514,"instability_of_regime"
"Central African Republic",2016-07-01,3,0.031782725882587,0.0192025700566581,"instability_of_regime"
"Central African Republic",2016-10-01,5,0.0539074757513684,0.0359051665001365,"instability_of_regime"
"Central African Republic",2017-01-01,3,0.0329431197322628,0.0229995598474427,"instability_of_regime"
"Central African Republic",2017-04-01,1,0.0113276616376638,0.00776997250245559,"instability_of_regime"
"Central African Republic",2017-07-01,2,0.0233589918561131,0.0157568715673056,"instability_of_regime"
"Central African Republic",2017-10-01,2,0.0238679367630413,0.0158560494551239,"instability_of_regime"
"Central African Republic",2018-01-01,1,0.0120956211035265,0.00790895329214279,"instability_of_regime"
"Central African Republic",2018-04-01,0,0,0,"instability_of_regime"
"Central African Republic",2018-07-01,0,0,0,"instability_of_regime"
"Central African Republic",2018-10-01,9,0.111118293854382,0.0752782177915793,"instability_of_regime"
"Central African Republic",2019-01-01,11,0.137509659473527,0.101392107549149,"instability_of_regime"
"Central African Republic",2019-04-01,1,0.0127760099032315,0.01055810564922,"instability_of_regime"
"Central African Republic",2019-07-01,4,0.052101995551445,0.0474101055349226,"instability_of_regime"
"Central African Republic",2019-10-01,1,0.0131903689791259,0.0124800375265458,"instability_of_regime"
"Central African Republic",2020-01-01,1,0.0131858908686256,0.0120308303001004,"instability_of_regime"
"Central African Republic",2020-04-01,3,0.0389121202862003,0.0319947506269597,"instability_of_regime"
"Central African Republic",2020-07-01,0,0,0,"instability_of_regime"
"Central African Republic",2020-10-01,2,0.0240013031030122,0.0152471121508399,"instability_of_regime"
"Central African Republic",2021-01-01,3,0.0341220986373153,0.0211016536189899,"instability_of_regime"
"Central African Republic",2021-04-01,6,0.0646461539648682,0.0431192619681598,"instability_of_regime"
"Central African Republic",2021-07-01,0,0,0,"instability_of_regime"
"Central African Republic",2021-10-01,0,0,0,"instability_of_regime"
"Central African Republic",2022-01-01,3,0.028283408872589,0.0263898766924972,"instability_of_regime"
"Central African Republic",2022-04-01,3,0.0282442990505429,0.0284291400255663,"instability_of_regime"
"Central African Republic",2022-07-01,4,0.038103733562931,0.041081807453592,"instability_of_regime"
"Central African Republic",2022-10-01,3,0.0288754065415382,0.0328381083305514,"instability_of_regime"
"Central African Republic",2023-01-01,0,0,0,"instability_of_regime"
"Central African Republic",2023-04-01,8,0.0785608266238409,0.0947649269449795,"instability_of_regime"
"Central African Republic",2023-07-01,32,0.31772399255384,0.401846675449718,"instability_of_regime"
"Central African Republic",2023-10-01,0,0,0,"instability_of_regime"
"Central African Republic",2024-01-01,1,0.0110144168694359,0.0158250832750146,"instability_of_regime"
"Central African Republic",2024-04-01,3,0.0362495030153293,0.0537549742143276,"instability_of_regime"
"Central African Republic",2024-07-01,0,0,0,"instability_of_regime"
"Central African Republic",2024-10-01,1,0.0154142172230132,0.0244778145024224,"instability_of_regime"
"Central African Republic",1991-04-01,1,0.175786814025651,0.133545248236268,"instability_within_regime"
"Central African Republic",1991-07-01,4,0.664498710207449,0.486900572790927,"instability_within_regime"
"Central African Republic",1991-10-01,0,0,0,"instability_within_regime"
"Central African Republic",1992-01-01,2,0.324005050315821,0.177594256973583,"instability_within_regime"
"Central African Republic",1992-04-01,5,0.824251051021097,0.356931502051408,"instability_within_regime"
"Central African Republic",1992-07-01,10,1.66179876043754,0.575643199096146,"instability_within_regime"
"Central African Republic",1992-10-01,13,2.12109041843756,0.630426622042564,"instability_within_regime"
"Central African Republic",1993-01-01,3,0.47024926076199,0.130508880429823,"instability_within_regime"
"Central African Republic",1993-04-01,14,2.07501453955055,0.568201902673906,"instability_within_regime"
"Central African Republic",1993-07-01,22,3.03853414341834,0.899864425809065,"instability_within_regime"
"Central African Republic",1993-10-01,5,0.642787573606417,0.231260591867225,"instability_within_regime"
"Central African Republic",1994-01-01,1,0.119917712956372,0.0554984423709637,"instability_within_regime"
"Central African Republic",1994-04-01,2,0.225832782134098,0.136596872129124,"instability_within_regime"
"Central African Republic",1994-07-01,5,0.541366196638123,0.410243005621438,"instability_within_regime"
"Central African Republic",1994-10-01,5,0.534591304707705,0.438937173311727,"instability_within_regime"
"Central African Republic",1995-01-01,2,0.211648255242659,0.159154579019347,"instability_within_regime"
"Central African Republic",1995-04-01,6,0.624374684456659,0.370609659012193,"instability_within_regime"
"Central African Republic",1995-07-01,2,0.202537964878133,0.088968627621099,"instability_within_regime"
"Central African Republic",1995-10-01,2,0.193852746815324,0.0628188314667435,"instability_within_regime"
"Central African Republic",1996-01-01,0,0,0,"instability_within_regime"
"Central African Republic",1996-04-01,31,2.63388332849287,0.569005730441266,"instability_within_regime"
"Central African Republic",1996-07-01,4,0.312210364079608,0.0679667905419999,"instability_within_regime"
"Central African Republic",1996-10-01,21,1.50778941539115,0.34769425240499,"instability_within_regime"
"Central African Republic",1997-01-01,22,1.49677538504599,0.373504379016988,"instability_within_regime"
"Central African Republic",1997-04-01,31,2.03549984536556,0.566652133319844,"instability_within_regime"
"Central African Republic",1997-07-01,10,0.638873270367622,0.203381130742045,"instability_within_regime"
"Central African Republic",1997-10-01,2,0.121065089689527,0.0443763154036554,"instability_within_regime"
"Central African Republic",1998-01-01,1,0.0555240133193031,0.022740499961114,"instability_within_regime"
"Central African Republic",1998-04-01,2,0.10035122130286,0.0438173752846639,"instability_within_regime"
"Central African Republic",1998-07-01,2,0.091836211936511,0.0418063096945968,"instability_within_regime"
"Central African Republic",1998-10-01,29,1.24194069950594,0.581641925799029,"instability_within_regime"
"Central African Republic",1999-01-01,13,0.524144627821052,0.256840825070742,"instability_within_regime"
"Central African Republic",1999-04-01,9,0.34255458164017,0.178445046763205,"instability_within_regime"
"Central African Republic",1999-07-01,22,0.788233432991684,0.438360614325436,"instability_within_regime"
"Central African Republic",1999-10-01,9,0.302283122117746,0.175810807191839,"instability_within_regime"
"Central African Republic",2000-01-01,13,0.411225887372618,0.233172557120936,"instability_within_regime"
"Central African Republic",2000-04-01,4,0.122630880521796,0.0617707382295816,"instability_within_regime"
"Central African Republic",2000-07-01,3,0.0914882815324779,0.0385557429640268,"instability_within_regime"
"Central African Republic",2000-10-01,11,0.339286289051235,0.117712455954197,"instability_within_regime"
"Central African Republic",2001-01-01,3,0.0937698228376295,0.0272172102809525,"instability_within_regime"
"Central African Republic",2001-04-01,85,2.68061848031932,0.678120420776626,"instability_within_regime"
"Central African Republic",2001-07-01,7,0.219787908514426,0.0537634478812569,"instability_within_regime"
"Central African Republic",2001-10-01,45,1.37486653927538,0.340816346521038,"instability_within_regime"
"Central African Republic",2002-01-01,2,0.0583293848277997,0.0150505754727525,"instability_within_regime"
"Central African Republic",2002-04-01,6,0.167254669932288,0.0428646484435993,"instability_within_regime"
"Central African Republic",2002-07-01,3,0.0805466529976075,0.0195254776816115,"instability_within_regime"
"Central African Republic",2002-10-01,51,1.34107450643082,0.309210120094224,"instability_within_regime"
"Central African Republic",2003-01-01,70,1.85893054933999,0.432565471680626,"instability_within_regime"
"Central African Republic",2003-04-01,17,0.466485156943219,0.116682074017895,"instability_within_regime"
"Central African Republic",2003-07-01,19,0.54536685575814,0.147119729171314,"instability_within_regime"
"Central African Republic",2003-10-01,15,0.45061834621676,0.127974612847523,"instability_within_regime"
"Central African Republic",2004-01-01,51,1.57830422138274,0.46916299477569,"instability_within_regime"
"Central African Republic",2004-04-01,8,0.251229848248054,0.0824552274516534,"instability_within_regime"
"Central African Republic",2004-07-01,20,0.632044447611575,0.228597284035538,"instability_within_regime"
"Central African Republic",2004-10-01,35,1.11740598654806,0.429288628434223,"instability_within_regime"
"Central African Republic",2005-01-01,78,2.53390848890705,1.01277049687598,"instability_within_regime"
"Central African Republic",2005-04-01,57,1.87987846406527,0.810009853750609,"instability_within_regime"
"Central African Republic",2005-07-01,8,0.264028924968971,0.12478853613785,"instability_within_regime"
"Central African Republic",2005-10-01,7,0.226080792180081,0.113240404507037,"instability_within_regime"
"Central African Republic",2006-01-01,6,0.186262167117864,0.0909620131298178,"instability_within_regime"
"Central African Republic",2006-04-01,12,0.360579805667889,0.158652911202601,"instability_within_regime"
"Central African Republic",2006-07-01,2,0.0593353727583036,0.0228481112817933,"instability_within_regime"
"Central African Republic",2006-10-01,38,1.12871916000654,0.385846246747922,"instability_within_regime"
"Central African Republic",2007-01-01,11,0.331568242708243,0.108199611516126,"instability_within_regime"
"Central African Republic",2007-04-01,4,0.123565453746558,0.0411100054770108,"instability_within_regime"
"Central African Republic",2007-07-01,3,0.0954194596289117,0.0336118385017259,"instability_within_regime"
"Central African Republic",2007-10-01,2,0.0654405494653141,0.0249194570835986,"instability_within_regime"
"Central African Republic",2008-01-01,3,0.10136732274683,0.04194691897166,"instability_within_regime"
"Central African Republic",2008-04-01,7,0.246820640370704,0.111437087943833,"instability_within_regime"
"Central African Republic",2008-07-01,3,0.110396948289876,0.0536891527359117,"instability_within_regime"
"Central African Republic",2008-10-01,17,0.648837741418963,0.33041620456566,"instability_within_regime"
"Central African Republic",2009-01-01,11,0.431140286381076,0.224976672174476,"instability_within_regime"
"Central African Republic",2009-04-01,2,0.0787892662459371,0.041821437784811,"instability_within_regime"
"Central African Republic",2009-07-01,6,0.231077501927211,0.122548657324618,"instability_within_regime"
"Central African Republic",2009-10-01,8,0.294934087024792,0.155189940038524,"instability_within_regime"
"Central African Republic",2010-01-01,24,0.843238017912942,0.444135641628393,"instability_within_regime"
"Central African Republic",2010-04-01,33,1.12188574881936,0.605337695976248,"instability_within_regime"
"Central African Republic",2010-07-01,21,0.697344881494197,0.39720171721906,"instability_within_regime"
"Central African Republic",2010-10-01,17,0.553233428318492,0.345260097257442,"instability_within_regime"
"Central African Republic",2011-01-01,37,1.19181312254851,0.867132687575464,"instability_within_regime"
"Central African Republic",2011-04-01,8,0.257965177847391,0.22416118503679,"instability_within_regime"
"Central African Republic",2011-07-01,5,0.161065649269773,0.149457148540192,"instability_within_regime"
"Central African Republic",2011-10-01,2,0.0632312079908818,0.049072116032666,"instability_within_regime"
"Central African Republic",2012-01-01,3,0.0922874154593755,0.0485134212725432,"instability_within_regime"
"Central African Republic",2012-04-01,5,0.151873650465272,0.0499652476173198,"instability_within_regime"
"Central African Republic",2012-07-01,2,0.0604700668159577,0.0127279919071373,"instability_within_regime"
"Central African Republic",2012-10-01,24,0.725741029308069,0.103265991115486,"instability_within_regime"
"Central African Republic",2013-01-01,130,4.00348254099411,0.415919489599718,"instability_within_regime"
"Central African Republic",2013-04-01,67,2.17739263220121,0.174930058883389,"instability_within_regime"
"Central African Republic",2013-07-01,34,1.16500574352524,0.0760072073212519,"instability_within_regime"
"Central African Republic",2013-10-01,138,4.86248149957459,0.277401371723978,"instability_within_regime"
"Central African Republic",2014-01-01,180,6.33464852893101,0.361817615818652,"instability_within_regime"
"Central African Republic",2014-04-01,31,1.06383788535885,0.0701588287546786,"instability_within_regime"
"Central African Republic",2014-07-01,35,1.16850824518984,0.0955212411054786,"instability_within_regime"
"Central African Republic",2014-10-01,26,0.841308863411903,0.0861759242346697,"instability_within_regime"
"Central African Republic",2015-01-01,22,0.699552428027934,0.0846939732022617,"instability_within_regime"
"Central African Republic",2015-04-01,37,1.19861004134904,0.153207991785065,"instability_within_regime"
"Central African Republic",2015-07-01,88,2.94939206054042,0.370992347586239,"instability_within_regime"
"Central African Republic",2015-10-01,231,8.02834461324618,0.995807878511234,"instability_within_regime"
"Central African Republic",2016-01-01,130,4.64396515954147,0.612317900247543,"instability_within_regime"
"Central African Republic",2016-04-01,42,1.53349348531533,0.229627455312908,"instability_within_regime"
"Central African Republic",2016-07-01,26,0.967845481712745,0.166422273824371,"instability_within_regime"
"Central African Republic",2016-10-01,48,1.81837319482947,0.34468959840131,"instability_within_regime"
"Central African Republic",2017-01-01,16,0.61734259632692,0.122664319186361,"instability_within_regime"
"Central African Republic",2017-04-01,26,1.03484762523692,0.202019285063845,"instability_within_regime"
"Central African Republic",2017-07-01,14,0.574532931196747,0.110298100971139,"instability_within_regime"
"Central African Republic",2017-10-01,16,0.670915239814048,0.126848395640991,"instability_within_regime"
"Central African Republic",2018-01-01,4,0.170000796757983,0.0316358131685711,"instability_within_regime"
"Central African Republic",2018-04-01,18,0.771522022767577,0.140902494534341,"instability_within_regime"
"Central African Republic",2018-07-01,6,0.258825530957788,0.0478375742323107,"instability_within_regime"
"Central African Republic",2018-10-01,40,1.73526512225203,0.334569856851464,"instability_within_regime"
"Central African Republic",2019-01-01,23,1.01025532648202,0.212001679420947,"instability_within_regime"
"Central African Republic",2019-04-01,4,0.179563483706017,0.04223242259688,"instability_within_regime"
"Central African Republic",2019-07-01,4,0.183069986249903,0.0474101055349226,"instability_within_regime"
"Central African Republic",2019-10-01,5,0.231733990424168,0.0624001876327288,"instability_within_regime"
"Central African Republic",2020-01-01,8,0.370648507330741,0.0962466424008029,"instability_within_regime"
"Central African Republic",2020-04-01,7,0.319024820146656,0.0746544181295726,"instability_within_regime"
"Central African Republic",2020-07-01,15,0.661591291175895,0.13480418429733,"instability_within_regime"
"Central African Republic",2020-10-01,119,5.01781422882789,0.907203172974973,"instability_within_regime"
"Central African Republic",2021-01-01,173,6.91390445968421,1.21686202536175,"instability_within_regime"
"Central African Republic",2021-04-01,28,1.06001561930456,0.201223222518079,"instability_within_regime"
"Central African Republic",2021-07-01,13,0.467562579694353,0.0996304499039729,"instability_within_regime"
"Central African Republic",2021-10-01,47,1.61000750062026,0.384226667259183,"instability_within_regime"
"Central African Republic",2022-01-01,15,0.496894909552235,0.131949383462486,"instability_within_regime"
"Central African Republic",2022-04-01,16,0.529288332404651,0.151622080136353,"instability_within_regime"
"Central African Republic",2022-07-01,13,0.435124647208208,0.133515874224174,"instability_within_regime"
"Central African Republic",2022-10-01,10,0.338196916936396,0.109460361101838,"instability_within_regime"
"Central African Republic",2023-01-01,7,0.239406749589786,0.0802619962291889,"instability_within_regime"
"Central African Republic",2023-04-01,17,0.586580701130044,0.201375469758081,"instability_within_regime"
"Central African Republic",2023-07-01,36,1.25592968415186,0.452077509880933,"instability_within_regime"
"Central African Republic",2023-10-01,2,0.0727435409754935,0.0280224945085143,"instability_within_regime"
"Central African Republic",2024-01-01,3,0.116103565141609,0.0474752498250437,"instability_within_regime"
"Central African Republic",2024-04-01,5,0.212282208782504,0.089591623690546,"instability_within_regime"
"Central African Republic",2024-07-01,4,0.189811458489908,0.0827750832968723,"instability_within_regime"
"Central African Republic",2024-10-01,2,0.108321399409117,0.0489556290048448,"instability_within_regime"
"Central African Republic",1991-07-01,2,0.0581911597315111,0.243450286395463,"mass_civil_protest"
"Central African Republic",1991-10-01,0,0,0,"mass_civil_protest"
"Central African Republic",1992-01-01,1,0.0283736135934081,0.0887971284867916,"mass_civil_protest"
"Central African Republic",1992-04-01,1,0.028872365789159,0.0713863004102815,"mass_civil_protest"
"Central African Republic",1992-07-01,6,0.174631484982222,0.345385919457688,"mass_civil_protest"
"Central African Republic",1992-10-01,1,0.0285764776105828,0.0484943555417357,"mass_civil_protest"
"Central African Republic",1993-01-01,0,0,0,"mass_civil_protest"
"Central African Republic",1993-04-01,7,0.181712169882916,0.284100951336953,"mass_civil_protest"
"Central African Republic",1993-07-01,2,0.0483798259495102,0.0818058568917332,"mass_civil_protest"
"Central African Republic",1993-10-01,1,0.0225159530302078,0.0462521183734451,"mass_civil_protest"
"Central African Republic",1994-01-01,1,0.0210027519454574,0.0554984423709637,"mass_civil_protest"
"Central African Republic",1994-04-01,1,0.0197765191954612,0.0682984360645621,"mass_civil_protest"
"Central African Republic",1994-07-01,0,0,0,"mass_civil_protest"
"Central African Republic",1994-10-01,1,0.0187259884935586,0.0877874346623454,"mass_civil_protest"
"Central African Republic",1995-01-01,0,0,0,"mass_civil_protest"
"Central African Republic",1995-04-01,0,0,0,"mass_civil_protest"
"Central African Republic",1995-07-01,1,0.0177365567229457,0.0444843138105495,"mass_civil_protest"
"Central African Republic",1995-10-01,0,0,0,"mass_civil_protest"
"Central African Republic",1996-01-01,0,0,0,"mass_civil_protest"
"Central African Republic",1996-04-01,26,0.386902070186911,0.477230612628158,"mass_civil_protest"
"Central African Republic",1996-07-01,2,0.0273407350336585,0.0339833952709999,"mass_civil_protest"
"Central African Republic",1996-10-01,13,0.163477359304504,0.215239299107851,"mass_civil_protest"
"Central African Republic",1997-01-01,3,0.0357476973416058,0.0509324153204984,"mass_civil_protest"
"Central African Republic",1997-04-01,1,0.0115001166574905,0.0182791010748337,"mass_civil_protest"
"Central African Republic",1997-07-01,2,0.0223788404420222,0.040676226148409,"mass_civil_protest"
"Central African Republic",1997-10-01,3,0.0318055604795696,0.066564473105483,"mass_civil_protest"
"Central African Republic",1998-01-01,0,0,0,"mass_civil_protest"
"Central African Republic",1998-04-01,0,0,0,"mass_civil_protest"
"Central African Republic",1998-07-01,0,0,0,"mass_civil_protest"
"Central African Republic",1998-10-01,0,0,0,"mass_civil_protest"
"Central African Republic",1999-01-01,2,0.014123119968331,0.0395139730878065,"mass_civil_protest"
"Central African Republic",1999-04-01,3,0.0199986827872708,0.0594816822544018,"mass_civil_protest"
"Central African Republic",1999-07-01,1,0.00627516336756072,0.019925482469338,"mass_civil_protest"
"Central African Republic",1999-10-01,1,0.0058825314224219,0.0195345341324266,"mass_civil_protest"
"Central African Republic",2000-01-01,7,0.0387818033727972,0.12555445383435,"mass_civil_protest"
"Central African Republic",2000-04-01,0,0,0,"mass_civil_protest"
"Central African Republic",2000-07-01,7,0.0373882485720109,0.0899634002493959,"mass_civil_protest"
"Central African Republic",2000-10-01,33,0.178270889056158,0.35313736786259,"mass_civil_protest"
"Central African Republic",2001-01-01,2,0.0109487541107722,0.0181448068539683,"mass_civil_protest"
"Central African Republic",2001-04-01,16,0.0883748989529395,0.127646196852071,"mass_civil_protest"
"Central African Republic",2001-07-01,5,0.0274959434940597,0.0384024627723263,"mass_civil_protest"
"Central African Republic",2001-10-01,5,0.0267553661688512,0.037868482946782,"mass_civil_protest"
"Central African Republic",2002-01-01,2,0.0102159853658576,0.0150505754727525,"mass_civil_protest"
"Central African Republic",2002-04-01,10,0.0488224835973595,0.0714410807393321,"mass_civil_protest"
"Central African Republic",2002-07-01,2,0.00940479006389465,0.0130169851210743,"mass_civil_protest"
"Central African Republic",2002-10-01,66,0.303962167105173,0.400154273063114,"mass_civil_protest"
"Central African Republic",2003-01-01,14,0.0651157468718989,0.0865130943361251,"mass_civil_protest"
"Central African Republic",2003-04-01,0,0,0,"mass_civil_protest"
"Central African Republic",2003-07-01,8,0.0402177705936509,0.0619451491247639,"mass_civil_protest"
"Central African Republic",2003-10-01,3,0.015784532767242,0.0255949225695045,"mass_civil_protest"
"Central African Republic",2004-01-01,19,0.102983348533858,0.174786213739963,"mass_civil_protest"
"Central African Republic",2004-04-01,4,0.0220005787884251,0.0412276137258267,"mass_civil_protest"
"Central African Republic",2004-07-01,0,0,0,"mass_civil_protest"
"Central African Republic",2004-10-01,2,0.0111831927693267,0.0245307787676699,"mass_civil_protest"
"Central African Republic",2005-01-01,3,0.0170690929936539,0.0389527114183068,"mass_civil_protest"
"Central African Republic",2005-04-01,2,0.0115525479185047,0.0284213983772144,"mass_civil_protest"
"Central African Republic",2005-07-01,0,0,0,"mass_civil_protest"
"Central African Republic",2005-10-01,3,0.0169699181239566,0.0485316019315873,"mass_civil_protest"
"Central African Republic",2006-01-01,0,0,0,"mass_civil_protest"
"Central African Republic",2006-04-01,2,0.010525506794451,0.0264421518671001,"mass_civil_protest"
"Central African Republic",2006-07-01,0,0,0,"mass_civil_protest"
"Central African Republic",2006-10-01,5,0.0260114864440057,0.0507692429931477,"mass_civil_protest"
"Central African Republic",2007-01-01,8,0.0422340855569611,0.0786906265571823,"mass_civil_protest"
"Central African Republic",2007-04-01,0,0,0,"mass_civil_protest"
"Central African Republic",2007-07-01,1,0.00557068451898828,0.011203946167242,"mass_civil_protest"
"Central African Republic",2007-10-01,2,0.011461456307914,0.0249194570835986,"mass_civil_protest"
"Central African Republic",2008-01-01,4,0.0236717071236046,0.0559292252955466,"mass_civil_protest"
"Central African Republic",2008-04-01,0,0,0,"mass_civil_protest"
"Central African Republic",2008-07-01,0,0,0,"mass_civil_protest"
"Central African Republic",2008-10-01,0,0,0,"mass_civil_protest"
"Central African Republic",2009-01-01,0,0,0,"mass_civil_protest"
"Central African Republic",2009-04-01,1,0.0068996955250892,0.0209107188924055,"mass_civil_protest"
"Central African Republic",2009-07-01,0,0,0,"mass_civil_protest"
"Central African Republic",2009-10-01,0,0,0,"mass_civil_protest"
"Central African Republic",2010-01-01,0,0,0,"mass_civil_protest"
"Central African Republic",2010-04-01,2,0.0119085134917622,0.0366871330894696,"mass_civil_protest"
"Central African Republic",2010-07-01,3,0.0174478710744706,0.0567431024598657,"mass_civil_protest"
"Central African Republic",2010-10-01,3,0.0170991142123516,0.0609282524571957,"mass_civil_protest"
"Central African Republic",2011-01-01,4,0.022566244857475,0.0937440743324826,"mass_civil_protest"
"Central African Republic",2011-04-01,2,0.0112952009076126,0.0560402962591976,"mass_civil_protest"
"Central African Republic",2011-07-01,1,0.00564190526178199,0.0298914297080383,"mass_civil_protest"
"Central African Republic",2011-10-01,0,0,0,"mass_civil_protest"
"Central African Republic",2012-01-01,0,0,0,"mass_civil_protest"
"Central African Republic",2012-04-01,3,0.0159597670559329,0.0299791485703919,"mass_civil_protest"
"Central African Republic",2012-07-01,1,0.00529545545086763,0.00636399595356867,"mass_civil_protest"
"Central African Republic",2012-10-01,18,0.0953313637290422,0.0774494933366142,"mass_civil_protest"
"Central African Republic",2013-01-01,7,0.0377559578515966,0.0223956648246002,"mass_civil_protest"
"Central African Republic",2013-04-01,11,0.0626105469188894,0.0287198604136908,"mass_civil_protest"
"Central African Republic",2013-07-01,10,0.0600125409604244,0.0223550609768388,"mass_civil_protest"
"Central African Republic",2013-10-01,30,0.185136903749875,0.0603046460269518,"mass_civil_protest"
"Central African Republic",2014-01-01,19,0.117110675324355,0.0381918594475244,"mass_civil_protest"
"Central African Republic",2014-04-01,13,0.0781357844776151,0.0294214443164781,"mass_civil_protest"
"Central African Republic",2014-07-01,0,0,0,"mass_civil_protest"
"Central African Republic",2014-10-01,11,0.0623401248218431,0.0364590448685141,"mass_civil_protest"
"Central African Republic",2015-01-01,2,0.0111383394469525,0.00769945210929652,"mass_civil_protest"
"Central African Republic",2015-04-01,8,0.0453898806280508,0.0331260522778518,"mass_civil_protest"
"Central African Republic",2015-07-01,16,0.0939209946709934,0.0674531541065889,"mass_civil_protest"
"Central African Republic",2015-10-01,15,0.091305754851952,0.0646628492539762,"mass_civil_protest"
"Central African Republic",2016-01-01,2,0.012513202195663,0.00942027538842373,"mass_civil_protest"
"Central African Republic",2016-04-01,3,0.0191843357106114,0.0164019610937792,"mass_civil_protest"
"Central African Republic",2016-07-01,2,0.0130393379264997,0.0128017133711054,"mass_civil_protest"
"Central African Republic",2016-10-01,7,0.0464443286247753,0.0502672331001911,"mass_civil_protest"
"Central African Republic",2017-01-01,0,0,0,"mass_civil_protest"
"Central African Republic",2017-04-01,2,0.013942027051695,0.0155399450049112,"mass_civil_protest"
"Central African Republic",2017-07-01,1,0.00718753143357083,0.0078784357836528,"mass_civil_protest"
"Central African Republic",2017-10-01,0,0,0,"mass_civil_protest"
"Central African Republic",2018-01-01,0,0,0,"mass_civil_protest"
"Central African Republic",2018-04-01,7,0.0525492749505388,0.0547954145411327,"mass_civil_protest"
"Central African Republic",2018-07-01,6,0.0453314884835693,0.0478375742323107,"mass_civil_protest"
"Central African Republic",2018-10-01,1,0.00759798990986486,0.00836424642128659,"mass_civil_protest"
"Central African Republic",2019-01-01,6,0.0461580474475176,0.0553047859358992,"mass_civil_protest"
"Central African Republic",2019-04-01,0,0,0,"mass_civil_protest"
"Central African Republic",2019-07-01,0,0,0,"mass_civil_protest"
"Central African Republic",2019-10-01,0,0,0,"mass_civil_protest"
"Central African Republic",2020-01-01,0,0,0,"mass_civil_protest"
"Central African Republic",2020-04-01,0,0,0,"mass_civil_protest"
"Central African Republic",2020-07-01,0,0,0,"mass_civil_protest"
"Central African Republic",2020-10-01,0,0,0,"mass_civil_protest"
"Central African Republic",2021-01-01,1,0.00699955026728959,0.00703388453966329,"mass_civil_protest"
"Central African Republic",2021-04-01,0,0,0,"mass_civil_protest"
"Central African Republic",2021-07-01,0,0,0,"mass_civil_protest"
"Central African Republic",2021-10-01,3,0.0179988253179782,0.0245251064207989,"mass_civil_protest"
"Central African Republic",2022-01-01,2,0.0116036908654553,0.0175932511283315,"mass_civil_protest"
"Central African Republic",2022-04-01,2,0.0115876454769072,0.0189527600170442,"mass_civil_protest"
"Central African Republic",2022-07-01,4,0.023448938584933,0.041081807453592,"mass_civil_protest"
"Central African Republic",2022-10-01,2,0.0118465667498476,0.0218920722203676,"mass_civil_protest"
"Central African Republic",2023-01-01,3,0.0179701818083915,0.0343979983839381,"mass_civil_protest"
"Central African Republic",2023-04-01,0,0,0,"mass_civil_protest"
"Central African Republic",2023-07-01,3,0.0183306111658243,0.0376731258234111,"mass_civil_protest"
"Central African Republic",2023-10-01,1,0.00637026219512023,0.0140112472542572,"mass_civil_protest"
"Central African Republic",2024-01-01,2,0.0135564870195039,0.0316501665500291,"mass_civil_protest"
"Central African Republic",2024-04-01,2,0.014871899950643,0.0358366494762184,"mass_civil_protest"
"Central African Republic",2024-07-01,1,0.00831103862971313,0.0206937708242181,"mass_civil_protest"
"Central African Republic",2024-10-01,1,0.00948586921017332,0.0244778145024224,"mass_civil_protest"
"Central African Republic",1990-10-01,4,3.32798853594219,0.577037876951024,"political_violence"
"Central African Republic",1991-01-01,0,0,0,"political_violence"
"Central African Republic",1991-04-01,0,0,0,"political_violence"
"Central African Republic",1991-07-01,2,1.33810517667425,0.243450286395463,"political_violence"
"Central African Republic",1991-10-01,0,0,0,"political_violence"
"Central African Republic",1992-01-01,2,1.30490196124188,0.177594256973583,"political_violence"
"Central African Republic",1992-04-01,5,3.31959891361172,0.356931502051408,"political_violence"
"Central African Republic",1992-07-01,9,6.02347405885652,0.518078879186532,"political_violence"
"Central African Republic",1992-10-01,15,9.85673755212943,0.727415333126036,"political_violence"
"Central African Republic",1993-01-01,0,0,0,"political_violence"
"Central African Republic",1993-04-01,20,11.9384847314026,0.811717003819865,"political_violence"
"Central African Republic",1993-07-01,19,10.5686896525029,0.777155640471465,"political_violence"
"Central African Republic",1993-10-01,1,0.517754130463914,0.0462521183734451,"political_violence"
"Central African Republic",1994-01-01,7,3.38070659918163,0.388489096596746,"political_violence"
"Central African Republic",1994-04-01,11,5.00236962410731,0.751282796710183,"political_violence"
"Central African Republic",1994-07-01,2,0.872121975943965,0.164097202248575,"political_violence"
"Central African Republic",1994-10-01,6,2.58362358721003,0.526724607974073,"political_violence"
"Central African Republic",1995-01-01,3,1.27859221526191,0.238731868529021,"political_violence"
"Central African Republic",1995-04-01,4,1.67640956934284,0.247073106008129,"political_violence"
"Central African Republic",1995-07-01,0,0,0,"political_violence"
"Central African Republic",1995-10-01,1,0.390362479326901,0.0314094157333717,"political_violence"
"Central African Republic",1996-01-01,1,0.368448573019466,0.0229805179305572,"political_violence"
"Central African Republic",1996-04-01,115,39.351272808814,2.11082770970147,"political_violence"
"Central African Republic",1996-07-01,13,4.08654966036433,0.2208920692615,"political_violence"
"Central African Republic",1996-10-01,74,21.3982974132321,1.22520831799854,"political_violence"
"Central African Republic",1997-01-01,50,13.7002994634951,0.848873588674973,"political_violence"
"Central African Republic",1997-04-01,51,13.486698853229,0.932234154816518,"political_violence"
"Central African Republic",1997-07-01,13,3.34490798053194,0.264395469964659,"political_violence"
"Central African Republic",1997-10-01,4,0.975158089787803,0.0887526308073107,"political_violence"
"Central African Republic",1998-01-01,5,1.11809050207328,0.11370249980557,"political_violence"
"Central African Republic",1998-04-01,2,0.404155754249755,0.0438173752846639,"political_violence"
"Central African Republic",1998-07-01,2,0.369862299838129,0.0418063096945968,"political_violence"
"Central African Republic",1998-10-01,18,3.10457010311192,0.361019126358018,"political_violence"
"Central African Republic",1999-01-01,21,3.40999062898735,0.414896717421968,"political_violence"
"Central African Republic",1999-04-01,22,3.37237651406863,0.436199003198947,"political_violence"
"Central African Republic",1999-07-01,23,3.31883843496318,0.458286096794774,"political_violence"
"Central African Republic",1999-10-01,24,3.24645012800288,0.468828819178237,"political_violence"
"Central African Republic",2000-01-01,21,2.67536162331208,0.376663361503051,"political_violence"
"Central African Republic",2000-04-01,13,1.60512667356149,0.20075489924614,"political_violence"
"Central African Republic",2000-07-01,34,4.17589179358409,0.436965086925637,"political_violence"
"Central African Republic",2000-10-01,30,3.72667039581257,0.321033970784173,"political_violence"
"Central African Republic",2001-01-01,12,1.51059899352626,0.10886884112381,"political_violence"
"Central African Republic",2001-04-01,330,41.9137120724836,2.63270281007396,"political_violence"
"Central African Republic",2001-07-01,59,7.4607737852463,0.453149060713451,"political_violence"
"Central African Republic",2001-10-01,189,23.2560491743866,1.43142865538836,"political_violence"
"Central African Republic",2002-01-01,24,2.81899786138407,0.180606905673029,"political_violence"
"Central African Republic",2002-04-01,31,3.48028492399104,0.221467350291929,"political_violence"
"Central African Republic",2002-07-01,44,4.75778732058471,0.286373672663635,"political_violence"
"Central African Republic",2002-10-01,349,36.9601956740045,2.11596729240949,"political_violence"
"Central African Republic",2003-01-01,249,26.6311901709625,1.53869717783537,"political_violence"
"Central African Republic",2003-04-01,36,3.97848305892241,0.247091450861425,"political_violence"
"Central African Republic",2003-07-01,47,5.43324265635068,0.363927751107988,"political_violence"
"Central African Republic",2003-10-01,35,4.2345938149592,0.298607429977553,"political_violence"
"Central African Republic",2004-01-01,135,16.8259817947468,1.24190204499447,"political_violence"
"Central African Republic",2004-04-01,48,6.0708372548237,0.494731364709921,"political_violence"
"Central African Republic",2004-07-01,14,1.78185255733984,0.160018098824876,"political_violence"
"Central African Republic",2004-10-01,24,3.08588896432226,0.294369345212039,"political_violence"
"Central African Republic",2005-01-01,86,11.2517708584029,1.11664439399146,"political_violence"
"Central African Republic",2005-04-01,47,6.24279219994994,0.667902861864537,"political_violence"
"Central African Republic",2005-07-01,16,2.12670673917438,0.249577072275699,"political_violence"
"Central African Republic",2005-10-01,15,1.95111554694691,0.242658009657937,"political_violence"
"Central African Republic",2006-01-01,27,3.37569553694169,0.40932905908418,"political_violence"
"Central African Republic",2006-04-01,43,5.20372951262363,0.568506265142652,"political_violence"
"Central African Republic",2006-07-01,22,2.62864818399105,0.251329224099726,"political_violence"
"Central African Republic",2006-10-01,137,16.3888685529907,1.39107725801225,"political_violence"
"Central African Republic",2007-01-01,56,6.79820683135294,0.550834385900276,"political_violence"
"Central African Republic",2007-04-01,50,6.22061302665107,0.513875068462635,"political_violence"
"Central African Republic",2007-07-01,12,1.53717406428127,0.134447354006904,"political_violence"
"Central African Republic",2007-10-01,16,2.10844864939724,0.199355656668789,"political_violence"
"Central African Republic",2008-01-01,43,5.85155486471323,0.601239171927126,"political_violence"
"Central African Republic",2008-04-01,18,2.55612474155388,0.286552511855571,"political_violence"
"Central African Republic",2008-07-01,7,1.03743275954816,0.125274689717127,"political_violence"
"Central African Republic",2008-10-01,18,2.76685112463186,0.349852451893051,"political_violence"
"Central African Republic",2009-01-01,21,3.31490677779531,0.429500919605818,"political_violence"
"Central African Republic",2009-04-01,11,1.74524277852781,0.230017907816461,"political_violence"
"Central African Republic",2009-07-01,14,2.17150359867171,0.285946867090776,"political_violence"
"Central African Republic",2009-10-01,18,2.67259770641335,0.34917736508668,"political_violence"
"Central African Republic",2010-01-01,31,4.38658687716553,0.573675203770008,"political_violence"
"Central African Republic",2010-04-01,34,4.65521466829069,0.623681262520982,"political_violence"
"Central African Republic",2010-07-01,36,4.81456359648071,0.680917229518388,"political_violence"
"Central African Republic",2010-10-01,33,4.32513369464125,0.670210777029153,"political_violence"
"Central African Republic",2011-01-01,23,2.98373589574334,0.539028427411775,"political_violence"
"Central African Republic",2011-04-01,19,2.46746387801827,0.532382814462377,"political_violence"
"Central African Republic",2011-07-01,10,1.29735559008082,0.298914297080383,"political_violence"
"Central African Republic",2011-10-01,19,2.41925244302952,0.466185102310327,"political_violence"
"Central African Republic",2012-01-01,7,0.867252125848546,0.113197982969268,"political_violence"
"Central African Republic",2012-04-01,41,5.01559416469392,0.409715030462023,"political_violence"
"Central African Republic",2012-07-01,22,2.67891687424076,0.140007910978511,"political_violence"
"Central African Republic",2012-10-01,237,28.8632269907527,1.01975166226542,"political_violence"
"Central African Republic",2013-01-01,500,62.014135682437,1.5996903446143,"political_violence"
"Central African Republic",2013-04-01,340,44.5007128125206,0.88770477642317,"political_violence"
"Central African Republic",2013-07-01,204,28.1517515502118,0.456043243927511,"political_violence"
"Central African Republic",2013-10-01,1072,152.124710623943,2.15488601802974,"political_violence"
"Central African Republic",2014-01-01,1326,187.940183558675,2.66538976986407,"political_violence"
"Central African Republic",2014-04-01,512,70.7635844791626,1.15875226846437,"political_violence"
"Central African Republic",2014-07-01,314,42.2201225045479,0.856961991632008,"political_violence"
"Central African Republic",2014-10-01,287,37.4015944931201,0.951249625205777,"political_violence"
"Central African Republic",2015-01-01,226,28.9422393517963,0.870038088350506,"political_violence"
"Central African Republic",2015-04-01,193,25.1802246720763,0.799166011203175,"political_violence"
"Central African Republic",2015-07-01,334,45.0839963231401,1.40808459197504,"political_violence"
"Central African Republic",2015-10-01,681,95.3207042465415,2.93569335613052,"political_violence"
"Central African Republic",2016-01-01,327,47.0456482809263,1.54021502600728,"political_violence"
"Central African Republic",2016-04-01,179,26.3215693978968,0.978650345262156,"political_violence"
"Central African Republic",2016-07-01,103,15.4417318972232,0.65928823861193,"political_violence"
"Central African Republic",2016-10-01,217,33.1075940443213,1.55828422610592,"political_violence"
"Central African Republic",2017-01-01,68,10.5667462487381,0.521323356542036,"political_violence"
"Central African Republic",2017-04-01,237,37.9907187086138,1.84148348308197,"political_violence"
"Central African Republic",2017-07-01,153,25.2874144227611,1.20540067489888,"political_violence"
"Central African Republic",2017-10-01,136,22.967445096797,1.07821136294843,"political_violence"
"Central African Republic",2018-01-01,63,10.7834472732866,0.498264057404995,"political_violence"
"Central African Republic",2018-04-01,198,34.1796110781706,1.54992743987775,"political_violence"
"Central African Republic",2018-07-01,67,11.6401015749005,0.534186245594136,"political_violence"
"Central African Republic",2018-10-01,174,30.4005330690357,1.45537887730387,"political_violence"
"Central African Republic",2019-01-01,110,19.4590709802088,1.01392107549149,"political_violence"
"Central African Republic",2019-04-01,35,6.32779177666014,0.3695336977227,"political_violence"
"Central African Republic",2019-07-01,48,8.84758001898431,0.568921266419071,"political_violence"
"Central African Republic",2019-10-01,26,4.85309941662943,0.32448097569019,"political_violence"
"Central African Republic",2020-01-01,59,11.0090636923997,0.709818987705922,"political_violence"
"Central African Republic",2020-04-01,53,9.72810851192717,0.565240594409621,"political_violence"
"Central African Republic",2020-07-01,47,8.34876973060759,0.422386444131634,"political_violence"
"Central African Republic",2020-10-01,208,35.3229573098095,1.58569966368735,"political_violence"
"Central African Republic",2021-01-01,348,56.01219846129,2.44779181980283,"political_violence"
"Central African Republic",2021-04-01,94,14.3320459233088,0.675535104167837,"political_violence"
"Central African Republic",2021-07-01,42,6.08375601158401,0.321882991997451,"political_violence"
"Central African Republic",2021-10-01,165,22.7635551409197,1.34888085314394,"political_violence"
"Central African Republic",2022-01-01,102,13.6081649386076,0.897255807544906,"political_violence"
"Central African Republic",2022-04-01,76,10.1253963977853,0.720204880647679,"political_violence"
"Central African Republic",2022-07-01,34,4.58326905922975,0.349195363355532,"political_violence"
"Central African Republic",2022-10-01,51,6.94649815120807,0.558247841619373,"political_violence"
"Central African Republic",2023-01-01,31,4.26998302291102,0.355445983300694,"political_violence"
"Central African Republic",2023-04-01,62,8.6158205047364,0.734428183823591,"political_violence"
"Central African Republic",2023-07-01,89,12.5048629191155,1.11763606609453,"political_violence"
"Central African Republic",2023-10-01,19,2.78319827837163,0.266213697830886,"political_violence"
"Central African Republic",2024-01-01,21,3.27317857542491,0.332326748775306,"political_violence"
"Central African Republic",2024-04-01,59,10.0883864298505,1.05718115954844,"political_violence"
"Central African Republic",2024-07-01,23,4.39558188737287,0.475956728957016,"political_violence"
"Central African Republic",2024-10-01,14,3.05378463937368,0.342689403033914,"political_violence"
"Chad",1990-10-01,33,1.05127244202511,0.63847249451113,"instability_of_regime"
"Chad",1991-01-01,6,0.175542762786086,0.122507254549671,"instability_of_regime"
"Chad",1991-04-01,1,0.027107652462907,0.0226807938601117,"instability_of_regime"
"Chad",1991-07-01,1,0.025617678149234,0.0246304878628636,"instability_of_regime"
"Chad",1991-10-01,0,0,0,"instability_of_regime"
"Chad",1992-01-01,4,0.0999280446473802,0.10227982916559,"instability_of_regime"
"Chad",1992-04-01,4,0.101684582690055,0.10784808830037,"instability_of_regime"
"Chad",1992-07-01,6,0.153757141037862,0.177093100068241,"instability_of_regime"
"Chad",1992-10-01,0,0,0,"instability_of_regime"
"Chad",1993-01-01,1,0.0241719941705732,0.0361821250929098,"instability_of_regime"
"Chad",1993-04-01,5,0.114279604013919,0.185049320516565,"instability_of_regime"
"Chad",1993-07-01,1,0.0212984036717759,0.0358837643557315,"instability_of_regime"
"Chad",1993-10-01,2,0.0396490766372396,0.0678844987819971,"instability_of_regime"
"Chad",1994-01-01,0,0,0,"instability_of_regime"
"Chad",1994-04-01,1,0.0174125590896973,0.0320356864146984,"instability_of_regime"
"Chad",1994-07-01,5,0.0834827503699489,0.166283179501809,"instability_of_regime"
"Chad",1994-10-01,0,0,0,"instability_of_regime"
"Chad",1995-01-01,8,0.130551028626333,0.286978452768278,"instability_of_regime"
"Chad",1995-04-01,6,0.0962832852208051,0.220587696292417,"instability_of_regime"
"Chad",1995-07-01,1,0.0156164408374219,0.0366076917226398,"instability_of_regime"
"Chad",1995-10-01,2,0.0298935555478178,0.0704980480261624,"instability_of_regime"
"Chad",1996-01-01,1,0.0141077056164099,0.0327115096056799,"instability_of_regime"
"Chad",1996-04-01,7,0.0917146036579611,0.212164479966125,"instability_of_regime"
"Chad",1996-07-01,5,0.0601814909418684,0.147249253021851,"instability_of_regime"
"Chad",1996-10-01,0,0,0,"instability_of_regime"
"Chad",1997-01-01,1,0.0104915478490637,0.0305083981586056,"instability_of_regime"
"Chad",1997-04-01,1,0.0101254653995392,0.0316211962016237,"instability_of_regime"
"Chad",1997-07-01,0,0,0,"instability_of_regime"
"Chad",1997-10-01,0,0,0,"instability_of_regime"
"Chad",1998-01-01,0,0,0,"instability_of_regime"
"Chad",1998-04-01,0,0,0,"instability_of_regime"
"Chad",1998-07-01,0,0,0,"instability_of_regime"
"Chad",1998-10-01,2,0.0132080429151525,0.0275849534011883,"instability_of_regime"
"Chad",1999-01-01,3,0.0186523972102143,0.0396015494988512,"instability_of_regime"
"Chad",1999-04-01,0,0,0,"instability_of_regime"
"Chad",1999-07-01,0,0,0,"instability_of_regime"
"Chad",1999-10-01,0,0,0,"instability_of_regime"
"Chad",2000-01-01,2,0.00975602049162613,0.0304638185408421,"instability_of_regime"
"Chad",2000-04-01,0,0,0,"instability_of_regime"
"Chad",2000-07-01,1,0.00470272766467592,0.0149719160673241,"instability_of_regime"
"Chad",2000-10-01,0,0,0,"instability_of_regime"
"Chad",2001-01-01,0,0,0,"instability_of_regime"
"Chad",2001-04-01,0,0,0,"instability_of_regime"
"Chad",2001-07-01,2,0.00968370087951922,0.0278849630956348,"instability_of_regime"
"Chad",2001-10-01,0,0,0,"instability_of_regime"
"Chad",2002-01-01,0,0,0,"instability_of_regime"
"Chad",2002-04-01,4,0.0171946209976102,0.0507330980200119,"instability_of_regime"
"Chad",2002-07-01,1,0.00414030045164234,0.0118819483786759,"instability_of_regime"
"Chad",2002-10-01,0,0,0,"instability_of_regime"
"Chad",2003-01-01,3,0.0122854761555916,0.0299905582121688,"instability_of_regime"
"Chad",2003-04-01,1,0.00423150172440801,0.0086518699573639,"instability_of_regime"
"Chad",2003-07-01,2,0.0088525981240237,0.0141428819678486,"instability_of_regime"
"Chad",2003-10-01,0,0,0,"instability_of_regime"
"Chad",2004-01-01,2,0.00954456525931781,0.00972012909143997,"instability_of_regime"
"Chad",2004-04-01,1,0.00484269216406028,0.00439849946120963,"instability_of_regime"
"Chad",2004-07-01,4,0.0194932041085454,0.0174636797329523,"instability_of_regime"
"Chad",2004-10-01,2,0.00984642458982702,0.00954593787780411,"instability_of_regime"
"Chad",2005-01-01,4,0.0200383486714385,0.0211070913756433,"instability_of_regime"
"Chad",2005-04-01,13,0.0661155908335466,0.0707500330579133,"instability_of_regime"
"Chad",2005-07-01,4,0.0203576257351403,0.0201330389123569,"instability_of_regime"
"Chad",2005-10-01,0,0,0,"instability_of_regime"
"Chad",2006-01-01,3,0.0143615154561086,0.0107912985168349,"instability_of_regime"
"Chad",2006-04-01,20,0.0926735423943819,0.0628388837763974,"instability_of_regime"
"Chad",2006-07-01,2,0.00914996197186002,0.00594043407008654,"instability_of_regime"
"Chad",2006-10-01,1,0.00458044755237875,0.00289230524227138,"instability_of_regime"
"Chad",2007-01-01,1,0.00464821123911868,0.0028583413568202,"instability_of_regime"
"Chad",2007-04-01,1,0.0047636812168607,0.00277087134321494,"instability_of_regime"
"Chad",2007-07-01,3,0.0147144003044591,0.00786393125664504,"instability_of_regime"
"Chad",2007-10-01,3,0.0151371393956935,0.00747479529156589,"instability_of_regime"
"Chad",2008-01-01,6,0.0312632113090738,0.0153197716153583,"instability_of_regime"
"Chad",2008-04-01,9,0.0489363482631248,0.0264914355660998,"instability_of_regime"
"Chad",2008-07-01,2,0.0113493613416336,0.00732689978656046,"instability_of_regime"
"Chad",2008-10-01,0,0,0,"instability_of_regime"
"Chad",2009-01-01,2,0.0120881970385612,0.0112806260107989,"instability_of_regime"
"Chad",2009-04-01,7,0.0425246467241696,0.0452606286409809,"instability_of_regime"
"Chad",2009-07-01,0,0,0,"instability_of_regime"
"Chad",2009-10-01,7,0.0397959279709993,0.0558907617440652,"instability_of_regime"
"Chad",2010-01-01,0,0,0,"instability_of_regime"
"Chad",2010-04-01,0,0,0,"instability_of_regime"
"Chad",2010-07-01,1,0.00512075428223595,0.00970309167271536,"instability_of_regime"
"Chad",2010-10-01,1,0.00501839805851486,0.0103524344908394,"instability_of_regime"
"Chad",2011-01-01,0,0,0,"instability_of_regime"
"Chad",2011-04-01,5,0.0248626099580437,0.0520155720296268,"instability_of_regime"
"Chad",2011-07-01,5,0.0248375378342108,0.0506280407475415,"instability_of_regime"
"Chad",2011-10-01,1,0.00487536457306889,0.0100796734526007,"instability_of_regime"
"Chad",2012-01-01,0,0,0,"instability_of_regime"
"Chad",2012-04-01,0,0,0,"instability_of_regime"
"Chad",2012-07-01,0,0,0,"instability_of_regime"
"Chad",2012-10-01,3,0.0139893425095617,0.0296794213234444,"instability_of_regime"
"Chad",2013-01-01,3,0.0142469354096432,0.0290779205485874,"instability_of_regime"
"Chad",2013-04-01,7,0.035080485920143,0.0696037948899871,"instability_of_regime"
"Chad",2013-07-01,1,0.00528390211274434,0.0103595974461143,"instability_of_regime"
"Chad",2013-10-01,3,0.0163006808446258,0.031072881640001,"instability_of_regime"
"Chad",2014-01-01,10,0.0542694765274887,0.0977816086036938,"instability_of_regime"
"Chad",2014-04-01,6,0.0317519661525263,0.0526393978767421,"instability_of_regime"
"Chad",2014-07-01,0,0,0,"instability_of_regime"
"Chad",2014-10-01,1,0.00498985275688394,0.00633138965271247,"instability_of_regime"
"Chad",2015-01-01,1,0.00490346637505548,0.00547097692552654,"instability_of_regime"
"Chad",2015-04-01,1,0.00499553264845784,0.00528802695796316,"instability_of_regime"
"Chad",2015-07-01,2,0.0103367840752731,0.0111190780507126,"instability_of_regime"
"Chad",2015-10-01,1,0.00535944280142047,0.00621031559222562,"instability_of_regime"
"Chad",2016-01-01,2,0.011017453095756,0.0141925036741553,"instability_of_regime"
"Chad",2016-04-01,3,0.0168911614756896,0.0241898810656619,"instability_of_regime"
"Chad",2016-07-01,5,0.0287017447170145,0.046217088301537,"instability_of_regime"
"Chad",2016-10-01,0,0,0,"instability_of_regime"
"Chad",2017-01-01,0,0,0,"instability_of_regime"
"Chad",2017-04-01,2,0.0122754852594845,0.0222589487654612,"instability_of_regime"
"Chad",2017-07-01,3,0.0189851380658784,0.0331920677487915,"instability_of_regime"
"Chad",2017-10-01,1,0.00646626186588337,0.0110178598159535,"instability_of_regime"
"Chad",2018-01-01,1,0.00655385124088466,0.0112530039108462,"instability_of_regime"
"Chad",2018-04-01,7,0.046267866764289,0.0821646796848072,"instability_of_regime"
"Chad",2018-07-01,1,0.00665214147851017,0.0122151689394651,"instability_of_regime"
"Chad",2018-10-01,2,0.0133795484393238,0.0251342825669925,"instability_of_regime"
"Chad",2019-01-01,0,0,0,"instability_of_regime"
"Chad",2019-04-01,0,0,0,"instability_of_regime"
"Chad",2019-07-01,0,0,0,"instability_of_regime"
"Chad",2019-10-01,0,0,0,"instability_of_regime"
"Chad",2020-01-01,0,0,0,"instability_of_regime"
"Chad",2020-04-01,0,0,0,"instability_of_regime"
"Chad",2020-07-01,0,0,0,"instability_of_regime"
"Chad",2020-10-01,1,0.00650239325364881,0.00816878149802123,"instability_of_regime"
"Chad",2021-01-01,14,0.0862801557727313,0.092339848585109,"instability_of_regime"
"Chad",2021-04-01,46,0.268545376142324,0.264281979126226,"instability_of_regime"
"Chad",2021-07-01,6,0.0332776966286833,0.0347302558204784,"instability_of_regime"
"Chad",2021-10-01,2,0.0105649063348607,0.0122598972830593,"instability_of_regime"
"Chad",2022-01-01,2,0.0102166590013319,0.0128032740112338,"instability_of_regime"
"Chad",2022-04-01,0,0,0,"instability_of_regime"
"Chad",2022-07-01,9,0.0464535015235495,0.0560292662198925,"instability_of_regime"
"Chad",2022-10-01,20,0.104305030376177,0.120648616561136,"instability_of_regime"
"Chad",2023-01-01,1,0.00527404661893236,0.00593242516981099,"instability_of_regime"
"Chad",2023-04-01,9,0.0478880300959829,0.0523951971640218,"instability_of_regime"
"Chad",2023-07-01,5,0.0268991429449352,0.0290038545384087,"instability_of_regime"
"Chad",2023-10-01,42,0.235569655271986,0.240484528873939,"instability_of_regime"
"Chad",2024-01-01,34,0.202912514180452,0.192388192696359,"instability_of_regime"
"Chad",2024-04-01,9,0.058923931632383,0.0513268152539325,"instability_of_regime"
"Chad",2024-07-01,0,0,0,"instability_of_regime"
"Chad",2024-10-01,6,0.0501119301653014,0.0368162577735611,"instability_of_regime"
"Chad",1990-07-01,1,0.165020492199711,0.0211657217630945,"instability_within_regime"
"Chad",1990-10-01,21,3.17210855323942,0.406300678325265,"instability_within_regime"
"Chad",1991-01-01,5,0.693631949898185,0.102089378791393,"instability_within_regime"
"Chad",1991-04-01,2,0.257068764828608,0.0453615877202234,"instability_within_regime"
"Chad",1991-07-01,6,0.728816878032328,0.147782927177181,"instability_within_regime"
"Chad",1991-10-01,3,0.354536490242947,0.0763917819166516,"instability_within_regime"
"Chad",1992-01-01,29,3.43520612992649,0.74152876145053,"instability_within_regime"
"Chad",1992-04-01,10,1.20537595933536,0.269620220750925,"instability_within_regime"
"Chad",1992-07-01,7,0.850568883607899,0.206608616746281,"instability_within_regime"
"Chad",1992-10-01,5,0.59651154612372,0.165343257968181,"instability_within_regime"
"Chad",1993-01-01,6,0.687687511123623,0.217092750557459,"instability_within_regime"
"Chad",1993-04-01,11,1.19211681491327,0.407108505136443,"instability_within_regime"
"Chad",1993-07-01,7,0.70692363209089,0.251186350490121,"instability_within_regime"
"Chad",1993-10-01,10,0.940005702418998,0.339422493909986,"instability_within_regime"
"Chad",1994-01-01,4,0.350732772780873,0.129052021950022,"instability_within_regime"
"Chad",1994-04-01,7,0.577947047364779,0.224249804902889,"instability_within_regime"
"Chad",1994-07-01,11,0.870856976885411,0.365822994903979,"instability_within_regime"
"Chad",1994-10-01,7,0.547246441695504,0.244044455503107,"instability_within_regime"
"Chad",1995-01-01,21,1.62493881147115,0.753318438516729,"instability_within_regime"
"Chad",1995-04-01,13,0.989168796861215,0.477940008633571,"instability_within_regime"
"Chad",1995-07-01,13,0.962615429603292,0.475899992394318,"instability_within_regime"
"Chad",1995-10-01,5,0.354360240688876,0.176245120065406,"instability_within_regime"
"Chad",1996-01-01,7,0.468254365374698,0.228980567239759,"instability_within_regime"
"Chad",1996-04-01,29,1.80163104819996,0.878967131288231,"instability_within_regime"
"Chad",1996-07-01,28,1.59800589065362,0.824595816922364,"instability_within_regime"
"Chad",1996-10-01,5,0.262497045738171,0.148912743485537,"instability_within_regime"
"Chad",1997-01-01,16,0.795952139460124,0.48813437053769,"instability_within_regime"
"Chad",1997-04-01,4,0.192044728855522,0.126484784806495,"instability_within_regime"
"Chad",1997-07-01,0,0,0,"instability_within_regime"
"Chad",1997-10-01,2,0.0885221489531353,0.0577378462103755,"instability_within_regime"
"Chad",1998-01-01,6,0.243593177362626,0.144624391693314,"instability_within_regime"
"Chad",1998-04-01,2,0.073376278682667,0.0384348949964138,"instability_within_regime"
"Chad",1998-07-01,3,0.10072522376001,0.0472970906302464,"instability_within_regime"
"Chad",1998-10-01,9,0.281824270322083,0.124132290305347,"instability_within_regime"
"Chad",1999-01-01,10,0.294809046909267,0.132005164996171,"instability_within_regime"
"Chad",1999-04-01,9,0.250474086115951,0.121576117178787,"instability_within_regime"
"Chad",1999-07-01,2,0.0523956444677611,0.0285339317485994,"instability_within_regime"
"Chad",1999-10-01,4,0.0982345819307209,0.0600473021693728,"instability_within_regime"
"Chad",2000-01-01,15,0.346945591404962,0.228478639056316,"instability_within_regime"
"Chad",2000-04-01,11,0.246584378899154,0.167426312627233,"instability_within_regime"
"Chad",2000-07-01,17,0.379075884448915,0.25452257314451,"instability_within_regime"
"Chad",2000-10-01,10,0.22553120725218,0.146442892785627,"instability_within_regime"
"Chad",2001-01-01,9,0.205691985505375,0.129189574290908,"instability_within_regime"
"Chad",2001-04-01,45,1.03767562560966,0.630411387751459,"instability_within_regime"
"Chad",2001-07-01,7,0.160707748414571,0.0975973708347219,"instability_within_regime"
"Chad",2001-10-01,24,0.536157382853727,0.326809508761756,"instability_within_regime"
"Chad",2002-01-01,16,0.341201084825555,0.21220133868998,"instability_within_regime"
"Chad",2002-04-01,28,0.570713379057829,0.355131686140083,"instability_within_regime"
"Chad",2002-07-01,14,0.274844657686828,0.166347277301463,"instability_within_regime"
"Chad",2002-10-01,19,0.365316553508589,0.209113255649416,"instability_within_regime"
"Chad",2003-01-01,15,0.291265739902303,0.149952791060844,"instability_within_regime"
"Chad",2003-04-01,6,0.120385222197183,0.0519112197441834,"instability_within_regime"
"Chad",2003-07-01,8,0.167902880441664,0.0565715278713946,"instability_within_regime"
"Chad",2003-10-01,10,0.219659823582576,0.0573816454861834,"instability_within_regime"
"Chad",2004-01-01,10,0.22628385152461,0.0486006454571998,"instability_within_regime"
"Chad",2004-04-01,19,0.436282577410733,0.0835714897629829,"instability_within_regime"
"Chad",2004-07-01,5,0.115536883671334,0.0218295996661903,"instability_within_regime"
"Chad",2004-10-01,6,0.140064224156728,0.0286378136334123,"instability_within_regime"
"Chad",2005-01-01,6,0.142521568841688,0.031660637063465,"instability_within_regime"
"Chad",2005-04-01,19,0.458185707750377,0.103403894469258,"instability_within_regime"
"Chad",2005-07-01,16,0.386113088157423,0.0805321556494277,"instability_within_regime"
"Chad",2005-10-01,18,0.425080469426316,0.0770904526317996,"instability_within_regime"
"Chad",2006-01-01,20,0.453979682726203,0.0719419901122323,"instability_within_regime"
"Chad",2006-04-01,130,2.85625203442817,0.408452744546583,"instability_within_regime"
"Chad",2006-07-01,11,0.238621397418012,0.032672387385476,"instability_within_regime"
"Chad",2006-10-01,103,2.23703379728539,0.297907439953952,"instability_within_regime"
"Chad",2007-01-01,15,0.330601273073468,0.042875120352303,"instability_within_regime"
"Chad",2007-04-01,7,0.158113203216677,0.0193960994025046,"instability_within_regime"
"Chad",2007-07-01,7,0.162797135215223,0.0183491729321718,"instability_within_regime"
"Chad",2007-10-01,14,0.334948469252344,0.0348823780273075,"instability_within_regime"
"Chad",2008-01-01,56,1.38355927076499,0.142984535076678,"instability_within_regime"
"Chad",2008-04-01,13,0.335165884872659,0.0382654069288109,"instability_within_regime"
"Chad",2008-07-01,7,0.188350541786651,0.0256441492529616,"instability_within_regime"
"Chad",2008-10-01,5,0.139537265205611,0.0232176593648111,"instability_within_regime"
"Chad",2009-01-01,11,0.315247481735641,0.062043443059394,"instability_within_regime"
"Chad",2009-04-01,18,0.518492627591962,0.116384473648237,"instability_within_regime"
"Chad",2009-07-01,0,0,0,"instability_within_regime"
"Chad",2009-10-01,6,0.161740675511333,0.0479063672091988,"instability_within_regime"
"Chad",2010-01-01,16,0.411047432506841,0.135616340682479,"instability_within_regime"
"Chad",2010-04-01,11,0.273438961966858,0.0995372741405968,"instability_within_regime"
"Chad",2010-07-01,9,0.218526370388185,0.0873278250544383,"instability_within_regime"
"Chad",2010-10-01,9,0.214158354892107,0.0931719104175549,"instability_within_regime"
"Chad",2011-01-01,33,0.777236878505411,0.348533194167328,"instability_within_regime"
"Chad",2011-04-01,35,0.825224594559199,0.364109004207388,"instability_within_regime"
"Chad",2011-07-01,12,0.282648828311251,0.1215072977941,"instability_within_regime"
"Chad",2011-10-01,5,0.115585806499008,0.0503983672630037,"instability_within_regime"
"Chad",2012-01-01,12,0.26992026714705,0.122170945887548,"instability_within_regime"
"Chad",2012-04-01,1,0.0222098409095816,0.0103705706297533,"instability_within_regime"
"Chad",2012-07-01,1,0.0221076954372888,0.0102223221159168,"instability_within_regime"
"Chad",2012-10-01,11,0.243218239147298,0.10882454485263,"instability_within_regime"
"Chad",2013-01-01,12,0.27021462617329,0.116311682194349,"instability_within_regime"
"Chad",2013-04-01,21,0.49901575933688,0.208811384669961,"instability_within_regime"
"Chad",2013-07-01,5,0.125271470063402,0.0517979872305716,"instability_within_regime"
"Chad",2013-10-01,18,0.463750510634655,0.186437289840006,"instability_within_regime"
"Chad",2014-01-01,16,0.411721002190259,0.15645057376591,"instability_within_regime"
"Chad",2014-04-01,4,0.100370657706083,0.0350929319178281,"instability_within_regime"
"Chad",2014-07-01,5,0.122058143856961,0.0377777436356372,"instability_within_regime"
"Chad",2014-10-01,9,0.212940194282707,0.0569825068744122,"instability_within_regime"
"Chad",2015-01-01,134,3.11555488219836,0.733110908020556,"instability_within_regime"
"Chad",2015-04-01,29,0.686921651946091,0.153352781780932,"instability_within_regime"
"Chad",2015-07-01,13,0.318585647873469,0.0722740073296319,"instability_within_regime"
"Chad",2015-10-01,7,0.177887358580974,0.0434722091455793,"instability_within_regime"
"Chad",2016-01-01,20,0.522406553418565,0.141925036741553,"instability_within_regime"
"Chad",2016-04-01,53,1.41495143742123,0.427354565493359,"instability_within_regime"
"Chad",2016-07-01,16,0.435497515569826,0.147894682564918,"instability_within_regime"
"Chad",2016-10-01,6,0.166198099734905,0.0619315597422042,"instability_within_regime"
"Chad",2017-01-01,4,0.11284940482701,0.0436913902182467,"instability_within_regime"
"Chad",2017-04-01,4,0.11641154975133,0.0445178975309224,"instability_within_regime"
"Chad",2017-07-01,8,0.240054525777629,0.088512180663444,"instability_within_regime"
"Chad",2017-10-01,6,0.183963619114073,0.066107158895721,"instability_within_regime"
"Chad",2018-01-01,13,0.403986951539067,0.146289050841001,"instability_within_regime"
"Chad",2018-04-01,8,0.2507256866541,0.0939024910683511,"instability_within_regime"
"Chad",2018-07-01,1,0.0315419750139879,0.0122151689394651,"instability_within_regime"
"Chad",2018-10-01,17,0.539247062535705,0.213641401819436,"instability_within_regime"
"Chad",2019-01-01,12,0.385405208076087,0.158467841564676,"instability_within_regime"
"Chad",2019-04-01,9,0.295415692144171,0.127886854391321,"instability_within_regime"
"Chad",2019-07-01,10,0.334649497911043,0.15014925278789,"instability_within_regime"
"Chad",2019-10-01,3,0.101665595939044,0.0454932447721343,"instability_within_regime"
"Chad",2020-01-01,5,0.16938513436931,0.071137228662319,"instability_within_regime"
"Chad",2020-04-01,2,0.0666483570855342,0.0248397521176743,"instability_within_regime"
"Chad",2020-07-01,6,0.193500811749321,0.0612928794462207,"instability_within_regime"
"Chad",2020-10-01,4,0.123327699027621,0.0326751259920849,"instability_within_regime"
"Chad",2021-01-01,30,0.876660715643701,0.197871104110948,"instability_within_regime"
"Chad",2021-04-01,179,4.95496150063366,1.02840161442597,"instability_within_regime"
"Chad",2021-07-01,22,0.578564916212057,0.127344271341754,"instability_within_regime"
"Chad",2021-10-01,23,0.576090744045664,0.140988818755182,"instability_within_regime"
"Chad",2022-01-01,4,0.0968871765543436,0.0256065480224677,"instability_within_regime"
"Chad",2022-04-01,11,0.266071307139829,0.0705085694055598,"instability_within_regime"
"Chad",2022-07-01,38,0.930008565844001,0.236568012928435,"instability_within_regime"
"Chad",2022-10-01,46,1.13752381048269,0.277491818090612,"instability_within_regime"
"Chad",2023-01-01,8,0.200060503480727,0.047459401358488,"instability_within_regime"
"Chad",2023-04-01,18,0.454134372708766,0.104790394328044,"instability_within_regime"
"Chad",2023-07-01,11,0.280600557624502,0.0638084799844991,"instability_within_regime"
"Chad",2023-10-01,48,1.27655255587719,0.274839461570215,"instability_within_regime"
"Chad",2024-01-01,81,2.29214633279459,0.458336576717796,"instability_within_regime"
"Chad",2024-04-01,103,3.197524187156,0.587406885683894,"instability_within_regime"
"Chad",2024-07-01,10,0.346972819426015,0.0591164046718889,"instability_within_regime"
"Chad",2024-10-01,29,1.14845844189684,0.177945245905545,"instability_within_regime"
"Chad",1990-10-01,6,0.253213776314958,0.116085908092933,"mass_civil_protest"
"Chad",1991-01-01,5,0.193792257927214,0.102089378791393,"mass_civil_protest"
"Chad",1991-04-01,1,0.0359109296983858,0.0226807938601117,"mass_civil_protest"
"Chad",1991-07-01,1,0.0339370825382922,0.0246304878628636,"mass_civil_protest"
"Chad",1991-10-01,0,0,0,"mass_civil_protest"
"Chad",1992-01-01,8,0.264759848986524,0.204559658331181,"mass_civil_protest"
"Chad",1992-04-01,3,0.101030176959871,0.0808860662252774,"mass_civil_protest"
"Chad",1992-07-01,8,0.271586870902521,0.236124133424321,"mass_civil_protest"
"Chad",1992-10-01,3,0.0999948051008354,0.0992059547809088,"mass_civil_protest"
"Chad",1993-01-01,1,0.0320219091091355,0.0361821250929098,"mass_civil_protest"
"Chad",1993-04-01,3,0.0908353129726478,0.111029592309939,"mass_civil_protest"
"Chad",1993-07-01,8,0.225720903864048,0.287070114845852,"mass_civil_protest"
"Chad",1993-10-01,1,0.026262606208231,0.0339422493909986,"mass_civil_protest"
"Chad",1994-01-01,3,0.0734928256724492,0.0967890164625163,"mass_civil_protest"
"Chad",1994-04-01,0,0,0,"mass_civil_protest"
"Chad",1994-07-01,0,0,0,"mass_civil_protest"
"Chad",1994-10-01,1,0.0218419918093804,0.0348634936433011,"mass_civil_protest"
"Chad",1995-01-01,0,0,0,"mass_civil_protest"
"Chad",1995-04-01,1,0.0212585867368708,0.0367646160487362,"mass_civil_protest"
"Chad",1995-07-01,7,0.144815430577518,0.256253842058479,"mass_civil_protest"
"Chad",1995-10-01,1,0.0198007808529605,0.0352490240130812,"mass_civil_protest"
"Chad",1996-01-01,1,0.0186892179354024,0.0327115096056799,"mass_civil_protest"
"Chad",1996-04-01,9,0.156213190558581,0.272782902813589,"mass_civil_protest"
"Chad",1996-07-01,12,0.191341389814384,0.353398207252442,"mass_civil_protest"
"Chad",1996-10-01,0,0,0,"mass_civil_protest"
"Chad",1997-01-01,0,0,0,"mass_civil_protest"
"Chad",1997-04-01,1,0.0134137353510727,0.0316211962016237,"mass_civil_protest"
"Chad",1997-07-01,0,0,0,"mass_civil_protest"
"Chad",1997-10-01,0,0,0,"mass_civil_protest"
"Chad",1998-01-01,0,0,0,"mass_civil_protest"
"Chad",1998-04-01,0,0,0,"mass_civil_protest"
"Chad",1998-07-01,1,0.00938046396966063,0.0157656968767488,"mass_civil_protest"
"Chad",1998-10-01,2,0.0174973875450238,0.0275849534011883,"mass_civil_protest"
"Chad",1999-01-01,0,0,0,"mass_civil_protest"
"Chad",1999-04-01,1,0.00777548745136068,0.0135084574643097,"mass_civil_protest"
"Chad",1999-07-01,0,0,0,"mass_civil_protest"
"Chad",1999-10-01,0,0,0,"mass_civil_protest"
"Chad",2000-01-01,0,0,0,"mass_civil_protest"
"Chad",2000-04-01,2,0.0125259364693496,0.030441147750406,"mass_civil_protest"
"Chad",2000-07-01,1,0.00622995011419444,0.0149719160673241,"mass_civil_protest"
"Chad",2000-10-01,3,0.018903195805585,0.0439328678356881,"mass_civil_protest"
"Chad",2001-01-01,1,0.00638531305550756,0.0143543971434342,"mass_civil_protest"
"Chad",2001-04-01,11,0.0708678276758195,0.154100561450357,"mass_civil_protest"
"Chad",2001-07-01,0,0,0,"mass_civil_protest"
"Chad",2001-10-01,0,0,0,"mass_civil_protest"
"Chad",2002-01-01,1,0.00595796234635537,0.0132625836681237,"mass_civil_protest"
"Chad",2002-04-01,1,0.00569465418188179,0.012683274505003,"mass_civil_protest"
"Chad",2002-07-01,1,0.00548487327158164,0.0118819483786759,"mass_civil_protest"
"Chad",2002-10-01,6,0.0322310411570843,0.0660357649419209,"mass_civil_protest"
"Chad",2003-01-01,3,0.0162752149467144,0.0299905582121688,"mass_civil_protest"
"Chad",2003-04-01,0,0,0,"mass_civil_protest"
"Chad",2003-07-01,1,0.005863750638586,0.00707144098392432,"mass_civil_protest"
"Chad",2003-10-01,6,0.0368221560678189,0.0344289872917101,"mass_civil_protest"
"Chad",2004-01-01,6,0.0379325593573284,0.0291603872743199,"mass_civil_protest"
"Chad",2004-04-01,15,0.0962305264680097,0.0659774919181444,"mass_civil_protest"
"Chad",2004-07-01,5,0.032279587991626,0.0218295996661903,"mass_civil_protest"
"Chad",2004-10-01,1,0.00652203767385572,0.00477296893890206,"mass_civil_protest"
"Chad",2005-01-01,0,0,0,"mass_civil_protest"
"Chad",2005-04-01,4,0.0269497823412903,0.0217692409408964,"mass_civil_protest"
"Chad",2005-07-01,2,0.0134844075413949,0.0100665194561785,"mass_civil_protest"
"Chad",2005-10-01,2,0.0131958076266331,0.00856560584797773,"mass_civil_protest"
"Chad",2006-01-01,7,0.0443927240138328,0.0251796965392813,"mass_civil_protest"
"Chad",2006-04-01,14,0.0859386532738397,0.0439872186434782,"mass_civil_protest"
"Chad",2006-07-01,3,0.0181821521559634,0.00891065110512981,"mass_civil_protest"
"Chad",2006-10-01,15,0.0910193884913283,0.0433845786340707,"mass_civil_protest"
"Chad",2007-01-01,3,0.0184731880334875,0.00857502407046061,"mass_civil_protest"
"Chad",2007-04-01,3,0.0189320954499791,0.00831261402964481,"mass_civil_protest"
"Chad",2007-07-01,1,0.00649764607503836,0.00262131041888168,"mass_civil_protest"
"Chad",2007-10-01,17,0.1136334563348,0.0423571733188734,"mass_civil_protest"
"Chad",2008-01-01,21,0.144956057980587,0.0536192006537541,"mass_civil_protest"
"Chad",2008-04-01,2,0.0144063441091443,0.00588698568135552,"mass_civil_protest"
"Chad",2008-07-01,0,0,0,"mass_civil_protest"
"Chad",2008-10-01,0,0,0,"mass_civil_protest"
"Chad",2009-01-01,2,0.0160138689481138,0.0112806260107989,"mass_civil_protest"
"Chad",2009-04-01,17,0.136812675302399,0.109918669556668,"mass_civil_protest"
"Chad",2009-07-01,0,0,0,"mass_civil_protest"
"Chad",2009-10-01,0,0,0,"mass_civil_protest"
"Chad",2010-01-01,0,0,0,"mass_civil_protest"
"Chad",2010-04-01,0,0,0,"mass_civil_protest"
"Chad",2010-07-01,0,0,0,"mass_civil_protest"
"Chad",2010-10-01,3,0.0199444057493848,0.0310573034725183,"mass_civil_protest"
"Chad",2011-01-01,6,0.0394818998886218,0.0633696716667869,"mass_civil_protest"
"Chad",2011-04-01,5,0.0329368040830322,0.0520155720296268,"mass_civil_protest"
"Chad",2011-07-01,9,0.0592264615048646,0.0911304733455747,"mass_civil_protest"
"Chad",2011-10-01,1,0.00645865128590711,0.0100796734526007,"mass_civil_protest"
"Chad",2012-01-01,6,0.0377062057467377,0.0610854729437738,"mass_civil_protest"
"Chad",2012-04-01,1,0.00620515709909817,0.0103705706297533,"mass_civil_protest"
"Chad",2012-07-01,0,0,0,"mass_civil_protest"
"Chad",2012-10-01,6,0.0370648322332545,0.0593588426468889,"mass_civil_protest"
"Chad",2013-01-01,2,0.0125824419657443,0.0193852803657249,"mass_civil_protest"
"Chad",2013-04-01,5,0.0331949718254252,0.0497169963499908,"mass_civil_protest"
"Chad",2013-07-01,1,0.0069998624028237,0.0103595974461143,"mass_civil_protest"
"Chad",2013-10-01,4,0.0287924897295172,0.0414305088533347,"mass_civil_protest"
"Chad",2014-01-01,7,0.0503255363521246,0.0684471260225857,"mass_civil_protest"
"Chad",2014-04-01,5,0.035052913128779,0.0438661648972851,"mass_civil_protest"
"Chad",2014-07-01,2,0.0136406192361336,0.0151110974542549,"mass_civil_protest"
"Chad",2014-10-01,3,0.0198309593724081,0.0189941689581374,"mass_civil_protest"
"Chad",2015-01-01,31,0.20137225574708,0.169600284691323,"mass_civil_protest"
"Chad",2015-04-01,12,0.0794141308946922,0.0634563234955579,"mass_civil_protest"
"Chad",2015-07-01,11,0.0753152415939949,0.0611549292789193,"mass_civil_protest"
"Chad",2015-10-01,10,0.0709993511712929,0.0621031559222562,"mass_civil_protest"
"Chad",2016-01-01,19,0.138656283465499,0.134828784904476,"mass_civil_protest"
"Chad",2016-04-01,18,0.134259647848352,0.145139286393971,"mass_civil_protest"
"Chad",2016-07-01,7,0.0532317903009025,0.0647039236221517,"mass_civil_protest"
"Chad",2016-10-01,5,0.0386947585766573,0.0516096331185035,"mass_civil_protest"
"Chad",2017-01-01,1,0.00788218484254456,0.0109228475545617,"mass_civil_protest"
"Chad",2017-04-01,1,0.00813098974118331,0.0111294743827306,"mass_civil_protest"
"Chad",2017-07-01,2,0.0167670724304589,0.022128045165861,"mass_civil_protest"
"Chad",2017-10-01,2,0.0171323928248553,0.022035719631907,"mass_civil_protest"
"Chad",2018-01-01,7,0.0607756145763621,0.0787710273759234,"mass_civil_protest"
"Chad",2018-04-01,0,0,0,"mass_civil_protest"
"Chad",2018-07-01,0,0,0,"mass_civil_protest"
"Chad",2018-10-01,5,0.0443114747817209,0.0628357064174811,"mass_civil_protest"
"Chad",2019-01-01,2,0.017946247886682,0.0264113069274459,"mass_civil_protest"
"Chad",2019-04-01,3,0.0275118401606466,0.0426289514637738,"mass_civil_protest"
"Chad",2019-07-01,5,0.0467484822634748,0.0750746263939448,"mass_civil_protest"
"Chad",2019-10-01,3,0.0284041203601348,0.0454932447721343,"mass_civil_protest"
"Chad",2020-01-01,3,0.0283944772038411,0.0426823371973914,"mass_civil_protest"
"Chad",2020-04-01,0,0,0,"mass_civil_protest"
"Chad",2020-07-01,0,0,0,"mass_civil_protest"
"Chad",2020-10-01,5,0.0430703077890203,0.0408439074901062,"mass_civil_protest"
"Chad",2021-01-01,13,0.106135574930049,0.0857441451147441,"mass_civil_protest"
"Chad",2021-04-01,47,0.363489981146926,0.270027239542014,"mass_civil_protest"
"Chad",2021-07-01,12,0.0881694219587688,0.0694605116409569,"mass_civil_protest"
"Chad",2021-10-01,5,0.0349897145446625,0.0306497432076483,"mass_civil_protest"
"Chad",2022-01-01,6,0.0406036329023228,0.0384098220337015,"mass_civil_protest"
"Chad",2022-04-01,2,0.0135158289605739,0.01281973989192,"mass_civil_protest"
"Chad",2022-07-01,16,0.109403362003977,0.09960758439092,"mass_civil_protest"
"Chad",2022-10-01,31,0.214176438115994,0.18700535566976,"mass_civil_protest"
"Chad",2023-01-01,5,0.0349340315650074,0.029662125849055,"mass_civil_protest"
"Chad",2023-04-01,13,0.0916352470285507,0.0756819514591426,"mass_civil_protest"
"Chad",2023-07-01,2,0.0142538824793359,0.0116015418153635,"mass_civil_protest"
"Chad",2023-10-01,6,0.0445816405592528,0.0343549326962769,"mass_civil_protest"
"Chad",2024-01-01,11,0.0869675708709348,0.0622432388135279,"mass_civil_protest"
"Chad",2024-04-01,9,0.0780596242813154,0.0513268152539325,"mass_civil_protest"
"Chad",2024-07-01,4,0.0387759797545709,0.0236465618687556,"mass_civil_protest"
"Chad",2024-10-01,4,0.0442572690172761,0.0245441718490407,"mass_civil_protest"
"Chad",1990-01-01,6,4.92128021626764,0.196492145878003,"political_violence"
"Chad",1990-04-01,10,7.4427368139887,0.251144804566034,"political_violence"
"Chad",1990-07-01,2,1.36712499308934,0.042331443526189,"political_violence"
"Chad",1990-10-01,190,118.883804897218,3.6760537562762,"political_violence"
"Chad",1991-01-01,30,17.2393421338874,0.612536272748356,"political_violence"
"Chad",1991-04-01,4,2.12970600593333,0.0907231754404468,"political_violence"
"Chad",1991-07-01,16,8.05058617114051,0.394087805805817,"political_violence"
"Chad",1991-10-01,18,8.8115546798889,0.45835069149991,"political_violence"
"Chad",1992-01-01,155,76.0548390264888,3.96334338016662,"political_violence"
"Chad",1992-04-01,46,22.9678692000799,1.24025301545425,"political_violence"
"Chad",1992-07-01,33,16.6098511245444,0.974012050375326,"political_violence"
"Chad",1992-10-01,9,4.4476613131577,0.297617864342726,"political_violence"
"Chad",1993-01-01,19,9.02056700950998,0.687460376765286,"political_violence"
"Chad",1993-04-01,33,14.8142755238327,1.22132551540933,"political_violence"
"Chad",1993-07-01,35,14.641408360171,1.2559317524506,"political_violence"
"Chad",1993-10-01,22,8.56630470266133,0.746729486601968,"political_violence"
"Chad",1994-01-01,27,9.80664537147833,0.871101148162646,"political_violence"
"Chad",1994-04-01,35,11.9701172048735,1.12124902451444,"political_violence"
"Chad",1994-07-01,26,8.52644210439829,0.864672533409405,"political_violence"
"Chad",1994-10-01,11,3.5621970582178,0.383498430076312,"political_violence"
"Chad",1995-01-01,27,8.65409842919541,0.968552278092937,"political_violence"
"Chad",1995-04-01,14,4.41260894134446,0.514704624682307,"political_violence"
"Chad",1995-07-01,34,10.4286653759594,1.24466151856975,"political_violence"
"Chad",1995-10-01,11,3.22929721430164,0.387739264143893,"political_violence"
"Chad",1996-01-01,17,4.71056569892434,0.556095663296559,"political_violence"
"Chad",1996-04-01,50,12.8670270263449,1.51546057118661,"political_violence"
"Chad",1996-07-01,51,12.0567670455701,1.50194238082288,"political_violence"
"Chad",1996-10-01,2,0.434935403545474,0.059565097394215,"political_violence"
"Chad",1997-01-01,32,6.59412687875123,0.976268741075379,"political_violence"
"Chad",1997-04-01,11,2.18763787773157,0.34783315821786,"political_violence"
"Chad",1997-07-01,0,0,0,"political_violence"
"Chad",1997-10-01,12,2.20010570801136,0.346427077262253,"political_violence"
"Chad",1998-01-01,17,2.858927488413,0.409769109797724,"political_violence"
"Chad",1998-04-01,5,0.75986429889538,0.0960872374910346,"political_violence"
"Chad",1998-07-01,8,1.11262117814374,0.12612557501399,"political_violence"
"Chad",1998-10-01,65,8.43120380628017,0.896510985538619,"political_violence"
"Chad",1999-01-01,41,5.00685498045914,0.5412211764843,"political_violence"
"Chad",1999-04-01,23,2.65148073759162,0.310694521679122,"political_violence"
"Chad",1999-07-01,7,0.759632574843297,0.099868761120098,"political_violence"
"Chad",1999-10-01,8,0.813831969308639,0.120094604338746,"political_violence"
"Chad",2000-01-01,48,4.5988760104083,0.731131644980211,"political_violence"
"Chad",2000-04-01,31,2.87855756219562,0.471837790131294,"political_violence"
"Chad",2000-07-01,35,3.23285055567042,0.524017062356344,"political_violence"
"Chad",2000-10-01,42,3.92370442420047,0.615060149699633,"political_violence"
"Chad",2001-01-01,24,2.27209482098541,0.344505531442422,"political_violence"
"Chad",2001-04-01,39,3.72523828738767,0.546356536051265,"political_violence"
"Chad",2001-07-01,5,0.475498476652353,0.0697124077390871,"political_violence"
"Chad",2001-10-01,86,7.95829162083439,1.17106740639629,"political_violence"
"Chad",2002-01-01,26,2.29669919274555,0.344827175371217,"political_violence"
"Chad",2002-04-01,41,3.46165855286878,0.520014254705122,"political_violence"
"Chad",2002-07-01,54,4.39130268211189,0.6416252124485,"political_violence"
"Chad",2002-10-01,88,7.00872099913855,0.968524552481506,"political_violence"
"Chad",2003-01-01,57,4.58472561772188,0.569820606031206,"political_violence"
"Chad",2003-04-01,20,1.66223442788349,0.173037399147278,"political_violence"
"Chad",2003-07-01,47,4.08607530971348,0.332357726244443,"political_violence"
"Chad",2003-10-01,43,3.91254580693466,0.246741075590589,"political_violence"
"Chad",2004-01-01,126,11.8103959115439,0.612368132760718,"political_violence"
"Chad",2004-04-01,121,11.5090635632923,0.532218434806365,"political_violence"
"Chad",2004-07-01,43,4.11584915604413,0.187734557129237,"political_violence"
"Chad",2004-10-01,21,2.03065251549812,0.100232347716943,"political_violence"
"Chad",2005-01-01,20,1.96788487923034,0.105535456878217,"political_violence"
"Chad",2005-04-01,18,1.79804597143581,0.0979615842340338,"political_violence"
"Chad",2005-07-01,53,5.2979854264904,0.266762765588729,"political_violence"
"Chad",2005-10-01,79,7.72798173264337,0.33834143099512,"political_violence"
"Chad",2006-01-01,121,11.3771148120344,0.435249040179006,"political_violence"
"Chad",2006-04-01,431,39.2257082397922,1.35417794538136,"political_violence"
"Chad",2006-07-01,50,4.49290310923194,0.148510851752164,"political_violence"
"Chad",2006-10-01,408,36.705896274206,1.18006053884672,"political_violence"
"Chad",2007-01-01,74,6.75593296089943,0.211517260404695,"political_violence"
"Chad",2007-04-01,67,6.26881204753359,0.185648379995401,"political_violence"
"Chad",2007-07-01,34,3.27542745026768,0.0891245542419772,"political_violence"
"Chad",2007-10-01,217,21.5055247773247,0.540676859423266,"political_violence"
"Chad",2008-01-01,448,45.8488138841365,1.14387628061342,"political_violence"
"Chad",2008-04-01,156,16.660245716118,0.45918488314573,"political_violence"
"Chad",2008-07-01,37,4.12392641107883,0.135547646051368,"political_violence"
"Chad",2008-10-01,29,3.35242097840353,0.134662424315904,"political_violence"
"Chad",2009-01-01,70,8.3099293218076,0.394821910377962,"political_violence"
"Chad",2009-04-01,183,21.835418462452,1.18324214875707,"political_violence"
"Chad",2009-07-01,27,3.14951402766177,0.198113540536738,"political_violence"
"Chad",2009-10-01,75,8.37470686758305,0.598829590114985,"political_violence"
"Chad",2010-01-01,60,6.3850390355447,0.508561277559297,"political_violence"
"Chad",2010-04-01,33,3.39798924975531,0.298611822421791,"political_violence"
"Chad",2010-07-01,87,8.75025974058188,0.844168975526236,"political_violence"
"Chad",2010-10-01,22,2.16848060709216,0.227753558798468,"political_violence"
"Chad",2011-01-01,38,3.70734843233183,0.40134125388965,"political_violence"
"Chad",2011-04-01,54,5.27397695255429,0.561768177919969,"political_violence"
"Chad",2011-07-01,59,5.75649728551613,0.59741088082099,"political_violence"
"Chad",2011-10-01,26,2.48970677091336,0.262071509767619,"political_violence"
"Chad",2012-01-01,48,4.47235053585342,0.488683783550191,"political_violence"
"Chad",2012-04-01,14,1.28799397800223,0.145187988816546,"political_violence"
"Chad",2012-07-01,11,1.00734099219877,0.112445543275085,"political_violence"
"Chad",2012-10-01,74,6.77759359459022,0.732092392644963,"political_violence"
"Chad",2013-01-01,101,9.42083352941127,0.978956658469108,"political_violence"
"Chad",2013-04-01,125,12.3039718438725,1.24292490874977,"political_violence"
"Chad",2013-07-01,18,1.86807807716039,0.186472754030058,"political_violence"
"Chad",2013-10-01,76,8.11084005299488,0.787179668213358,"political_violence"
"Chad",2014-01-01,124,13.2173707700645,1.2124919466858,"political_violence"
"Chad",2014-04-01,119,12.3689857501544,1.04401472455538,"political_violence"
"Chad",2014-07-01,41,4.14592043143038,0.309777497812225,"political_violence"
"Chad",2014-10-01,44,4.3122920140577,0.278581144719349,"political_violence"
"Chad",2015-01-01,557,53.6446173672505,3.04733414751828,"political_violence"
"Chad",2015-04-01,302,29.6316953436122,1.59698414130487,"political_violence"
"Chad",2015-07-01,168,17.0542445275422,0.934002556259859,"political_violence"
"Chad",2015-10-01,151,15.8951394654814,0.937757654426069,"political_violence"
"Chad",2016-01-01,71,7.68205334395949,0.503833880432514,"political_violence"
"Chad",2016-04-01,120,13.2704992035699,0.967595242626474,"political_violence"
"Chad",2016-07-01,59,6.65208913443495,0.545361641958136,"political_violence"
"Chad",2016-10-01,36,4.13064292057559,0.371589358453225,"political_violence"
"Chad",2017-01-01,28,3.27218358812327,0.305839731527727,"political_violence"
"Chad",2017-04-01,42,5.06320741985599,0.467437924074686,"political_violence"
"Chad",2017-07-01,64,7.95500092188872,0.708097445307552,"political_violence"
"Chad",2017-10-01,59,7.49329887826557,0.650053729141256,"political_violence"
"Chad",2018-01-01,39,5.02029157987205,0.438867152523002,"political_violence"
"Chad",2018-04-01,29,3.76484576774746,0.340396530122773,"political_violence"
"Chad",2018-07-01,35,4.57295867603294,0.427530912881278,"political_violence"
"Chad",2018-10-01,60,7.88370683524544,0.754028477009774,"political_violence"
"Chad",2019-01-01,68,9.04660430539064,0.897984435533162,"political_violence"
"Chad",2019-04-01,49,6.66235055759127,0.696272873908305,"political_violence"
"Chad",2019-07-01,61,8.45591019383324,0.915910442006126,"political_violence"
"Chad",2019-10-01,46,6.45729959904975,0.697563086506059,"political_violence"
"Chad",2020-01-01,63,8.84069050863773,0.896329081145219,"political_violence"
"Chad",2020-04-01,46,6.34976471898787,0.57131429870651,"political_violence"
"Chad",2020-07-01,52,6.94664705211375,0.531204955200579,"political_violence"
"Chad",2020-10-01,29,3.70372714440488,0.236894663442616,"political_violence"
"Chad",2021-01-01,68,8.23113174219839,0.448507835984815,"political_violence"
"Chad",2021-04-01,428,49.0762501637902,2.45897145795706,"political_violence"
"Chad",2021-07-01,131,14.2705614089097,0.758277252080446,"political_violence"
"Chad",2021-10-01,74,7.6777705728832,0.453616199473195,"political_violence"
"Chad",2022-01-01,31,3.11034348155913,0.198450747174124,"political_violence"
"Chad",2022-04-01,74,7.41442415378653,0.474330376001039,"political_violence"
"Chad",2022-07-01,107,10.8474455506184,0.666125720614278,"political_violence"
"Chad",2022-10-01,147,15.0577592166731,0.886767331724347,"political_violence"
"Chad",2023-01-01,42,4.35071875517304,0.249161857132062,"political_violence"
"Chad",2023-04-01,167,17.4529437661117,0.972221991821293,"political_violence"
"Chad",2023-07-01,76,8.0306331276075,0.440858588983812,"political_violence"
"Chad",2023-10-01,94,10.3553710462474,0.538227278908339,"political_violence"
"Chad",2024-01-01,186,21.8027168370106,1.0524765835742,"political_violence"
"Chad",2024-04-01,199,25.5899854613819,1.13489291505917,"political_violence"
"Chad",2024-07-01,46,6.61140308203413,0.271935461490689,"political_violence"
"Chad",2024-10-01,102,16.7323834053486,0.625876382150539,"political_violence"
"Cote d'Ivoire",1990-04-01,1,0.153238907335194,0.00922730208626582,"instability_of_regime"
"Cote d'Ivoire",1990-07-01,2,0.281478097865686,0.0197899136297432,"instability_of_regime"
"Cote d'Ivoire",1990-10-01,2,0.257653161416586,0.0208499983501962,"instability_of_regime"
"Cote d'Ivoire",1991-01-01,2,0.236627826367071,0.0219367259589208,"instability_of_regime"
"Cote d'Ivoire",1991-04-01,5,0.548107889360399,0.0568016678760887,"instability_of_regime"
"Cote d'Ivoire",1991-07-01,1,0.103596218963661,0.011766249243042,"instability_of_regime"
"Cote d'Ivoire",1991-10-01,1,0.100789762094909,0.0120248237367127,"instability_of_regime"
"Cote d'Ivoire",1992-01-01,0,0,0,"instability_of_regime"
"Cote d'Ivoire",1992-04-01,1,0.102801454450922,0.0120593995033752,"instability_of_regime"
"Cote d'Ivoire",1992-07-01,1,0.103630641032295,0.0118416182226711,"instability_of_regime"
"Cote d'Ivoire",1992-10-01,0,0,0,"instability_of_regime"
"Cote d'Ivoire",1993-01-01,0,0,0,"instability_of_regime"
"Cote d'Ivoire",1993-04-01,3,0.277283557351439,0.0253636810196019,"instability_of_regime"
"Cote d'Ivoire",1993-07-01,1,0.0861293547957117,0.00718958659057498,"instability_of_regime"
"Cote d'Ivoire",1993-10-01,10,0.801691394725648,0.0619640961066567,"instability_of_regime"
"Cote d'Ivoire",1994-01-01,5,0.373906569214299,0.028252284074414,"instability_of_regime"
"Cote d'Ivoire",1994-04-01,4,0.281661011379034,0.0213735526894473,"instability_of_regime"
"Cote d'Ivoire",1994-07-01,2,0.135039518205087,0.0102367228504775,"instability_of_regime"
"Cote d'Ivoire",1994-10-01,8,0.533398299876587,0.0386798700432839,"instability_of_regime"
"Cote d'Ivoire",1995-01-01,0,0,0,"instability_of_regime"
"Cote d'Ivoire",1995-04-01,3,0.194681661627741,0.0125509151967118,"instability_of_regime"
"Cote d'Ivoire",1995-07-01,19,1.1998854886474,0.074937671987997,"instability_of_regime"
"Cote d'Ivoire",1995-10-01,44,2.65952693987559,0.166413992208273,"instability_of_regime"
"Cote d'Ivoire",1996-01-01,11,0.627557051329331,0.0414683706800679,"instability_of_regime"
"Cote d'Ivoire",1996-04-01,0,0,0,"instability_of_regime"
"Cote d'Ivoire",1996-07-01,7,0.340718031805849,0.027442838255723,"instability_of_regime"
"Cote d'Ivoire",1996-10-01,1,0.0447745417219595,0.00394243320588825,"instability_of_regime"
"Cote d'Ivoire",1997-01-01,1,0.0424271349615587,0.00386555666641597,"instability_of_regime"
"Cote d'Ivoire",1997-04-01,1,0.0409467214213946,0.00365282964778499,"instability_of_regime"
"Cote d'Ivoire",1997-07-01,3,0.119521415208837,0.00993942061721916,"instability_of_regime"
"Cote d'Ivoire",1997-10-01,4,0.15099364796559,0.0117957592675039,"instability_of_regime"
"Cote d'Ivoire",1998-01-01,2,0.0692501310020241,0.00522039713099555,"instability_of_regime"
"Cote d'Ivoire",1998-04-01,6,0.187738641517297,0.0138228491423628,"instability_of_regime"
"Cote d'Ivoire",1998-07-01,5,0.143173856840111,0.0102572535487491,"instability_of_regime"
"Cote d'Ivoire",1998-10-01,2,0.0534124637661779,0.00365166510523172,"instability_of_regime"
"Cote d'Ivoire",1999-01-01,0,0,0,"instability_of_regime"
"Cote d'Ivoire",1999-04-01,1,0.0237354256852066,0.0014316190654454,"instability_of_regime"
"Cote d'Ivoire",1999-07-01,2,0.044686045183357,0.00259812677904555,"instability_of_regime"
"Cote d'Ivoire",1999-10-01,19,0.397955713757285,0.0233011083459072,"instability_of_regime"
"Cote d'Ivoire",2000-01-01,49,0.966591402812972,0.060220452346265,"instability_of_regime"
"Cote d'Ivoire",2000-04-01,43,0.822087537972625,0.0559584312415405,"instability_of_regime"
"Cote d'Ivoire",2000-07-01,97,1.84469981228207,0.137775826712742,"instability_of_regime"
"Cote d'Ivoire",2000-10-01,28,0.538569071832703,0.0450264126776247,"instability_of_regime"
"Cote d'Ivoire",2001-01-01,7,0.136442489448658,0.0131035975588512,"instability_of_regime"
"Cote d'Ivoire",2001-04-01,4,0.0786657752230913,0.00834498049328316,"instability_of_regime"
"Cote d'Ivoire",2001-07-01,6,0.117480763578482,0.0125166935569857,"instability_of_regime"
"Cote d'Ivoire",2001-10-01,16,0.30484407980812,0.029086336668142,"instability_of_regime"
"Cote d'Ivoire",2002-01-01,3,0.0545617647993619,0.00427919324228447,"instability_of_regime"
"Cote d'Ivoire",2002-04-01,6,0.104300888130186,0.00647215171906854,"instability_of_regime"
"Cote d'Ivoire",2002-07-01,33,0.552522461206141,0.0279005144872838,"instability_of_regime"
"Cote d'Ivoire",2002-10-01,135,2.21373816829401,0.0995297201839454,"instability_of_regime"
"Cote d'Ivoire",2003-01-01,303,5.01784806249042,0.226199997925254,"instability_of_regime"
"Cote d'Ivoire",2003-04-01,97,1.65985593750614,0.0836404078200223,"instability_of_regime"
"Cote d'Ivoire",2003-07-01,28,0.501190608936393,0.0297126448840781,"instability_of_regime"
"Cote d'Ivoire",2003-10-01,34,0.636951377626512,0.0447357508116089,"instability_of_regime"
"Cote d'Ivoire",2004-01-01,15,0.289481993671664,0.0234865512114689,"instability_of_regime"
"Cote d'Ivoire",2004-04-01,6,0.117501186847394,0.0103438861986559,"instability_of_regime"
"Cote d'Ivoire",2004-07-01,1,0.0197073113863813,0.00175629941023864,"instability_of_regime"
"Cote d'Ivoire",2004-10-01,73,1.45336789866063,0.125595945217459,"instability_of_regime"
"Cote d'Ivoire",2005-01-01,9,0.182325992825069,0.0158352655028645,"instability_of_regime"
"Cote d'Ivoire",2005-04-01,15,0.308500540960739,0.0268830035317912,"instability_of_regime"
"Cote d'Ivoire",2005-07-01,10,0.205812275506798,0.017797237787027,"instability_of_regime"
"Cote d'Ivoire",2005-10-01,33,0.664644354250288,0.0565862955494019,"instability_of_regime"
"Cote d'Ivoire",2006-01-01,31,0.600129325101111,0.0502786496198448,"instability_of_regime"
"Cote d'Ivoire",2006-04-01,3,0.0562148638184461,0.00470644678512601,"instability_of_regime"
"Cote d'Ivoire",2006-07-01,14,0.259012944458445,0.0221207554156015,"instability_of_regime"
"Cote d'Ivoire",2006-10-01,11,0.20375334146439,0.018049031438617,"instability_of_regime"
"Cote d'Ivoire",2007-01-01,22,0.413535385340638,0.0381807508615161,"instability_of_regime"
"Cote d'Ivoire",2007-04-01,16,0.308224256415516,0.0292766353136865,"instability_of_regime"
"Cote d'Ivoire",2007-07-01,2,0.039669383175677,0.00379508396299395,"instability_of_regime"
"Cote d'Ivoire",2007-10-01,4,0.0816181387547856,0.00773321678102818,"instability_of_regime"
"Cote d'Ivoire",2008-01-01,3,0.0632131933545047,0.0059826677416611,"instability_of_regime"
"Cote d'Ivoire",2008-04-01,4,0.087953510860151,0.00855883084337348,"instability_of_regime"
"Cote d'Ivoire",2008-07-01,7,0.160636268645704,0.0167794381776638,"instability_of_regime"
"Cote d'Ivoire",2008-10-01,5,0.119005474616818,0.0139587859020882,"instability_of_regime"
"Cote d'Ivoire",2009-01-01,0,0,0,"instability_of_regime"
"Cote d'Ivoire",2009-04-01,1,0.0245666995364132,0.00355812677381888,"instability_of_regime"
"Cote d'Ivoire",2009-07-01,4,0.0960674269470638,0.0132314873900527,"instability_of_regime"
"Cote d'Ivoire",2009-10-01,4,0.0919612206612986,0.0104643782594485,"instability_of_regime"
"Cote d'Ivoire",2010-01-01,107,2.344404080608,0.203761382496713,"instability_of_regime"
"Cote d'Ivoire",2010-04-01,4,0.0848016761938677,0.00554272960908748,"instability_of_regime"
"Cote d'Ivoire",2010-07-01,10,0.207079962044679,0.0104624916389389,"instability_of_regime"
"Cote d'Ivoire",2010-10-01,68,1.37999705336269,0.0576044233824078,"instability_of_regime"
"Cote d'Ivoire",2011-01-01,33,0.662872699131212,0.0257822814670456,"instability_of_regime"
"Cote d'Ivoire",2011-04-01,111,2.23204954870701,0.0918665612209816,"instability_of_regime"
"Cote d'Ivoire",2011-07-01,23,0.462030359184328,0.0226606857489981,"instability_of_regime"
"Cote d'Ivoire",2011-10-01,5,0.0985782811574634,0.00619231739042377,"instability_of_regime"
"Cote d'Ivoire",2012-01-01,17,0.326121855157243,0.026923559862254,"instability_of_regime"
"Cote d'Ivoire",2012-04-01,37,0.700848108384692,0.0741584915423028,"instability_of_regime"
"Cote d'Ivoire",2012-07-01,10,0.188547251827094,0.0246478249423598,"instability_of_regime"
"Cote d'Ivoire",2012-10-01,6,0.113143976697321,0.017657625347986,"instability_of_regime"
"Cote d'Ivoire",2013-01-01,3,0.0576136772294744,0.0103117195576811,"instability_of_regime"
"Cote d'Ivoire",2013-04-01,5,0.10133085440798,0.0199684188302201,"instability_of_regime"
"Cote d'Ivoire",2013-07-01,4,0.0854710215446719,0.0178752860481307,"instability_of_regime"
"Cote d'Ivoire",2013-10-01,1,0.0219729632560669,0.00473470070758779,"instability_of_regime"
"Cote d'Ivoire",2014-01-01,3,0.0658386666500422,0.0143359793797953,"instability_of_regime"
"Cote d'Ivoire",2014-04-01,1,0.0214004799010393,0.00470832520381422,"instability_of_regime"
"Cote d'Ivoire",2014-07-01,1,0.0208196531860386,0.00466408814634876,"instability_of_regime"
"Cote d'Ivoire",2014-10-01,2,0.0403572779537033,0.00922137264927892,"instability_of_regime"
"Cote d'Ivoire",2015-01-01,0,0,0,"instability_of_regime"
"Cote d'Ivoire",2015-04-01,1,0.0202016080877817,0.00454479569985242,"instability_of_regime"
"Cote d'Ivoire",2015-07-01,0,0,0,"instability_of_regime"
"Cote d'Ivoire",2015-10-01,1,0.0216732370023851,0.00419837973766945,"instability_of_regime"
"Cote d'Ivoire",2016-01-01,7,0.155938515129394,0.0281484468113719,"instability_of_regime"
"Cote d'Ivoire",2016-04-01,6,0.136613509826488,0.0238280859036995,"instability_of_regime"
"Cote d'Ivoire",2016-07-01,0,0,0,"instability_of_regime"
"Cote d'Ivoire",2016-10-01,26,0.61422131746881,0.0999966927839908,"instability_of_regime"
"Cote d'Ivoire",2017-01-01,13,0.31279468696834,0.0489019890491698,"instability_of_regime"
"Cote d'Ivoire",2017-04-01,2,0.0496412614530709,0.00776194906253957,"instability_of_regime"
"Cote d'Ivoire",2017-07-01,1,0.0255915532062231,0.00422878684185765,"instability_of_regime"
"Cote d'Ivoire",2017-10-01,1,0.0261491410826571,0.00474900509252587,"instability_of_regime"
"Cote d'Ivoire",2018-01-01,4,0.106013387200939,0.0218676377941713,"instability_of_regime"
"Cote d'Ivoire",2018-04-01,1,0.0267291763377085,0.00629620726933244,"instability_of_regime"
"Cote d'Ivoire",2018-07-01,15,0.403512391621015,0.105629161806225,"instability_of_regime"
"Cote d'Ivoire",2018-10-01,0,0,0,"instability_of_regime"
"Cote d'Ivoire",2019-01-01,2,0.0547826532686508,0.0151727967192347,"instability_of_regime"
"Cote d'Ivoire",2019-04-01,0,0,0,"instability_of_regime"
"Cote d'Ivoire",2019-07-01,2,0.0570817011075868,0.0130840296136316,"instability_of_regime"
"Cote d'Ivoire",2019-10-01,5,0.144510530085516,0.0287416791037632,"instability_of_regime"
"Cote d'Ivoire",2020-01-01,9,0.260030644158827,0.0449840970194744,"instability_of_regime"
"Cote d'Ivoire",2020-04-01,1,0.028420792666776,0.00436544076411934,"instability_of_regime"
"Cote d'Ivoire",2020-07-01,60,1.65028717647833,0.236451397468808,"instability_of_regime"
"Cote d'Ivoire",2020-10-01,56,1.47253422721007,0.212291432838252,"instability_of_regime"
"Cote d'Ivoire",2021-01-01,0,0,0,"instability_of_regime"
"Cote d'Ivoire",2021-04-01,0,0,0,"instability_of_regime"
"Cote d'Ivoire",2021-07-01,6,0.134572833902764,0.0279803089569125,"instability_of_regime"
"Cote d'Ivoire",2021-10-01,1,0.0213618959458573,0.00526014883226755,"instability_of_regime"
"Cote d'Ivoire",2022-01-01,0,0,0,"instability_of_regime"
"Cote d'Ivoire",2022-04-01,11,0.226921046083534,0.070443007793694,"instability_of_regime"
"Cote d'Ivoire",2022-07-01,4,0.0834910796525923,0.0272026932114985,"instability_of_regime"
"Cote d'Ivoire",2022-10-01,1,0.0210901368635253,0.0069658257803559,"instability_of_regime"
"Cote d'Ivoire",2023-01-01,2,0.0426558008244637,0.0134095696253404,"instability_of_regime"
"Cote d'Ivoire",2023-04-01,0,0,0,"instability_of_regime"
"Cote d'Ivoire",2023-07-01,1,0.0217556757971966,0.00505255036196157,"instability_of_regime"
"Cote d'Ivoire",2023-10-01,15,0.340224398482427,0.0637228719200492,"instability_of_regime"
"Cote d'Ivoire",2024-01-01,1,0.0241342637632645,0.00384099794347371,"instability_of_regime"
"Cote d'Ivoire",2024-04-01,1,0.026476059435849,0.00409060306617857,"instability_of_regime"
"Cote d'Ivoire",2024-07-01,0,0,0,"instability_of_regime"
"Cote d'Ivoire",2024-10-01,3,0.101324687972385,0.017143227797004,"instability_of_regime"
"Cote d'Ivoire",1990-01-01,13,10.8258292418596,0.112610399340736,"instability_within_regime"
"Cote d'Ivoire",1990-04-01,14,10.5791718995522,0.129182229207722,"instability_within_regime"
"Cote d'Ivoire",1990-07-01,10,6.94015553664288,0.098949568148716,"instability_within_regime"
"Cote d'Ivoire",1990-10-01,25,15.881813081529,0.260624979377453,"instability_within_regime"
"Cote d'Ivoire",1991-01-01,9,5.25088999308906,0.0987152668151435,"instability_within_regime"
"Cote d'Ivoire",1991-04-01,19,10.2707992707709,0.215846337929137,"instability_within_regime"
"Cote d'Ivoire",1991-07-01,11,5.61941597498568,0.129428741673462,"instability_within_regime"
"Cote d'Ivoire",1991-10-01,11,5.46718408159093,0.13227306110384,"instability_within_regime"
"Cote d'Ivoire",1992-01-01,14,6.97451745162713,0.167977998334953,"instability_within_regime"
"Cote d'Ivoire",1992-04-01,6,3.04162102284611,0.0723563970202511,"instability_within_regime"
"Cote d'Ivoire",1992-07-01,11,5.62128314662871,0.130257800449382,"instability_within_regime"
"Cote d'Ivoire",1992-10-01,8,4.01393340118441,0.0886153007851862,"instability_within_regime"
"Cote d'Ivoire",1993-01-01,6,2.89216098206083,0.0592145887696418,"instability_within_regime"
"Cote d'Ivoire",1993-04-01,23,10.4829928624122,0.194454887816948,"instability_within_regime"
"Cote d'Ivoire",1993-07-01,6,2.54833803305649,0.0431375195434499,"instability_within_regime"
"Cote d'Ivoire",1993-10-01,34,13.4412831744322,0.210677926762633,"instability_within_regime"
"Cote d'Ivoire",1994-01-01,11,4.05639620676108,0.0621550249637109,"instability_within_regime"
"Cote d'Ivoire",1994-04-01,13,4.51403255727701,0.0694640462407038,"instability_within_regime"
"Cote d'Ivoire",1994-07-01,15,4.99432424961084,0.0767754213785816,"instability_within_regime"
"Cote d'Ivoire",1994-10-01,17,5.58939951876327,0.0821947238419783,"instability_within_regime"
"Cote d'Ivoire",1995-01-01,7,2.27796518658814,0.0314991944818566,"instability_within_regime"
"Cote d'Ivoire",1995-04-01,12,3.84007429941728,0.0502036607868474,"instability_within_regime"
"Cote d'Ivoire",1995-07-01,35,10.899556729769,0.138043079977889,"instability_within_regime"
"Cote d'Ivoire",1995-10-01,157,46.7957014447457,0.593795381288611,"instability_within_regime"
"Cote d'Ivoire",1996-01-01,61,17.1610934123303,0.229960964680377,"instability_within_regime"
"Cote d'Ivoire",1996-04-01,32,8.36082558030721,0.122720911064029,"instability_within_regime"
"Cote d'Ivoire",1996-07-01,22,5.28049153599509,0.0862489202322723,"instability_within_regime"
"Cote d'Ivoire",1996-10-01,41,9.05252218593851,0.161639761441418,"instability_within_regime"
"Cote d'Ivoire",1997-01-01,19,3.97513514476664,0.0734455766619034,"instability_within_regime"
"Cote d'Ivoire",1997-04-01,4,0.807669563024166,0.01461131859114,"instability_within_regime"
"Cote d'Ivoire",1997-07-01,15,2.94693341257697,0.0496971030860958,"instability_within_regime"
"Cote d'Ivoire",1997-10-01,17,3.16447886493244,0.0501319768868917,"instability_within_regime"
"Cote d'Ivoire",1998-01-01,15,2.56115849011603,0.0391529784824666,"instability_within_regime"
"Cote d'Ivoire",1998-04-01,12,1.85156199682692,0.0276456982847256,"instability_within_regime"
"Cote d'Ivoire",1998-07-01,21,2.96529295863532,0.0430804649047461,"instability_within_regime"
"Cote d'Ivoire",1998-10-01,12,1.58033243343627,0.0219099906313903,"instability_within_regime"
"Cote d'Ivoire",1999-01-01,26,3.22363216283311,0.0419612747058719,"instability_within_regime"
"Cote d'Ivoire",1999-04-01,18,2.10680393976698,0.0257691431780172,"instability_within_regime"
"Cote d'Ivoire",1999-07-01,33,3.63588766087648,0.0428690918542517,"instability_within_regime"
"Cote d'Ivoire",1999-10-01,125,12.9105798579247,0.1532967654336,"instability_within_regime"
"Cote d'Ivoire",2000-01-01,84,8.17110376780245,0.103235061165026,"instability_within_regime"
"Cote d'Ivoire",2000-04-01,71,6.69364305748724,0.0923964794918459,"instability_within_regime"
"Cote d'Ivoire",2000-07-01,193,18.0994705102098,0.274131284077931,"instability_within_regime"
"Cote d'Ivoire",2000-10-01,248,23.5228343878088,0.39880536943039,"instability_within_regime"
"Cote d'Ivoire",2001-01-01,79,7.59334754183977,0.147883458164178,"instability_within_regime"
"Cote d'Ivoire",2001-04-01,74,7.17649103967448,0.154382139125738,"instability_within_regime"
"Cote d'Ivoire",2001-07-01,49,4.73114416610574,0.102219664048717,"instability_within_regime"
"Cote d'Ivoire",2001-10-01,94,8.83161702311429,0.170882227925334,"instability_within_regime"
"Cote d'Ivoire",2002-01-01,11,0.986539392409344,0.0156903752217097,"instability_within_regime"
"Cote d'Ivoire",2002-04-01,49,4.20036883797683,0.0528559057057264,"instability_within_regime"
"Cote d'Ivoire",2002-07-01,230,18.9897140689787,0.194458131275008,"instability_within_regime"
"Cote d'Ivoire",2002-10-01,612,49.487839984065,0.451201398167219,"instability_within_regime"
"Cote d'Ivoire",2003-01-01,553,45.1600694875702,0.412833659579754,"instability_within_regime"
"Cote d'Ivoire",2003-04-01,52,4.38789874636024,0.0448381567694965,"instability_within_regime"
"Cote d'Ivoire",2003-07-01,61,5.38430087354101,0.0647311192117417,"instability_within_regime"
"Cote d'Ivoire",2003-10-01,58,5.35808932506642,0.0763139278550975,"instability_within_regime"
"Cote d'Ivoire",2004-01-01,127,12.0861674945845,0.198852800257103,"instability_within_regime"
"Cote d'Ivoire",2004-04-01,31,2.99369318346934,0.0534434120263887,"instability_within_regime"
"Cote d'Ivoire",2004-07-01,35,3.40133975209191,0.0614704793583524,"instability_within_regime"
"Cote d'Ivoire",2004-10-01,248,24.3477579639466,0.426682115259312,"instability_within_regime"
"Cote d'Ivoire",2005-01-01,76,7.59231575672905,0.133720019801967,"instability_within_regime"
"Cote d'Ivoire",2005-04-01,170,17.2412275587992,0.304674040026967,"instability_within_regime"
"Cote d'Ivoire",2005-07-01,149,15.1221010029223,0.265178843026703,"instability_within_regime"
"Cote d'Ivoire",2005-10-01,135,13.4079919442861,0.231489390883917,"instability_within_regime"
"Cote d'Ivoire",2006-01-01,79,7.54162333905254,0.128129461934443,"instability_within_regime"
"Cote d'Ivoire",2006-04-01,63,5.82136793442802,0.0988353824876462,"instability_within_regime"
"Cote d'Ivoire",2006-07-01,91,8.30212785445272,0.14378491020141,"instability_within_regime"
"Cote d'Ivoire",2006-10-01,39,3.56230625351985,0.0639920205550967,"instability_within_regime"
"Cote d'Ivoire",2007-01-01,21,1.94654246586016,0.0364452621859926,"instability_within_regime"
"Cote d'Ivoire",2007-04-01,16,1.51992236405584,0.0292766353136865,"instability_within_regime"
"Cote d'Ivoire",2007-07-01,31,3.03208755226521,0.0588238014264063,"instability_within_regime"
"Cote d'Ivoire",2007-10-01,26,2.616101772834,0.0502659090766832,"instability_within_regime"
"Cote d'Ivoire",2008-01-01,12,1.24687326559236,0.0239306709666444,"instability_within_regime"
"Cote d'Ivoire",2008-04-01,40,4.33718324794512,0.0855883084337347,"instability_within_regime"
"Cote d'Ivoire",2008-07-01,21,2.37639950890766,0.0503383145329913,"instability_within_regime"
"Cote d'Ivoire",2008-10-01,34,3.99052875995947,0.0949197441341995,"instability_within_regime"
"Cote d'Ivoire",2009-01-01,22,2.65163014194932,0.0717842843918274,"instability_within_regime"
"Cote d'Ivoire",2009-04-01,24,2.90745262977077,0.0853950425716531,"instability_within_regime"
"Cote d'Ivoire",2009-07-01,24,2.84237909836598,0.079388924340316,"instability_within_regime"
"Cote d'Ivoire",2009-10-01,58,6.5754778817538,0.151733484762003,"instability_within_regime"
"Cote d'Ivoire",2010-01-01,172,18.5836804705077,0.327541661583501,"instability_within_regime"
"Cote d'Ivoire",2010-04-01,31,3.2408634344018,0.0429561544704279,"instability_within_regime"
"Cote d'Ivoire",2010-07-01,45,4.59520808335915,0.0470812123752251,"instability_within_regime"
"Cote d'Ivoire",2010-10-01,1103,110.382277490343,0.934377632217586,"instability_within_regime"
"Cote d'Ivoire",2011-01-01,1150,113.911776483757,0.898473445063709,"instability_within_regime"
"Cote d'Ivoire",2011-04-01,747,74.0723368185198,0.618237128216876,"instability_within_regime"
"Cote d'Ivoire",2011-07-01,149,14.7599041530469,0.146801833765249,"instability_within_regime"
"Cote d'Ivoire",2011-10-01,156,15.1666766255739,0.193200302581222,"instability_within_regime"
"Cote d'Ivoire",2012-01-01,95,8.98688490616041,0.150455187465537,"instability_within_regime"
"Cote d'Ivoire",2012-04-01,120,11.2087715872316,0.240514026623685,"instability_within_regime"
"Cote d'Ivoire",2012-07-01,120,11.1572212284397,0.295773899308317,"instability_within_regime"
"Cote d'Ivoire",2012-10-01,68,6.32329863367806,0.200119753943841,"instability_within_regime"
"Cote d'Ivoire",2013-01-01,51,4.82979956786685,0.175299232480579,"instability_within_regime"
"Cote d'Ivoire",2013-04-01,50,4.99684981236353,0.199684188302201,"instability_within_regime"
"Cote d'Ivoire",2013-07-01,36,3.7932895603902,0.160877574433177,"instability_within_regime"
"Cote d'Ivoire",2013-10-01,28,3.03389993404225,0.132571619812458,"instability_within_regime"
"Cote d'Ivoire",2014-01-01,29,3.13842938873839,0.138581134004687,"instability_within_regime"
"Cote d'Ivoire",2014-04-01,16,1.68848842106794,0.0753332032610275,"instability_within_regime"
"Cote d'Ivoire",2014-07-01,8,0.82133072477429,0.0373127051707901,"instability_within_regime"
"Cote d'Ivoire",2014-10-01,27,2.68664463781219,0.124488530765265,"instability_within_regime"
"Cote d'Ivoire",2015-01-01,26,2.54234966227453,0.11922252779688,"instability_within_regime"
"Cote d'Ivoire",2015-04-01,24,2.39084694601979,0.109075096796458,"instability_within_regime"
"Cote d'Ivoire",2015-07-01,26,2.67970834229264,0.114594141225697,"instability_within_regime"
"Cote d'Ivoire",2015-10-01,38,4.06127098551896,0.159538430031439,"instability_within_regime"
"Cote d'Ivoire",2016-01-01,23,2.52660750711701,0.0924877538087933,"instability_within_regime"
"Cote d'Ivoire",2016-04-01,16,1.79645760726043,0.0635415624098654,"instability_within_regime"
"Cote d'Ivoire",2016-07-01,8,0.915771263795033,0.0314690554572532,"instability_within_regime"
"Cote d'Ivoire",2016-10-01,29,3.37834600152827,0.111534772720605,"instability_within_regime"
"Cote d'Ivoire",2017-01-01,23,2.72896799957599,0.0865189037023773,"instability_within_regime"
"Cote d'Ivoire",2017-04-01,40,4.89584203008024,0.155238981250791,"instability_within_regime"
"Cote d'Ivoire",2017-07-01,7,0.883383486783028,0.0296015078930035,"instability_within_regime"
"Cote d'Ivoire",2017-10-01,9,1.16052507726459,0.0427410458327328,"instability_within_regime"
"Cote d'Ivoire",2018-01-01,8,1.04555118386787,0.0437352755883425,"instability_within_regime"
"Cote d'Ivoire",2018-04-01,3,0.395422540986267,0.0188886218079973,"instability_within_regime"
"Cote d'Ivoire",2018-07-01,22,2.91838705088287,0.154922770649129,"instability_within_regime"
"Cote d'Ivoire",2018-10-01,9,1.20063970562615,0.0679798718493614,"instability_within_regime"
"Cote d'Ivoire",2019-01-01,14,1.89101813671545,0.106209577034643,"instability_within_regime"
"Cote d'Ivoire",2019-04-01,2,0.276091078025271,0.0144543541734252,"instability_within_regime"
"Cote d'Ivoire",2019-07-01,4,0.562965128706884,0.0261680592272631,"instability_within_regime"
"Cote d'Ivoire",2019-10-01,37,5.27334038903816,0.212688425367848,"instability_within_regime"
"Cote d'Ivoire",2020-01-01,32,4.55917846303058,0.159943456069242,"instability_within_regime"
"Cote d'Ivoire",2020-04-01,29,4.06432825093944,0.126597782159461,"instability_within_regime"
"Cote d'Ivoire",2020-07-01,166,22.5149483163747,0.654182199663702,"instability_within_regime"
"Cote d'Ivoire",2020-10-01,206,26.7115557550844,0.780929199369283,"instability_within_regime"
"Cote d'Ivoire",2021-01-01,39,4.79298669506416,0.152891095111986,"instability_within_regime"
"Cote d'Ivoire",2021-04-01,44,5.12237365731769,0.185527836855333,"instability_within_regime"
"Cote d'Ivoire",2021-07-01,43,4.75586146027828,0.20052554752454,"instability_within_regime"
"Cote d'Ivoire",2021-10-01,4,0.421361041007386,0.0210405953290702,"instability_within_regime"
"Cote d'Ivoire",2022-01-01,4,0.407471863542595,0.0234283694563609,"instability_within_regime"
"Cote d'Ivoire",2022-04-01,6,0.610362627455395,0.0384234587965604,"instability_within_regime"
"Cote d'Ivoire",2022-07-01,18,1.85270887786428,0.122412119451743,"instability_within_regime"
"Cote d'Ivoire",2022-10-01,12,1.24800186926198,0.0835899093642708,"instability_within_regime"
"Cote d'Ivoire",2023-01-01,11,1.15689882785626,0.0737526329393721,"instability_within_regime"
"Cote d'Ivoire",2023-04-01,5,0.530533972397714,0.0299926450598893,"instability_within_regime"
"Cote d'Ivoire",2023-07-01,8,0.858256610270934,0.0404204028956926,"instability_within_regime"
"Cote d'Ivoire",2023-10-01,23,2.57250734589312,0.0977084036107421,"instability_within_regime"
"Cote d'Ivoire",2024-01-01,2,0.238022845186831,0.00768199588694743,"instability_within_regime"
"Cote d'Ivoire",2024-04-01,8,1.04447470336323,0.0327248245294285,"instability_within_regime"
"Cote d'Ivoire",2024-07-01,5,0.72962009193676,0.0235872104375035,"instability_within_regime"
"Cote d'Ivoire",2024-10-01,7,1.16586067073206,0.0400008648596759,"instability_within_regime"
"Cote d'Ivoire",1990-01-01,44,14.8829560868183,0.381142890076339,"mass_civil_protest"
"Cote d'Ivoire",1990-04-01,17,5.21784607342183,0.156864135466519,"mass_civil_protest"
"Cote d'Ivoire",1990-07-01,13,3.66463950890267,0.128634438593331,"mass_civil_protest"
"Cote d'Ivoire",1990-10-01,1,0.258035093502249,0.0104249991750981,"mass_civil_protest"
"Cote d'Ivoire",1991-01-01,2,0.473957183107403,0.0219367259589208,"mass_civil_protest"
"Cote d'Ivoire",1991-04-01,22,4.83049931693046,0.24992733865479,"mass_civil_protest"
"Cote d'Ivoire",1991-07-01,3,0.622498708724484,0.035298747729126,"mass_civil_protest"
"Cote d'Ivoire",1991-10-01,6,1.21127001321809,0.0721489424202764,"mass_civil_protest"
"Cote d'Ivoire",1992-01-01,29,5.86817194973583,0.347954425122403,"mass_civil_protest"
"Cote d'Ivoire",1992-04-01,2,0.411815368622963,0.0241187990067504,"mass_civil_protest"
"Cote d'Ivoire",1992-07-01,13,2.69839070492137,0.153941036894725,"mass_civil_protest"
"Cote d'Ivoire",1992-10-01,1,0.203797512595361,0.0110769125981483,"mass_civil_protest"
"Cote d'Ivoire",1993-01-01,10,1.95789733829143,0.0986909812827364,"mass_civil_protest"
"Cote d'Ivoire",1993-04-01,6,1.11077835419425,0.0507273620392038,"mass_civil_protest"
"Cote d'Ivoire",1993-07-01,9,1.55262651513596,0.0647062793151748,"mass_civil_protest"
"Cote d'Ivoire",1993-10-01,14,2.24806338881996,0.0867497345493194,"mass_civil_protest"
"Cote d'Ivoire",1994-01-01,0,0,0,"mass_civil_protest"
"Cote d'Ivoire",1994-04-01,16,2.25662825195045,0.0854942107577893,"mass_civil_protest"
"Cote d'Ivoire",1994-07-01,9,1.21715724594539,0.0460652528271489,"mass_civil_protest"
"Cote d'Ivoire",1994-10-01,6,0.801283474026893,0.0290099025324629,"mass_civil_protest"
"Cote d'Ivoire",1995-01-01,0,0,0,"mass_civil_protest"
"Cote d'Ivoire",1995-04-01,7,0.909861157005713,0.0292854687923276,"mass_civil_protest"
"Cote d'Ivoire",1995-07-01,27,3.41525597268552,0.106490375982943,"mass_civil_protest"
"Cote d'Ivoire",1995-10-01,28,3.38987000396304,0.105899813223447,"mass_civil_protest"
"Cote d'Ivoire",1996-01-01,4,0.457081680242902,0.0150794075200247,"mass_civil_protest"
"Cote d'Ivoire",1996-04-01,0,0,0,"mass_civil_protest"
"Cote d'Ivoire",1996-07-01,7,0.682446190153869,0.027442838255723,"mass_civil_protest"
"Cote d'Ivoire",1996-10-01,6,0.538090959003576,0.0236545992353295,"mass_civil_protest"
"Cote d'Ivoire",1997-01-01,5,0.424900268121981,0.0193277833320798,"mass_civil_protest"
"Cote d'Ivoire",1997-04-01,6,0.492089025377662,0.0219169778867099,"mass_civil_protest"
"Cote d'Ivoire",1997-07-01,11,0.877789643444363,0.0364445422631369,"mass_civil_protest"
"Cote d'Ivoire",1997-10-01,6,0.453652420061536,0.0176936389012559,"mass_civil_protest"
"Cote d'Ivoire",1998-01-01,0,0,0,"mass_civil_protest"
"Cote d'Ivoire",1998-04-01,6,0.376033871671195,0.0138228491423628,"mass_civil_protest"
"Cote d'Ivoire",1998-07-01,19,1.08973428828156,0.0389775634852465,"mass_civil_protest"
"Cote d'Ivoire",1998-10-01,4,0.213966558862553,0.00730333021046344,"mass_civil_protest"
"Cote d'Ivoire",1999-01-01,3,0.15108177915702,0.00484168554298522,"mass_civil_protest"
"Cote d'Ivoire",1999-04-01,9,0.427870977952871,0.0128845715890086,"mass_civil_protest"
"Cote d'Ivoire",1999-07-01,6,0.26851371317327,0.00779438033713666,"mass_civil_protest"
"Cote d'Ivoire",1999-10-01,63,2.64298676496815,0.0772615697785344,"mass_civil_protest"
"Cote d'Ivoire",2000-01-01,5,0.197555965160347,0.00614494411696582,"mass_civil_protest"
"Cote d'Ivoire",2000-04-01,7,0.268053168106792,0.00910951206257635,"mass_civil_protest"
"Cote d'Ivoire",2000-07-01,43,1.63793144344402,0.0610758819448239,"mass_civil_protest"
"Cote d'Ivoire",2000-10-01,60,2.31157465514122,0.0964851700234815,"mass_civil_protest"
"Cote d'Ivoire",2001-01-01,14,0.546578979726003,0.0262071951177025,"mass_civil_protest"
"Cote d'Ivoire",2001-04-01,19,0.748432661405724,0.039638657343095,"mass_civil_protest"
"Cote d'Ivoire",2001-07-01,26,1.01967589665702,0.0542390054136048,"mass_civil_protest"
"Cote d'Ivoire",2001-10-01,38,1.45015583535239,0.0690800495868372,"mass_civil_protest"
"Cote d'Ivoire",2002-01-01,12,0.437141155318881,0.0171167729691379,"mass_civil_protest"
"Cote d'Ivoire",2002-04-01,18,0.62673299112039,0.0194164551572056,"mass_civil_protest"
"Cote d'Ivoire",2002-07-01,368,12.3411920798105,0.311133010040013,"mass_civil_protest"
"Cote d'Ivoire",2002-10-01,941,30.9068968882197,0.693759012541427,"mass_civil_protest"
"Cote d'Ivoire",2003-01-01,445,14.7607418434284,0.33220791774501,"mass_civil_protest"
"Cote d'Ivoire",2003-04-01,51,1.74800283808308,0.0439758845239292,"mass_civil_protest"
"Cote d'Ivoire",2003-07-01,77,2.76063451775928,0.0817097734312149,"mass_civil_protest"
"Cote d'Ivoire",2003-10-01,113,4.24012932592904,0.148680583579759,"mass_civil_protest"
"Cote d'Ivoire",2004-01-01,185,7.15114064469005,0.28966746494145,"mass_civil_protest"
"Cote d'Ivoire",2004-04-01,95,3.72638654870894,0.163778198145385,"mass_civil_protest"
"Cote d'Ivoire",2004-07-01,33,1.3026106178868,0.0579578805378752,"mass_civil_protest"
"Cote d'Ivoire",2004-10-01,221,8.81288843521843,0.380228820452855,"mass_civil_protest"
"Cote d'Ivoire",2005-01-01,33,1.33903926717163,0.05806264017717,"mass_civil_protest"
"Cote d'Ivoire",2005-04-01,20,0.823887591050784,0.0358440047090549,"mass_civil_protest"
"Cote d'Ivoire",2005-07-01,30,1.23670416762575,0.0533917133610811,"mass_civil_protest"
"Cote d'Ivoire",2005-10-01,21,0.847164932227322,0.0360094608041649,"mass_civil_protest"
"Cote d'Ivoire",2006-01-01,31,1.20203785324823,0.0502786496198448,"mass_civil_protest"
"Cote d'Ivoire",2006-04-01,8,0.300257034158794,0.012550524760336,"mass_civil_protest"
"Cote d'Ivoire",2006-07-01,23,0.852304074430858,0.0363412410399167,"mass_civil_protest"
"Cote d'Ivoire",2006-10-01,11,0.408110750336597,0.018049031438617,"mass_civil_protest"
"Cote d'Ivoire",2007-01-01,1,0.0376498535812405,0.00173548867552346,"mass_civil_protest"
"Cote d'Ivoire",2007-04-01,1,0.0385851440685637,0.00182978970710541,"mass_civil_protest"
"Cote d'Ivoire",2007-07-01,6,0.238369122442759,0.0113852518889819,"mass_civil_protest"
"Cote d'Ivoire",2007-10-01,0,0,0,"mass_civil_protest"
"Cote d'Ivoire",2008-01-01,1,0.0422045982749981,0.0019942225805537,"mass_civil_protest"
"Cote d'Ivoire",2008-04-01,12,0.528503332321755,0.0256764925301204,"mass_civil_protest"
"Cote d'Ivoire",2008-07-01,4,0.183856443165485,0.00958825038723644,"mass_civil_protest"
"Cote d'Ivoire",2008-10-01,0,0,0,"mass_civil_protest"
"Cote d'Ivoire",2009-01-01,1,0.0489563431124644,0.00326292201781034,"mass_civil_protest"
"Cote d'Ivoire",2009-04-01,0,0,0,"mass_civil_protest"
"Cote d'Ivoire",2009-07-01,2,0.0962098324682553,0.00661574369502633,"mass_civil_protest"
"Cote d'Ivoire",2009-10-01,3,0.138146309023272,0.00784828369458637,"mass_civil_protest"
"Cote d'Ivoire",2010-01-01,50,2.19427972643522,0.0952155992975293,"mass_civil_protest"
"Cote d'Ivoire",2010-04-01,4,0.169854763865696,0.00554272960908748,"mass_civil_protest"
"Cote d'Ivoire",2010-07-01,3,0.124432156178157,0.00313874749168167,"mass_civil_protest"
"Cote d'Ivoire",2010-10-01,121,4.91844604943258,0.102501988665755,"mass_civil_protest"
"Cote d'Ivoire",2011-01-01,131,5.2706088111584,0.102347844611605,"mass_civil_protest"
"Cote d'Ivoire",2011-04-01,35,1.40968536817558,0.0289669337183275,"mass_civil_protest"
"Cote d'Ivoire",2011-07-01,8,0.321888869389288,0.00788197765182544,"mass_civil_protest"
"Cote d'Ivoire",2011-10-01,13,0.513366924941686,0.0161000252151018,"mass_civil_protest"
"Cote d'Ivoire",2012-01-01,12,0.461089809586308,0.0190048657851205,"mass_civil_protest"
"Cote d'Ivoire",2012-04-01,10,0.379398383981375,0.0200428355519737,"mass_civil_protest"
"Cote d'Ivoire",2012-07-01,5,0.188826744788641,0.0123239124711799,"mass_civil_protest"
"Cote d'Ivoire",2012-10-01,2,0.0755411304245694,0.00588587511599533,"mass_civil_protest"
"Cote d'Ivoire",2013-01-01,9,0.346194485078626,0.0309351586730434,"mass_civil_protest"
"Cote d'Ivoire",2013-04-01,2,0.0811848497354175,0.00798736753208805,"mass_civil_protest"
"Cote d'Ivoire",2013-07-01,3,0.128396579231295,0.0134064645360981,"mass_civil_protest"
"Cote d'Ivoire",2013-10-01,4,0.17604427897187,0.0189388028303511,"mass_civil_protest"
"Cote d'Ivoire",2014-01-01,1,0.0439575083850519,0.00477865979326508,"mass_civil_protest"
"Cote d'Ivoire",2014-04-01,0,0,0,"mass_civil_protest"
"Cote d'Ivoire",2014-07-01,2,0.083402060770492,0.00932817629269751,"mass_civil_protest"
"Cote d'Ivoire",2014-10-01,25,1.01042753881088,0.115267158115987,"mass_civil_protest"
"Cote d'Ivoire",2015-01-01,2,0.0794347681566979,0.00917096367668308,"mass_civil_protest"
"Cote d'Ivoire",2015-04-01,3,0.121389323612413,0.0136343870995572,"mass_civil_protest"
"Cote d'Ivoire",2015-07-01,7,0.293042711314153,0.0308522687915337,"mass_civil_protest"
"Cote d'Ivoire",2015-10-01,7,0.303875100461529,0.0293886581636861,"mass_civil_protest"
"Cote d'Ivoire",2016-01-01,3,0.133859717605706,0.0120636200620165,"mass_civil_protest"
"Cote d'Ivoire",2016-04-01,7,0.319237377249782,0.0277994335543161,"mass_civil_protest"
"Cote d'Ivoire",2016-07-01,6,0.278976087066119,0.0236017915929399,"mass_civil_protest"
"Cote d'Ivoire",2016-10-01,7,0.33122481982823,0.0269221865187668,"mass_civil_protest"
"Cote d'Ivoire",2017-01-01,35,1.68677577426441,0.131659201286226,"mass_civil_protest"
"Cote d'Ivoire",2017-04-01,76,3.77832838430641,0.294954064376504,"mass_civil_protest"
"Cote d'Ivoire",2017-07-01,12,0.615107732096515,0.0507454421022918,"mass_civil_protest"
"Cote d'Ivoire",2017-10-01,3,0.15712741952405,0.0142470152775776,"mass_civil_protest"
"Cote d'Ivoire",2018-01-01,1,0.0530852680566479,0.00546690944854281,"mass_civil_protest"
"Cote d'Ivoire",2018-04-01,2,0.107075193296576,0.0125924145386649,"mass_civil_protest"
"Cote d'Ivoire",2018-07-01,1,0.0538814050789764,0.00704194412041497,"mass_civil_protest"
"Cote d'Ivoire",2018-10-01,3,0.162558674878285,0.0226599572831205,"mass_civil_protest"
"Cote d'Ivoire",2019-01-01,2,0.109727720636209,0.0151727967192347,"mass_civil_protest"
"Cote d'Ivoire",2019-04-01,3,0.168214076301472,0.0216815312601377,"mass_civil_protest"
"Cote d'Ivoire",2019-07-01,2,0.114332632299814,0.0130840296136316,"mass_civil_protest"
"Cote d'Ivoire",2019-10-01,15,0.868348471355691,0.0862250373112896,"mass_civil_protest"
"Cote d'Ivoire",2020-01-01,1,0.0578702445567359,0.00499823300216383,"mass_civil_protest"
"Cote d'Ivoire",2020-04-01,3,0.170777533320982,0.013096322292358,"mass_civil_protest"
"Cote d'Ivoire",2020-07-01,34,1.87309794306358,0.133989125232325,"mass_civil_protest"
"Cote d'Ivoire",2020-10-01,40,2.1067386255358,0.151636737741608,"mass_civil_protest"
"Cote d'Ivoire",2021-01-01,5,0.24959180644985,0.0196014224502546,"mass_civil_protest"
"Cote d'Ivoire",2021-04-01,5,0.236432561191906,0.0210827087335606,"mass_civil_protest"
"Cote d'Ivoire",2021-07-01,8,0.359392847739402,0.0373070786092167,"mass_civil_protest"
"Cote d'Ivoire",2021-10-01,1,0.0427871234916644,0.00526014883226755,"mass_civil_protest"
"Cote d'Ivoire",2022-01-01,1,0.0413767464193968,0.00585709236409022,"mass_civil_protest"
"Cote d'Ivoire",2022-04-01,0,0,0,"mass_civil_protest"
"Cote d'Ivoire",2022-07-01,12,0.501689055775122,0.0816080796344956,"mass_civil_protest"
"Cote d'Ivoire",2022-10-01,0,0,0,"mass_civil_protest"
"Cote d'Ivoire",2023-01-01,5,0.213595158189378,0.033523924063351,"mass_civil_protest"
"Cote d'Ivoire",2023-04-01,1,0.0430984744849372,0.00599852901197785,"mass_civil_protest"
"Cote d'Ivoire",2023-07-01,2,0.0871517012664587,0.0101051007239231,"mass_civil_protest"
"Cote d'Ivoire",2023-10-01,1,0.0454304973355073,0.00424819146133661,"mass_civil_protest"
"Cote d'Ivoire",2024-01-01,1,0.048340078363665,0.00384099794347371,"mass_civil_protest"
"Cote d'Ivoire",2024-04-01,1,0.0530306124290437,0.00409060306617857,"mass_civil_protest"
"Cote d'Ivoire",2024-07-01,1,0.0592714407598029,0.00471744208750069,"mass_civil_protest"
"Cote d'Ivoire",2024-10-01,2,0.135299848790483,0.011428818531336,"mass_civil_protest"
"Cote d'Ivoire",1990-01-01,42,107.031047355456,0.363818213254687,"political_violence"
"Cote d'Ivoire",1990-04-01,21,48.5607737043091,0.193773343811582,"political_violence"
"Cote d'Ivoire",1990-07-01,27,57.3423691606146,0.267163834001533,"political_violence"
"Cote d'Ivoire",1990-10-01,23,44.712666695018,0.239774981027257,"political_violence"
"Cote d'Ivoire",1991-01-01,17,30.3516283943913,0.186462170650827,"political_violence"
"Cote d'Ivoire",1991-04-01,76,125.720730982458,0.863385351716548,"political_violence"
"Cote d'Ivoire",1991-07-01,34,53.1520572085446,0.400052474263428,"political_violence"
"Cote d'Ivoire",1991-10-01,26,39.5445851938941,0.312645417154531,"political_violence"
"Cote d'Ivoire",1992-01-01,53,80.7987540436998,0.635916707982323,"political_violence"
"Cote d'Ivoire",1992-04-01,11,17.0643284061504,0.132653394537127,"political_violence"
"Cote d'Ivoire",1992-07-01,18,28.1486742993911,0.21314912800808,"political_violence"
"Cote d'Ivoire",1992-10-01,24,36.8497106219316,0.265845902355559,"political_violence"
"Cote d'Ivoire",1993-01-01,35,51.62759818688,0.345418434489577,"political_violence"
"Cote d'Ivoire",1993-04-01,54,75.3171500891308,0.456546258352834,"political_violence"
"Cote d'Ivoire",1993-07-01,23,29.8934669573955,0.165360491583225,"political_violence"
"Cote d'Ivoire",1993-10-01,71,85.893999813585,0.439945082357263,"political_violence"
"Cote d'Ivoire",1994-01-01,20,22.5694171152764,0.113009136297656,"political_violence"
"Cote d'Ivoire",1994-04-01,33,35.06533071238,0.17633180968794,"political_violence"
"Cote d'Ivoire",1994-07-01,43,43.8123547990543,0.220089541285267,"political_violence"
"Cote d'Ivoire",1994-10-01,26,26.1596689898496,0.125709577640673,"political_violence"
"Cote d'Ivoire",1995-01-01,24,23.9002777981428,0.107997238223508,"political_violence"
"Cote d'Ivoire",1995-04-01,43,42.108473852571,0.17989645115287,"political_violence"
"Cote d'Ivoire",1995-07-01,21,20.0125647964563,0.0828258479867335,"political_violence"
"Cote d'Ivoire",1995-10-01,246,224.379967502921,0.930405501891709,"political_violence"
"Cote d'Ivoire",1996-01-01,68,58.5418843687945,0.25634992784042,"political_violence"
"Cote d'Ivoire",1996-04-01,64,51.1707548683383,0.245441822128058,"political_violence"
"Cote d'Ivoire",1996-07-01,42,30.8491800291755,0.164657029534338,"political_violence"
"Cote d'Ivoire",1996-10-01,58,39.1882977629408,0.228661125941519,"political_violence"
"Cote d'Ivoire",1997-01-01,40,25.6094913754975,0.154622266656639,"political_violence"
"Cote d'Ivoire",1997-04-01,10,6.17897431706273,0.0365282964778499,"political_violence"
"Cote d'Ivoire",1997-07-01,22,13.2264839480143,0.0728890845262739,"political_violence"
"Cote d'Ivoire",1997-10-01,28,15.9497534430694,0.0825703148725275,"political_violence"
"Cote d'Ivoire",1998-01-01,26,13.5850489582424,0.0678651627029422,"political_violence"
"Cote d'Ivoire",1998-04-01,25,11.8042849747501,0.0575952047598449,"political_violence"
"Cote d'Ivoire",1998-07-01,32,13.8274136314532,0.0656464227119941,"political_violence"
"Cote d'Ivoire",1998-10-01,25,10.0751119493115,0.0456458138153965,"political_violence"
"Cote d'Ivoire",1999-01-01,65,24.661992049349,0.10490318676468,"political_violence"
"Cote d'Ivoire",1999-04-01,55,19.699580172064,0.0787390485994969,"political_violence"
"Cote d'Ivoire",1999-07-01,56,18.8810963275178,0.0727475498132755,"political_violence"
"Cote d'Ivoire",1999-10-01,235,74.2756159814634,0.288197919015168,"political_violence"
"Cote d'Ivoire",2000-01-01,144,42.8653719375823,0.176974390568615,"political_violence"
"Cote d'Ivoire",2000-04-01,46,13.2710320239535,0.0598625078397875,"political_violence"
"Cote d'Ivoire",2000-07-01,187,53.6652098707446,0.265609067992606,"political_violence"
"Cote d'Ivoire",2000-10-01,251,72.8541601633434,0.403629627931564,"political_violence"
"Cote d'Ivoire",2001-01-01,153,45.0028773089249,0.28640720378632,"political_violence"
"Cote d'Ivoire",2001-04-01,127,37.6900586045028,0.26495313066174,"political_violence"
"Cote d'Ivoire",2001-07-01,89,26.2967921148282,0.185664287761955,"political_violence"
"Cote d'Ivoire",2001-10-01,169,48.5894231856525,0.30722443105725,"political_violence"
"Cote d'Ivoire",2002-01-01,24,6.5868178293312,0.0342335459382757,"political_violence"
"Cote d'Ivoire",2002-04-01,106,27.8060870251796,0.114341347036877,"political_violence"
"Cote d'Ivoire",2002-07-01,1489,376.207935325656,1.25890503247168,"political_violence"
"Cote d'Ivoire",2002-10-01,4330,1071.46413165281,3.19232361775173,"political_violence"
"Cote d'Ivoire",2003-01-01,2916,728.718263910839,2.17689502953809,"political_violence"
"Cote d'Ivoire",2003-04-01,663,171.202241602838,0.57168649881108,"political_violence"
"Cote d'Ivoire",2003-07-01,687,185.566205288822,0.729020965548631,"political_violence"
"Cote d'Ivoire",2003-10-01,718,202.978044759472,0.944713796551035,"political_violence"
"Cote d'Ivoire",2004-01-01,701,204.148207098135,1.09760482661598,"political_violence"
"Cote d'Ivoire",2004-04-01,331,97.8174310716011,0.570637721959183,"political_violence"
"Cote d'Ivoire",2004-07-01,177,52.6378208162457,0.310864995612239,"political_violence"
"Cote d'Ivoire",2004-10-01,1930,579.838794325126,3.32055033246158,"political_violence"
"Cote d'Ivoire",2005-01-01,451,137.873206433216,0.79352274908799,"political_violence"
"Cote d'Ivoire",2005-04-01,611,189.628293763324,1.09503434386163,"political_violence"
"Cote d'Ivoire",2005-07-01,403,125.162311975189,0.717228682817189,"political_violence"
"Cote d'Ivoire",2005-10-01,341,103.639907195086,0.584725054010487,"political_violence"
"Cote d'Ivoire",2006-01-01,280,81.7972009635603,0.454129738501824,"political_violence"
"Cote d'Ivoire",2006-04-01,132,37.3251099462976,0.207083658545544,"political_violence"
"Cote d'Ivoire",2006-07-01,215,60.0245827030889,0.339711601025309,"political_violence"
"Cote d'Ivoire",2006-10-01,107,29.9083936756679,0.175567851266547,"political_violence"
"Cote d'Ivoire",2007-01-01,102,28.9325974344506,0.177019844903393,"political_violence"
"Cote d'Ivoire",2007-04-01,72,20.9303544747653,0.131744858911589,"political_violence"
"Cote d'Ivoire",2007-07-01,80,23.9448816713473,0.151803358519758,"political_violence"
"Cote d'Ivoire",2007-10-01,62,19.0904269446248,0.119864860105937,"political_violence"
"Cote d'Ivoire",2008-01-01,33,10.4929516490229,0.0658093451582722,"political_violence"
"Cote d'Ivoire",2008-04-01,73,24.2221843446531,0.156198662891566,"political_violence"
"Cote d'Ivoire",2008-07-01,35,12.1202301905419,0.0838971908883188,"political_violence"
"Cote d'Ivoire",2008-10-01,43,15.4441015378134,0.120045558757958,"political_violence"
"Cote d'Ivoire",2009-01-01,38,14.0157559754339,0.123991036676793,"political_violence"
"Cote d'Ivoire",2009-04-01,42,15.5701702341169,0.149441324500393,"political_violence"
"Cote d'Ivoire",2009-07-01,38,13.7720002004104,0.1256991302055,"political_violence"
"Cote d'Ivoire",2009-10-01,92,31.9175700052633,0.240680699967315,"political_violence"
"Cote d'Ivoire",2010-01-01,312,103.157436503388,0.594145339616583,"political_violence"
"Cote d'Ivoire",2010-04-01,48,15.35617097701,0.0665127553090497,"political_violence"
"Cote d'Ivoire",2010-07-01,79,24.6866650340223,0.0826536839476173,"political_violence"
"Cote d'Ivoire",2010-10-01,1890,578.799712619521,1.60106412048163,"political_violence"
"Cote d'Ivoire",2011-01-01,2296,695.961688000981,1.79382176510111,"political_violence"
"Cote d'Ivoire",2011-04-01,1670,506.750959647009,1.38213655170306,"political_violence"
"Cote d'Ivoire",2011-07-01,297,90.0318932301977,0.292618420324019,"political_violence"
"Cote d'Ivoire",2011-10-01,246,73.1886270751719,0.304662015608849,"political_violence"
"Cote d'Ivoire",2012-01-01,186,53.8444795201259,0.294575419669367,"political_violence"
"Cote d'Ivoire",2012-04-01,342,97.7564774318847,0.685464975877502,"political_violence"
"Cote d'Ivoire",2012-07-01,255,72.553378993081,0.628519536030174,"political_violence"
"Cote d'Ivoire",2012-10-01,180,51.2212237176432,0.52972876043958,"political_violence"
"Cote d'Ivoire",2013-01-01,156,45.2091347410683,0.536209416999419,"political_violence"
"Cote d'Ivoire",2013-04-01,73,22.3250179442999,0.291538914921214,"political_violence"
"Cote d'Ivoire",2013-07-01,72,23.216067405657,0.321755148866353,"political_violence"
"Cote d'Ivoire",2013-10-01,63,20.8894225659733,0.298286144578031,"political_violence"
"Cote d'Ivoire",2014-01-01,47,15.5652064930422,0.224597010283459,"political_violence"
"Cote d'Ivoire",2014-04-01,40,12.9175681071498,0.188333008152569,"political_violence"
"Cote d'Ivoire",2014-07-01,28,8.79688224138294,0.130594468097765,"political_violence"
"Cote d'Ivoire",2014-10-01,57,17.3565731193993,0.262809120504449,"political_violence"
"Cote d'Ivoire",2015-01-01,53,15.8591704660178,0.243030537432102,"political_violence"
"Cote d'Ivoire",2015-04-01,36,10.9745241508195,0.163612645194687,"political_violence"
"Cote d'Ivoire",2015-07-01,57,17.9775994766987,0.251225617302489,"political_violence"
"Cote d'Ivoire",2015-10-01,70,22.8938628319007,0.293886581636861,"political_violence"
"Cote d'Ivoire",2016-01-01,239,80.343456476435,0.961068398273982,"political_violence"
"Cote d'Ivoire",2016-04-01,59,20.271769841991,0.234309511386379,"political_violence"
"Cote d'Ivoire",2016-07-01,28,9.80838987834187,0.110141694100386,"political_violence"
"Cote d'Ivoire",2016-10-01,53,18.894032719741,0.20383941221352,"political_violence"
"Cote d'Ivoire",2017-01-01,149,54.1002833888387,0.560492028332792,"political_violence"
"Cote d'Ivoire",2017-04-01,253,94.7612085182577,0.981886556411256,"political_violence"
"Cote d'Ivoire",2017-07-01,55,21.2401016438415,0.232583276302171,"political_violence"
"Cote d'Ivoire",2017-10-01,59,23.2812715345639,0.280191300459026,"political_violence"
"Cote d'Ivoire",2018-01-01,20,7.99885771119597,0.109338188970856,"political_violence"
"Cote d'Ivoire",2018-04-01,8,3.22680572946964,0.0503696581546595,"political_violence"
"Cote d'Ivoire",2018-07-01,47,19.0792250744294,0.330971373659504,"political_violence"
"Cote d'Ivoire",2018-10-01,17,6.94003687540177,0.128406424604349,"political_violence"
"Cote d'Ivoire",2019-01-01,29,11.9869397093289,0.220005552428902,"political_violence"
"Cote d'Ivoire",2019-04-01,15,6.33660010871527,0.108407656300689,"political_violence"
"Cote d'Ivoire",2019-07-01,11,4.73758323208651,0.0719621628749736,"political_violence"
"Cote d'Ivoire",2019-10-01,102,44.4863646908008,0.586330253716769,"political_violence"
"Cote d'Ivoire",2020-01-01,46,20.0556670126109,0.229918718099536,"political_violence"
"Cote d'Ivoire",2020-04-01,66,28.3059267333914,0.288119090431877,"political_violence"
"Cote d'Ivoire",2020-07-01,318,131.987453803129,1.25319240658468,"political_violence"
"Cote d'Ivoire",2020-10-01,379,150.388226372288,1.43675809010174,"political_violence"
"Cote d'Ivoire",2021-01-01,72,27.0780120644854,0.282260483283666,"political_violence"
"Cote d'Ivoire",2021-04-01,122,43.4631375349651,0.514418093098878,"political_violence"
"Cote d'Ivoire",2021-07-01,97,32.8303216931189,0.452348328136753,"political_violence"
"Cote d'Ivoire",2021-10-01,24,7.73656704114543,0.126243571974421,"political_violence"
"Cote d'Ivoire",2022-01-01,21,6.54635561316567,0.122998939645895,"political_violence"
"Cote d'Ivoire",2022-04-01,18,5.60340293377474,0.115270376389681,"political_violence"
"Cote d'Ivoire",2022-07-01,72,22.6782656619189,0.489648477806973,"political_violence"
"Cote d'Ivoire",2022-10-01,28,8.91116911435844,0.195043121849965,"political_violence"
"Cote d'Ivoire",2023-01-01,28,9.01163082333,0.187733974754765,"political_violence"
"Cote d'Ivoire",2023-04-01,12,3.89643203391285,0.0719823481437342,"political_violence"
"Cote d'Ivoire",2023-07-01,11,3.61129128458331,0.0555780539815773,"political_violence"
"Cote d'Ivoire",2023-10-01,26,8.89907363022362,0.110452977994752,"political_violence"
"Cote d'Ivoire",2024-01-01,11,4.00612038902247,0.0422509773782109,"political_violence"
"Cote d'Ivoire",2024-04-01,20,7.99062223260977,0.0818120613235714,"political_violence"
"Cote d'Ivoire",2024-07-01,47,20.987818656259,0.221719778112533,"political_violence"
"Cote d'Ivoire",2024-10-01,27,13.7611598838478,0.154289050173036,"political_violence"
"Democratic Republic of the Congo",1990-04-01,10,1.70249017705413,0.173472251465796,"instability_of_regime"
"Democratic Republic of the Congo",1990-07-01,1,0.1563616267584,0.0132775780566825,"instability_of_regime"
"Democratic Republic of the Congo",1990-10-01,0,0,0,"instability_of_regime"
"Democratic Republic of the Congo",1991-01-01,4,0.525788857429533,0.0321767156531877,"instability_of_regime"
"Democratic Republic of the Congo",1991-04-01,6,0.730739977591297,0.0385093179215235,"instability_of_regime"
"Democratic Republic of the Congo",1991-07-01,40,4.60383197016114,0.217015093811918,"instability_of_regime"
"Democratic Republic of the Congo",1991-10-01,83,9.29415863147963,0.424975341345671,"instability_of_regime"
"Democratic Republic of the Congo",1992-01-01,13,1.4591181458227,0.0694858938711683,"instability_of_regime"
"Democratic Republic of the Congo",1992-04-01,10,1.14212812811786,0.0583227947528538,"instability_of_regime"
"Democratic Republic of the Congo",1992-07-01,23,2.64808297301925,0.14437969022671,"instability_of_regime"
"Democratic Republic of the Congo",1992-10-01,25,2.8260585848694,0.163769715492621,"instability_of_regime"
"Democratic Republic of the Congo",1993-01-01,39,4.23542305139203,0.263299956478058,"instability_of_regime"
"Democratic Republic of the Congo",1993-04-01,13,1.33494011217812,0.09269575125575,"instability_of_regime"
"Democratic Republic of the Congo",1993-07-01,8,0.765520365790457,0.0579483016865357,"instability_of_regime"
"Democratic Republic of the Congo",1993-10-01,3,0.26720467046213,0.0201672201236271,"instability_of_regime"
"Democratic Republic of the Congo",1994-01-01,9,0.747740955693228,0.051888146295837,"instability_of_regime"
"Democratic Republic of the Congo",1994-04-01,8,0.625852942272718,0.0386548929792633,"instability_of_regime"
"Democratic Republic of the Congo",1994-07-01,121,9.07678027989413,0.512355690806775,"instability_of_regime"
"Democratic Republic of the Congo",1994-10-01,24,1.77782271184735,0.0993596692662626,"instability_of_regime"
"Democratic Republic of the Congo",1995-01-01,13,0.953132704120688,0.0546277514232195,"instability_of_regime"
"Democratic Republic of the Congo",1995-04-01,13,0.937265670185294,0.0547002338505877,"instability_of_regime"
"Democratic Republic of the Congo",1995-07-01,7,0.491133782870968,0.0288284854780852,"instability_of_regime"
"Democratic Republic of the Congo",1995-10-01,3,0.201459865816743,0.0111485858661174,"instability_of_regime"
"Democratic Republic of the Congo",1996-01-01,1,0.0633834824570078,0.0029756828981909,"instability_of_regime"
"Democratic Republic of the Congo",1996-04-01,1,0.0588654084316665,0.00221107797502783,"instability_of_regime"
"Democratic Republic of the Congo",1996-07-01,5,0.27038503489281,0.00816623805716938,"instability_of_regime"
"Democratic Republic of the Congo",1996-10-01,19,0.945149085827733,0.0244181526158272,"instability_of_regime"
"Democratic Republic of the Congo",1997-01-01,4,0.188546843014495,0.00463304167991383,"instability_of_regime"
"Democratic Republic of the Congo",1997-04-01,44,2.00164648616323,0.0511790954727263,"instability_of_regime"
"Democratic Republic of the Congo",1997-07-01,7,0.309840425462548,0.0091235280455307,"instability_of_regime"
"Democratic Republic of the Congo",1997-10-01,9,0.377447683222863,0.0134027367576905,"instability_of_regime"
"Democratic Republic of the Congo",1998-01-01,2,0.0769371629182719,0.00322970323932722,"instability_of_regime"
"Democratic Republic of the Congo",1998-04-01,9,0.312867533378006,0.0143863820796909,"instability_of_regime"
"Democratic Republic of the Congo",1998-07-01,11,0.349946757037189,0.0164793723372626,"instability_of_regime"
"Democratic Republic of the Congo",1998-10-01,4,0.118682906939905,0.00578202736990826,"instability_of_regime"
"Democratic Republic of the Congo",1999-01-01,11,0.307273985780161,0.0157648914989402,"instability_of_regime"
"Democratic Republic of the Congo",1999-04-01,11,0.290071645367182,0.0157243538759038,"instability_of_regime"
"Democratic Republic of the Congo",1999-07-01,10,0.248231843658513,0.0139682685270012,"instability_of_regime"
"Democratic Republic of the Congo",1999-10-01,3,0.069810052814667,0.00398099491232886,"instability_of_regime"
"Democratic Republic of the Congo",2000-01-01,15,0.328740851185209,0.0183635580491419,"instability_of_regime"
"Democratic Republic of the Congo",2000-04-01,14,0.297367302390475,0.0159711349833518,"instability_of_regime"
"Democratic Republic of the Congo",2000-07-01,5,0.10564271205353,0.00542390746469487,"instability_of_regime"
"Democratic Republic of the Congo",2000-10-01,9,0.192327530857521,0.00918749705265978,"instability_of_regime"
"Democratic Republic of the Congo",2001-01-01,115,2.49037646385434,0.10956483950058,"instability_of_regime"
"Democratic Republic of the Congo",2001-04-01,30,0.655484850012872,0.027517578905358,"instability_of_regime"
"Democratic Republic of the Congo",2001-07-01,61,1.32696941628198,0.0546119678720202,"instability_of_regime"
"Democratic Republic of the Congo",2001-10-01,60,1.27006106126621,0.0523868402454663,"instability_of_regime"
"Democratic Republic of the Congo",2002-01-01,95,1.91958049291706,0.0804866240655755,"instability_of_regime"
"Democratic Republic of the Congo",2002-04-01,95,1.83474591579717,0.0796935121017945,"instability_of_regime"
"Democratic Republic of the Congo",2002-07-01,45,0.837074437760971,0.0379572095598183,"instability_of_regime"
"Democratic Republic of the Congo",2002-10-01,43,0.783387267005401,0.0370616350461013,"instability_of_regime"
"Democratic Republic of the Congo",2003-01-01,26,0.478369844406922,0.0232779384704536,"instability_of_regime"
"Democratic Republic of the Congo",2003-04-01,68,1.29277558926811,0.0639118649887502,"instability_of_regime"
"Democratic Republic of the Congo",2003-07-01,88,1.75002049082837,0.0901440869573153,"instability_of_regime"
"Democratic Republic of the Congo",2003-10-01,42,0.874162602124144,0.0468649568263995,"instability_of_regime"
"Democratic Republic of the Congo",2004-01-01,12,0.257292490128251,0.0140897889212415,"instability_of_regime"
"Democratic Republic of the Congo",2004-04-01,11,0.239331165809984,0.0131808268512901,"instability_of_regime"
"Democratic Republic of the Congo",2004-07-01,0,0,0,"instability_of_regime"
"Democratic Republic of the Congo",2004-10-01,6,0.132714850427756,0.00786640875014304,"instability_of_regime"
"Democratic Republic of the Congo",2005-01-01,16,0.360115345760025,0.0229046071158895,"instability_of_regime"
"Democratic Republic of the Congo",2005-04-01,17,0.388444664413049,0.0268608499778026,"instability_of_regime"
"Democratic Republic of the Congo",2005-07-01,13,0.297255702549055,0.022113433345136,"instability_of_regime"
"Democratic Republic of the Congo",2005-10-01,48,1.07406900911489,0.0834151111649555,"instability_of_regime"
"Democratic Republic of the Congo",2006-01-01,33,0.709761868081813,0.0551930164402536,"instability_of_regime"
"Democratic Republic of the Congo",2006-04-01,15,0.312274653740499,0.0231777636815949,"instability_of_regime"
"Democratic Republic of the Congo",2006-07-01,19,0.390537374680207,0.0272459725977863,"instability_of_regime"
"Democratic Republic of the Congo",2006-10-01,25,0.514478975134944,0.0352845495072683,"instability_of_regime"
"Democratic Republic of the Congo",2007-01-01,14,0.292370533493289,0.0204186323404582,"instability_of_regime"
"Democratic Republic of the Congo",2007-04-01,5,0.107011980916463,0.00763919594777585,"instability_of_regime"
"Democratic Republic of the Congo",2007-07-01,1,0.0220364189359094,0.00157536632571322,"instability_of_regime"
"Democratic Republic of the Congo",2007-10-01,0,0,0,"instability_of_regime"
"Democratic Republic of the Congo",2008-01-01,4,0.0936401358443178,0.00625210489263157,"instability_of_regime"
"Democratic Republic of the Congo",2008-04-01,3,0.0732875176158545,0.00445994234488204,"instability_of_regime"
"Democratic Republic of the Congo",2008-07-01,3,0.0764860777211272,0.00422517003937926,"instability_of_regime"
"Democratic Republic of the Congo",2008-10-01,9,0.237987975203788,0.0123936968482965,"instability_of_regime"
"Democratic Republic of the Congo",2009-01-01,5,0.13577544885103,0.00745768994543392,"instability_of_regime"
"Democratic Republic of the Congo",2009-04-01,1,0.0272936980370768,0.00171794002693775,"instability_of_regime"
"Democratic Republic of the Congo",2009-07-01,1,0.0266828205637236,0.00197588066184922,"instability_of_regime"
"Democratic Republic of the Congo",2009-10-01,4,0.102169271217331,0.00882282481127184,"instability_of_regime"
"Democratic Republic of the Congo",2010-01-01,3,0.0730273453824869,0.0071365997908691,"instability_of_regime"
"Democratic Republic of the Congo",2010-04-01,5,0.117768737088733,0.0123475050191631,"instability_of_regime"
"Democratic Republic of the Congo",2010-07-01,3,0.0690199912104515,0.00757788588893495,"instability_of_regime"
"Democratic Republic of the Congo",2010-10-01,4,0.0901871796741116,0.0103754902393797,"instability_of_regime"
"Democratic Republic of the Congo",2011-01-01,0,0,0,"instability_of_regime"
"Democratic Republic of the Congo",2011-04-01,2,0.044681363361539,0.00502658319088815,"instability_of_regime"
"Democratic Republic of the Congo",2011-07-01,2,0.0446363054743295,0.00460383721980689,"instability_of_regime"
"Democratic Republic of the Congo",2011-10-01,26,0.569508425080743,0.0537049580620874,"instability_of_regime"
"Democratic Republic of the Congo",2012-01-01,14,0.298383350783773,0.0265899323257876,"instability_of_regime"
"Democratic Republic of the Congo",2012-04-01,6,0.126266749360969,0.0104788086650408,"instability_of_regime"
"Democratic Republic of the Congo",2012-07-01,8,0.167581379809255,0.0129244666649247,"instability_of_regime"
"Democratic Republic of the Congo",2012-10-01,18,0.377110184880163,0.0278985681568772,"instability_of_regime"
"Democratic Republic of the Congo",2013-01-01,12,0.256036071394305,0.0190987064005197,"instability_of_regime"
"Democratic Republic of the Congo",2013-04-01,6,0.135094764583304,0.0101917161541894,"instability_of_regime"
"Democratic Republic of the Congo",2013-07-01,16,0.379834539760299,0.029313161958164,"instability_of_regime"
"Democratic Republic of the Congo",2013-10-01,5,0.122060235075932,0.00996546832564677,"instability_of_regime"
"Democratic Republic of the Congo",2014-01-01,2,0.048764675234362,0.00436674762020594,"instability_of_regime"
"Democratic Republic of the Congo",2014-04-01,6,0.142656094784341,0.0139708837339657,"instability_of_regime"
"Democratic Republic of the Congo",2014-07-01,3,0.0693921452233507,0.00718532856097002,"instability_of_regime"
"Democratic Republic of the Congo",2014-10-01,6,0.134511274878511,0.0143153592331751,"instability_of_regime"
"Democratic Republic of the Congo",2015-01-01,51,1.12355176341483,0.121394984483818,"instability_of_regime"
"Democratic Republic of the Congo",2015-04-01,6,0.134664387504074,0.0145569061125947,"instability_of_regime"
"Democratic Republic of the Congo",2015-07-01,6,0.13932415161857,0.014573836413356,"instability_of_regime"
"Democratic Republic of the Congo",2015-10-01,8,0.192632399920812,0.0186893728957886,"instability_of_regime"
"Democratic Republic of the Congo",2016-01-01,13,0.321746828720509,0.0279066347055487,"instability_of_regime"
"Democratic Republic of the Congo",2016-04-01,12,0.303556273765033,0.0233937359065105,"instability_of_regime"
"Democratic Republic of the Congo",2016-07-01,17,0.438436722423316,0.0308687110441714,"instability_of_regime"
"Democratic Republic of the Congo",2016-10-01,46,1.20732706692544,0.0804842322733795,"instability_of_regime"
"Democratic Republic of the Congo",2017-01-01,14,0.374248112994344,0.024281711102855,"instability_of_regime"
"Democratic Republic of the Congo",2017-04-01,6,0.165454899418392,0.0103826820976494,"instability_of_regime"
"Democratic Republic of the Congo",2017-07-01,4,0.113729257684799,0.00685596280826323,"instability_of_regime"
"Democratic Republic of the Congo",2017-10-01,22,0.639139527504868,0.0366022327115478,"instability_of_regime"
"Democratic Republic of the Congo",2018-01-01,16,0.471125129993363,0.0254268959232409,"instability_of_regime"
"Democratic Republic of the Congo",2018-04-01,3,0.0890886543379415,0.00452880526224099,"instability_of_regime"
"Democratic Republic of the Congo",2018-07-01,5,0.149434608351283,0.00722604470486268,"instability_of_regime"
"Democratic Republic of the Congo",2018-10-01,18,0.541007983268463,0.0253940086004588,"instability_of_regime"
"Democratic Republic of the Congo",2019-01-01,38,1.15641104665263,0.0546823955589305,"instability_of_regime"
"Democratic Republic of the Congo",2019-04-01,11,0.34211808980461,0.0168563522817094,"instability_of_regime"
"Democratic Republic of the Congo",2019-07-01,9,0.285380956454388,0.0150592160152281,"instability_of_regime"
"Democratic Republic of the Congo",2019-10-01,7,0.224772459633012,0.0130420136035691,"instability_of_regime"
"Democratic Republic of the Congo",2020-01-01,2,0.0641988999199506,0.00412822650657777,"instability_of_regime"
"Democratic Republic of the Congo",2020-04-01,1,0.0315756103855783,0.00220685481367961,"instability_of_regime"
"Democratic Republic of the Congo",2020-07-01,4,0.122231694988839,0.00911499855911112,"instability_of_regime"
"Democratic Republic of the Congo",2020-10-01,10,0.292141287837629,0.0222774179783786,"instability_of_regime"
"Democratic Republic of the Congo",2021-01-01,18,0.498396631058428,0.0371365003454146,"instability_of_regime"
"Democratic Republic of the Congo",2021-04-01,10,0.262288684798896,0.0189641928589374,"instability_of_regime"
"Democratic Republic of the Congo",2021-07-01,2,0.0498369793507342,0.00352124202556118,"instability_of_regime"
"Democratic Republic of the Congo",2021-10-01,3,0.0711994466226306,0.0048999938141326,"instability_of_regime"
"Democratic Republic of the Congo",2022-01-01,0,0,0,"instability_of_regime"
"Democratic Republic of the Congo",2022-04-01,4,0.091676421215215,0.00582698514415666,"instability_of_regime"
"Democratic Republic of the Congo",2022-07-01,3,0.0695691838900582,0.0042015791874826,"instability_of_regime"
"Democratic Republic of the Congo",2022-10-01,1,0.0234312234844765,0.00136826416974576,"instability_of_regime"
"Democratic Republic of the Congo",2023-01-01,2,0.0473907594101909,0.00273666600361779,"instability_of_regime"
"Democratic Republic of the Congo",2023-04-01,1,0.0239058489501318,0.00138625260278514,"instability_of_regime"
"Democratic Republic of the Congo",2023-07-01,4,0.0966825592377347,0.00561724637440054,"instability_of_regime"
"Democratic Republic of the Congo",2023-10-01,31,0.781180615331497,0.0436048384731822,"instability_of_regime"
"Democratic Republic of the Congo",2024-01-01,9,0.241319342011252,0.0127313473118046,"instability_of_regime"
"Democratic Republic of the Congo",2024-04-01,17,0.500055072375731,0.0242790233069594,"instability_of_regime"
"Democratic Republic of the Congo",2024-07-01,5,0.164383325256181,0.00723579381282498,"instability_of_regime"
"Democratic Republic of the Congo",2024-10-01,13,0.487812518060101,0.0193944203918536,"instability_of_regime"
"Democratic Republic of the Congo",1990-04-01,19,16.1989499765648,0.329597277785012,"instability_within_regime"
"Democratic Republic of the Congo",1990-07-01,12,9.39636924380974,0.15933093668019,"instability_within_regime"
"Democratic Republic of the Congo",1990-10-01,7,5.01727304866622,0.0719386656787026,"instability_within_regime"
"Democratic Republic of the Congo",1991-01-01,12,7.89916674428453,0.0965301469595632,"instability_within_regime"
"Democratic Republic of the Congo",1991-04-01,27,16.4673618929305,0.173291930646856,"instability_within_regime"
"Democratic Republic of the Congo",1991-07-01,120,69.1654756107962,0.651045281435753,"instability_within_regime"
"Democratic Republic of the Congo",1991-10-01,98,54.9549367703428,0.501778113878022,"instability_within_regime"
"Democratic Republic of the Congo",1992-01-01,84,47.2144614964814,0.448985775782933,"instability_within_regime"
"Democratic Republic of the Congo",1992-04-01,23,13.155013918405,0.134142427931564,"instability_within_regime"
"Democratic Republic of the Congo",1992-07-01,59,34.0176581850374,0.37036529232069,"instability_within_regime"
"Democratic Republic of the Congo",1992-10-01,52,29.4369726333879,0.340641008224651,"instability_within_regime"
"Democratic Republic of the Congo",1993-01-01,127,69.0692210890063,0.857412678787522,"instability_within_regime"
"Democratic Republic of the Congo",1993-04-01,46,23.6551066700097,0.328000350597269,"instability_within_regime"
"Democratic Republic of the Congo",1993-07-01,26,12.4591598717225,0.188331980481241,"instability_within_regime"
"Democratic Republic of the Congo",1993-10-01,17,7.58263864733367,0.114280914033887,"instability_within_regime"
"Democratic Republic of the Congo",1994-01-01,25,10.401532166753,0.144133739710658,"instability_within_regime"
"Democratic Republic of the Congo",1994-04-01,35,13.7119431553104,0.169115156784277,"instability_within_regime"
"Democratic Republic of the Congo",1994-07-01,39,14.6507449490496,0.165139437532762,"instability_within_regime"
"Democratic Republic of the Congo",1994-10-01,26,9.64493277180319,0.107639641705118,"instability_within_regime"
"Democratic Republic of the Congo",1995-01-01,20,7.34325590663857,0.0840426944972608,"instability_within_regime"
"Democratic Republic of the Congo",1995-04-01,30,10.8315163863157,0.126231308885972,"instability_within_regime"
"Democratic Republic of the Congo",1995-07-01,12,4.21630153824241,0.0494202608195746,"instability_within_regime"
"Democratic Republic of the Congo",1995-10-01,7,2.35404073732231,0.0260133670209405,"instability_within_regime"
"Democratic Republic of the Congo",1996-01-01,7,2.22189118173358,0.0208297802873363,"instability_within_regime"
"Democratic Republic of the Congo",1996-04-01,9,2.65308594943626,0.0198997017752505,"instability_within_regime"
"Democratic Republic of the Congo",1996-07-01,8,2.16646302849301,0.013065980891471,"instability_within_regime"
"Democratic Republic of the Congo",1996-10-01,42,10.4627212899476,0.0539769689402497,"instability_within_regime"
"Democratic Republic of the Congo",1997-01-01,34,8.02577239500621,0.0393808542792676,"instability_within_regime"
"Democratic Republic of the Congo",1997-04-01,95,21.6424765597754,0.110500319770659,"instability_within_regime"
"Democratic Republic of the Congo",1997-07-01,36,7.97978498761084,0.046921001377015,"instability_within_regime"
"Democratic Republic of the Congo",1997-10-01,32,6.7206748021132,0.0476541751384552,"instability_within_regime"
"Democratic Republic of the Congo",1998-01-01,7,1.34850592937725,0.0113039613376453,"instability_within_regime"
"Democratic Republic of the Congo",1998-04-01,18,3.13356813621342,0.0287727641593818,"instability_within_regime"
"Democratic Republic of the Congo",1998-07-01,69,10.9927671133246,0.103370608297375,"instability_within_regime"
"Democratic Republic of the Congo",1998-10-01,41,6.09201114241227,0.0592657805415597,"instability_within_regime"
"Democratic Republic of the Congo",1999-01-01,67,9.37252397286699,0.0960225209480906,"instability_within_regime"
"Democratic Republic of the Congo",1999-04-01,42,5.54639163444044,0.0600384420716329,"instability_within_regime"
"Democratic Republic of the Congo",1999-07-01,79,9.8204916942629,0.110349321363309,"instability_within_regime"
"Democratic Republic of the Congo",1999-10-01,37,4.31168559040788,0.0490989372520559,"instability_within_regime"
"Democratic Republic of the Congo",2000-01-01,188,20.6333105155824,0.230156594215912,"instability_within_regime"
"Democratic Republic of the Congo",2000-04-01,169,17.9763092426089,0.192794415156176,"instability_within_regime"
"Democratic Republic of the Congo",2000-07-01,68,7.19493870978368,0.0737651415198502,"instability_within_regime"
"Democratic Republic of the Congo",2000-10-01,107,11.4506824984375,0.109229131626066,"instability_within_regime"
"Democratic Republic of the Congo",2001-01-01,246,26.6778556617193,0.234373482757763,"instability_within_regime"
"Democratic Republic of the Congo",2001-04-01,228,24.9473775270234,0.209133599680721,"instability_within_regime"
"Democratic Republic of the Congo",2001-07-01,208,22.6591211749364,0.18621785766197,"instability_within_regime"
"Democratic Republic of the Congo",2001-10-01,198,20.9887797207271,0.172876572810039,"instability_within_regime"
"Democratic Republic of the Congo",2002-01-01,411,41.5884939050024,0.348210552536332,"instability_within_regime"
"Democratic Republic of the Congo",2002-04-01,508,49.132027372049,0.426150569975912,"instability_within_regime"
"Democratic Republic of the Congo",2002-07-01,314,29.250268879348,0.264856973372954,"instability_within_regime"
"Democratic Republic of the Congo",2002-10-01,437,39.8692566315915,0.376649639887122,"instability_within_regime"
"Democratic Republic of the Congo",2003-01-01,226,20.8232030673829,0.202339003627789,"instability_within_regime"
"Democratic Republic of the Congo",2003-04-01,265,25.2295063318784,0.249068297382629,"instability_within_regime"
"Democratic Republic of the Congo",2003-07-01,103,10.2576135893776,0.105509556325039,"instability_within_regime"
"Democratic Republic of the Congo",2003-10-01,50,5.2114861183273,0.0557916152695232,"instability_within_regime"
"Democratic Republic of the Congo",2004-01-01,42,4.50966003114451,0.0493142612243451,"instability_within_regime"
"Democratic Republic of the Congo",2004-04-01,15,1.6343553112654,0.0179738547972138,"instability_within_regime"
"Democratic Republic of the Congo",2004-07-01,3,0.328937093140256,0.00371754798576167,"instability_within_regime"
"Democratic Republic of the Congo",2004-10-01,93,10.3014858096582,0.121929335627217,"instability_within_regime"
"Democratic Republic of the Congo",2005-01-01,74,8.34069065590237,0.105933807910989,"instability_within_regime"
"Democratic Republic of the Congo",2005-04-01,74,8.46760532427476,0.116923699903376,"instability_within_regime"
"Democratic Republic of the Congo",2005-07-01,52,5.95441136226848,0.0884537333805441,"instability_within_regime"
"Democratic Republic of the Congo",2005-10-01,105,11.7660014063227,0.18247055567334,"instability_within_regime"
"Democratic Republic of the Congo",2006-01-01,102,10.9862010788406,0.170596596269875,"instability_within_regime"
"Democratic Republic of the Congo",2006-04-01,125,13.03179195019,0.193148030679958,"instability_within_regime"
"Democratic Republic of the Congo",2006-07-01,344,35.409198185281,0.493295503875711,"instability_within_regime"
"Democratic Republic of the Congo",2006-10-01,289,29.7833890135148,0.407889392304022,"instability_within_regime"
"Democratic Republic of the Congo",2007-01-01,91,9.5169021788528,0.132721110212978,"instability_within_regime"
"Democratic Republic of the Congo",2007-04-01,42,4.50153196109553,0.0641692459613172,"instability_within_regime"
"Democratic Republic of the Congo",2007-07-01,24,2.64850569063246,0.0378087918171172,"instability_within_regime"
"Democratic Republic of the Congo",2007-10-01,15,1.70287265365318,0.0238856213989901,"instability_within_regime"
"Democratic Republic of the Congo",2008-01-01,17,1.99296473308276,0.0265714457936842,"instability_within_regime"
"Democratic Republic of the Congo",2008-04-01,31,3.79244332397085,0.0460860708971144,"instability_within_regime"
"Democratic Republic of the Congo",2008-07-01,20,2.55352303495266,0.0281678002625284,"instability_within_regime"
"Democratic Republic of the Congo",2008-10-01,30,3.97266924145564,0.0413123228276549,"instability_within_regime"
"Democratic Republic of the Congo",2009-01-01,19,2.58376786383481,0.0283392217926489,"instability_within_regime"
"Democratic Republic of the Congo",2009-04-01,9,1.23013716713414,0.0154614602424397,"instability_within_regime"
"Democratic Republic of the Congo",2009-07-01,22,2.93970035625079,0.0434693745606829,"instability_within_regime"
"Democratic Republic of the Congo",2009-10-01,21,2.68613754674861,0.0463198302591772,"instability_within_regime"
"Democratic Republic of the Congo",2010-01-01,14,1.7066361607255,0.0333041323573892,"instability_within_regime"
"Democratic Republic of the Congo",2010-04-01,13,1.53338783797271,0.0321035130498242,"instability_within_regime"
"Democratic Republic of the Congo",2010-07-01,40,4.60852857616035,0.101038478519133,"instability_within_regime"
"Democratic Republic of the Congo",2010-10-01,12,1.3549232935923,0.0311264707181392,"instability_within_regime"
"Democratic Republic of the Congo",2011-01-01,30,3.35275380641656,0.0784792970009078,"instability_within_regime"
"Democratic Republic of the Congo",2011-04-01,40,4.47512386474216,0.100531663817763,"instability_within_regime"
"Democratic Republic of the Congo",2011-07-01,58,6.48238599293398,0.1335112793744,"instability_within_regime"
"Democratic Republic of the Congo",2011-10-01,382,41.9023921254823,0.789049768450669,"instability_within_regime"
"Democratic Republic of the Congo",2012-01-01,95,10.1395528870658,0.180431683639273,"instability_within_regime"
"Democratic Republic of the Congo",2012-04-01,22,2.31851056370776,0.0384222984384831,"instability_within_regime"
"Democratic Republic of the Congo",2012-07-01,34,3.56667338070141,0.0549289833259299,"instability_within_regime"
"Democratic Republic of the Congo",2012-10-01,112,11.7506645348353,0.173591090753903,"instability_within_regime"
"Democratic Republic of the Congo",2013-01-01,35,3.73969859854381,0.0557045603348492,"instability_within_regime"
"Democratic Republic of the Congo",2013-04-01,24,2.70612067092324,0.0407668646167576,"instability_within_regime"
"Democratic Republic of the Congo",2013-07-01,34,4.04205331038577,0.0622904691610984,"instability_within_regime"
"Democratic Republic of the Congo",2013-10-01,42,5.13454703545823,0.0837099339354329,"instability_within_regime"
"Democratic Republic of the Congo",2014-01-01,21,2.5641491525057,0.0458508500121623,"instability_within_regime"
"Democratic Republic of the Congo",2014-04-01,38,4.52450763869155,0.0884822636484496,"instability_within_regime"
"Democratic Republic of the Congo",2014-07-01,26,3.01169546821669,0.0622728475284068,"instability_within_regime"
"Democratic Republic of the Congo",2014-10-01,20,2.2453605224435,0.0477178641105837,"instability_within_regime"
"Democratic Republic of the Congo",2015-01-01,152,16.7693081783464,0.361804659638046,"instability_within_regime"
"Democratic Republic of the Congo",2015-04-01,51,5.73218679528635,0.123733701957055,"instability_within_regime"
"Democratic Republic of the Congo",2015-07-01,51,5.93053647645546,0.123877609513526,"instability_within_regime"
"Democratic Republic of the Congo",2015-10-01,67,8.07909657478483,0.156523498002229,"instability_within_regime"
"Democratic Republic of the Congo",2016-01-01,101,12.5181728794524,0.216813085020032,"instability_within_regime"
"Democratic Republic of the Congo",2016-04-01,166,21.0288103163158,0.323613346706728,"instability_within_regime"
"Democratic Republic of the Congo",2016-07-01,185,23.8934233448601,0.335924208421866,"instability_within_regime"
"Democratic Republic of the Congo",2016-10-01,232,30.4932517204682,0.405920475813566,"instability_within_regime"
"Democratic Republic of the Congo",2017-01-01,86,11.5127396427795,0.149159082488966,"instability_within_regime"
"Democratic Republic of the Congo",2017-04-01,71,9.80472413228791,0.122861738155518,"instability_within_regime"
"Democratic Republic of the Congo",2017-07-01,83,11.8178630815595,0.142261228271462,"instability_within_regime"
"Democratic Republic of the Congo",2017-10-01,131,19.0586853718698,0.217949658418762,"instability_within_regime"
"Democratic Republic of the Congo",2018-01-01,146,21.528699304688,0.232020425299574,"instability_within_regime"
"Democratic Republic of the Congo",2018-04-01,45,6.69209822246605,0.0679320789336149,"instability_within_regime"
"Democratic Republic of the Congo",2018-07-01,145,21.7019039040548,0.209555296441018,"instability_within_regime"
"Democratic Republic of the Congo",2018-10-01,330,49.6699539113143,0.465556824341745,"instability_within_regime"
"Democratic Republic of the Congo",2019-01-01,414,63.092483766587,0.595750309510454,"instability_within_regime"
"Democratic Republic of the Congo",2019-04-01,35,5.45129953693879,0.0536338481690753,"instability_within_regime"
"Democratic Republic of the Congo",2019-07-01,19,3.01706543363826,0.0317916782543705,"instability_within_regime"
"Democratic Republic of the Congo",2019-10-01,16,2.57284539123679,0.0298103168081579,"instability_within_regime"
"Democratic Republic of the Congo",2020-01-01,16,2.57197191408233,0.0330258120526222,"instability_within_regime"
"Democratic Republic of the Congo",2020-04-01,42,6.64124792964717,0.0926879021745437,"instability_within_regime"
"Democratic Republic of the Congo",2020-07-01,34,5.20297103760485,0.0774774877524445,"instability_within_regime"
"Democratic Republic of the Congo",2020-10-01,37,5.41306587094314,0.0824264465200008,"instability_within_regime"
"Democratic Republic of the Congo",2021-01-01,61,8.45826088747309,0.125851473392794,"instability_within_regime"
"Democratic Republic of the Congo",2021-04-01,33,4.33453130434124,0.0625818364344933,"instability_within_regime"
"Democratic Republic of the Congo",2021-07-01,22,2.74532045069848,0.038733662281173,"instability_within_regime"
"Democratic Republic of the Congo",2021-10-01,42,4.99175546886169,0.0685999133978564,"instability_within_regime"
"Democratic Republic of the Congo",2022-01-01,39,4.48241297144078,0.0599874522614843,"instability_within_regime"
"Democratic Republic of the Congo",2022-04-01,26,2.98414317745373,0.0378754034370183,"instability_within_regime"
"Democratic Republic of the Congo",2022-07-01,23,2.67098924027593,0.0322121071040333,"instability_within_regime"
"Democratic Republic of the Congo",2022-10-01,26,3.05082265532371,0.0355748684133897,"instability_within_regime"
"Democratic Republic of the Congo",2023-01-01,43,5.10247371908542,0.0588383190777824,"instability_within_regime"
"Democratic Republic of the Congo",2023-04-01,42,5.02807920125066,0.058222609316976,"instability_within_regime"
"Democratic Republic of the Congo",2023-07-01,52,6.29419420399821,0.073024202867207,"instability_within_regime"
"Democratic Republic of the Congo",2023-10-01,253,31.9270603932905,0.355871746248874,"instability_within_regime"
"Democratic Republic of the Congo",2024-01-01,86,11.5477327070514,0.121655096535022,"instability_within_regime"
"Democratic Republic of the Congo",2024-04-01,55,8.1017764115375,0.0785497812872217,"instability_within_regime"
"Democratic Republic of the Congo",2024-07-01,22,3.62208874180466,0.0318374927764299,"instability_within_regime"
"Democratic Republic of the Congo",2024-10-01,25,4.69784026281231,0.0372969622920262,"instability_within_regime"
"Democratic Republic of the Congo",1990-04-01,9,1.85506347137484,0.156125026319216,"mass_civil_protest"
"Democratic Republic of the Congo",1990-07-01,1,0.189304888694901,0.0132775780566825,"mass_civil_protest"
"Democratic Republic of the Congo",1990-10-01,3,0.519845097153493,0.030830856719444,"mass_civil_protest"
"Democratic Republic of the Congo",1991-01-01,6,0.954848096648203,0.0482650734797816,"mass_civil_protest"
"Democratic Republic of the Congo",1991-04-01,9,1.3270453850219,0.0577639768822853,"mass_civil_protest"
"Democratic Republic of the Congo",1991-07-01,59,8.22134993863495,0.320097263372579,"mass_civil_protest"
"Democratic Republic of the Congo",1991-10-01,58,7.86306075463011,0.296970720458421,"mass_civil_protest"
"Democratic Republic of the Congo",1992-01-01,64,8.69678491726603,0.342084400596521,"mass_civil_protest"
"Democratic Republic of the Congo",1992-04-01,18,2.48896610230933,0.104981030555137,"mass_civil_protest"
"Democratic Republic of the Congo",1992-07-01,7,0.975738501881777,0.0439416448516073,"mass_civil_protest"
"Democratic Republic of the Congo",1992-10-01,13,1.77916470179676,0.0851602520561628,"mass_civil_protest"
"Democratic Republic of the Congo",1993-01-01,68,8.94072528913109,0.459087103602768,"mass_civil_protest"
"Democratic Republic of the Congo",1993-04-01,19,2.36212937780418,0.135478405681481,"mass_civil_protest"
"Democratic Republic of the Congo",1993-07-01,2,0.231701266231321,0.0144870754216339,"mass_civil_protest"
"Democratic Republic of the Congo",1993-10-01,1,0.10783368325774,0.00672240670787569,"mass_civil_protest"
"Democratic Republic of the Congo",1994-01-01,6,0.603519850424856,0.034592097530558,"mass_civil_protest"
"Democratic Republic of the Congo",1994-04-01,8,0.757711620379699,0.0386548929792633,"mass_civil_protest"
"Democratic Republic of the Congo",1994-07-01,13,1.18065076836112,0.0550464791775874,"mass_civil_protest"
"Democratic Republic of the Congo",1994-10-01,12,1.07619285358787,0.0496798346331313,"mass_civil_protest"
"Democratic Republic of the Congo",1995-01-01,3,0.266294945504012,0.0126064041745891,"mass_civil_protest"
"Democratic Republic of the Congo",1995-04-01,8,0.69829831525935,0.0336616823695924,"mass_civil_protest"
"Democratic Republic of the Congo",1995-07-01,7,0.59460897170347,0.0288284854780852,"mass_civil_protest"
"Democratic Republic of the Congo",1995-10-01,2,0.162603141045833,0.00743239057741158,"mass_civil_protest"
"Democratic Republic of the Congo",1996-01-01,3,0.230212552920522,0.0089270486945727,"mass_civil_protest"
"Democratic Republic of the Congo",1996-04-01,3,0.213802641136909,0.00663323392508349,"mass_civil_protest"
"Democratic Republic of the Congo",1996-07-01,1,0.0654702947216561,0.00163324761143388,"mass_civil_protest"
"Democratic Republic of the Congo",1996-10-01,16,0.963603457753676,0.0205626548343808,"mass_civil_protest"
"Democratic Republic of the Congo",1997-01-01,7,0.399474409249541,0.00810782293984921,"mass_civil_protest"
"Democratic Republic of the Congo",1997-04-01,45,2.47844259993446,0.0523422567334701,"mass_civil_protest"
"Democratic Republic of the Congo",1997-07-01,7,0.375119576787194,0.0091235280455307,"mass_civil_protest"
"Democratic Republic of the Congo",1997-10-01,0,0,0,"mass_civil_protest"
"Democratic Republic of the Congo",1998-01-01,1,0.046573386849093,0.00161485161966361,"mass_civil_protest"
"Democratic Republic of the Congo",1998-04-01,0,0,0,"mass_civil_protest"
"Democratic Republic of the Congo",1998-07-01,30,1.15547936007738,0.044943742737989,"mass_civil_protest"
"Democratic Republic of the Congo",1998-10-01,15,0.538829162100644,0.021682602637156,"mass_civil_protest"
"Democratic Republic of the Congo",1999-01-01,2,0.067638622412867,0.00286634390889823,"mass_civil_protest"
"Democratic Republic of the Congo",1999-04-01,4,0.127703921592029,0.00571794686396503,"mass_civil_protest"
"Democratic Republic of the Congo",1999-07-01,3,0.0901592721472124,0.00419048055810035,"mass_civil_protest"
"Democratic Republic of the Congo",1999-10-01,4,0.112690771615683,0.00530799321643847,"mass_civil_protest"
"Democratic Republic of the Congo",2000-01-01,39,1.03480536744494,0.0477452509277689,"mass_civil_protest"
"Democratic Republic of the Congo",2000-04-01,19,0.488596585685827,0.0216751117631204,"mass_civil_protest"
"Democratic Republic of the Congo",2000-07-01,5,0.127900190483574,0.00542390746469487,"mass_civil_protest"
"Democratic Republic of the Congo",2000-10-01,17,0.439824601047325,0.0173541610994685,"mass_civil_protest"
"Democratic Republic of the Congo",2001-01-01,36,0.943846376955515,0.0342985584523556,"mass_civil_protest"
"Democratic Republic of the Congo",2001-04-01,15,0.396793283446107,0.013758789452679,"mass_civil_protest"
"Democratic Republic of the Congo",2001-07-01,10,0.263367831477823,0.00895278161836396,"mass_civil_protest"
"Democratic Republic of the Congo",2001-10-01,20,0.512548534281631,0.0174622800818221,"mass_civil_protest"
"Democratic Republic of the Congo",2002-01-01,76,1.8592079352771,0.0643892992524604,"mass_civil_protest"
"Democratic Republic of the Congo",2002-04-01,99,2.31483035285265,0.0830490284008174,"mass_civil_protest"
"Democratic Republic of the Congo",2002-07-01,39,0.878309989994722,0.0328962482851759,"mass_civil_protest"
"Democratic Republic of the Congo",2002-10-01,72,1.58807935007346,0.0620566912399835,"mass_civil_protest"
"Democratic Republic of the Congo",2003-01-01,15,0.334128372409133,0.0134295798868001,"mass_civil_protest"
"Democratic Republic of the Congo",2003-04-01,28,0.644471788496741,0.0263166502894854,"mass_civil_protest"
"Democratic Republic of the Congo",2003-07-01,8,0.192611448856278,0.00819491699611957,"mass_civil_protest"
"Democratic Republic of the Congo",2003-10-01,2,0.0503969875495426,0.00223166461078093,"mass_civil_protest"
"Democratic Republic of the Congo",2004-01-01,5,0.129791878436764,0.00587074538385061,"mass_civil_protest"
"Democratic Republic of the Congo",2004-04-01,2,0.052682723253489,0.00239651397296184,"mass_civil_protest"
"Democratic Republic of the Congo",2004-07-01,1,0.0265078556147899,0.00123918266192056,"mass_civil_protest"
"Democratic Republic of the Congo",2004-10-01,12,0.32135211828163,0.0157328175002861,"mass_civil_protest"
"Democratic Republic of the Congo",2005-01-01,16,0.435986737025712,0.0229046071158895,"mass_civil_protest"
"Democratic Republic of the Congo",2005-04-01,17,0.470284656698161,0.0268608499778026,"mass_civil_protest"
"Democratic Republic of the Congo",2005-07-01,22,0.60903348747219,0.0374227333533071,"mass_civil_protest"
"Democratic Republic of the Congo",2005-10-01,8,0.216726783116363,0.0139025185274926,"mass_civil_protest"
"Democratic Republic of the Congo",2006-01-01,4,0.104157456037912,0.00669006259881862,"mass_civil_protest"
"Democratic Republic of the Congo",2006-04-01,19,0.478884440762255,0.0293585006633535,"mass_civil_protest"
"Democratic Republic of the Congo",2006-07-01,37,0.920751372711333,0.0530579466377945,"mass_civil_protest"
"Democratic Republic of the Congo",2006-10-01,51,1.27066026218515,0.0719804809948274,"mass_civil_protest"
"Democratic Republic of the Congo",2007-01-01,9,0.227551510848088,0.0131262636474374,"mass_civil_protest"
"Democratic Republic of the Congo",2007-04-01,2,0.0518231782474688,0.00305567837911034,"mass_civil_protest"
"Democratic Republic of the Congo",2007-07-01,7,0.186754342754412,0.0110275642799925,"mass_civil_protest"
"Democratic Republic of the Congo",2007-10-01,1,0.027445674796041,0.00159237475993267,"mass_civil_protest"
"Democratic Republic of the Congo",2008-01-01,0,0,0,"mass_civil_protest"
"Democratic Republic of the Congo",2008-04-01,7,0.207032461796656,0.0104065321380581,"mass_civil_protest"
"Democratic Republic of the Congo",2008-07-01,1,0.0308668836676486,0.00140839001312642,"mass_civil_protest"
"Democratic Republic of the Congo",2008-10-01,12,0.384171727131745,0.016524929131062,"mass_civil_protest"
"Democratic Republic of the Congo",2009-01-01,3,0.0986288903426115,0.00447461396726035,"mass_civil_protest"
"Democratic Republic of the Congo",2009-04-01,0,0,0,"mass_civil_protest"
"Democratic Republic of the Congo",2009-07-01,2,0.064609053788964,0.00395176132369845,"mass_civil_protest"
"Democratic Republic of the Congo",2009-10-01,9,0.278313621844517,0.0198513558253616,"mass_civil_protest"
"Democratic Republic of the Congo",2010-01-01,4,0.11788428125166,0.00951546638782547,"mass_civil_protest"
"Democratic Republic of the Congo",2010-04-01,3,0.0855486021545521,0.00740850301149788,"mass_civil_protest"
"Democratic Republic of the Congo",2010-07-01,4,0.111415415872301,0.0101038478519133,"mass_civil_protest"
"Democratic Republic of the Congo",2010-10-01,7,0.191079679437689,0.0181571079189145,"mass_civil_protest"
"Democratic Republic of the Congo",2011-01-01,2,0.0540372707522724,0.00523195313339385,"mass_civil_protest"
"Democratic Republic of the Congo",2011-04-01,4,0.108190234308088,0.0100531663817763,"mass_civil_protest"
"Democratic Republic of the Congo",2011-07-01,17,0.459344812569126,0.0391326163683586,"mass_civil_protest"
"Democratic Republic of the Congo",2011-10-01,71,1.88285468538565,0.1466558470157,"mass_civil_protest"
"Democratic Republic of the Congo",2012-01-01,24,0.619283404717172,0.0455827411299216,"mass_civil_protest"
"Democratic Republic of the Congo",2012-04-01,21,0.535043008966801,0.0366758303276429,"mass_civil_protest"
"Democratic Republic of the Congo",2012-07-01,35,0.887637146692755,0.0565445416590455,"mass_civil_protest"
"Democratic Republic of the Congo",2012-10-01,94,2.38426904176405,0.145692522597026,"mass_civil_protest"
"Democratic Republic of the Congo",2013-01-01,17,0.43913745390207,0.0270565007340696,"mass_civil_protest"
"Democratic Republic of the Congo",2013-04-01,17,0.463412601447462,0.0288765291035366,"mass_civil_protest"
"Democratic Republic of the Congo",2013-07-01,25,0.718532025352921,0.0458018155596312,"mass_civil_protest"
"Democratic Republic of the Congo",2013-10-01,26,0.768438640666565,0.0518204352933632,"mass_civil_protest"
"Democratic Republic of the Congo",2014-01-01,5,0.147596817852049,0.0109168690505148,"mass_civil_protest"
"Democratic Republic of the Congo",2014-04-01,4,0.115141192054434,0.00931392248931048,"mass_civil_protest"
"Democratic Republic of the Congo",2014-07-01,10,0.280040412304487,0.0239510952032334,"mass_civil_protest"
"Democratic Republic of the Congo",2014-10-01,6,0.162850965719553,0.0143153592331751,"mass_civil_protest"
"Democratic Republic of the Congo",2015-01-01,59,1.57364429152477,0.140437334991084,"mass_civil_protest"
"Democratic Republic of the Congo",2015-04-01,17,0.461936288412649,0.0412445673190183,"mass_civil_protest"
"Democratic Republic of the Congo",2015-07-01,21,0.590372474788595,0.0510084274467461,"mass_civil_protest"
"Democratic Republic of the Congo",2015-10-01,11,0.320673951149671,0.0256978877317093,"mass_civil_protest"
"Democratic Republic of the Congo",2016-01-01,27,0.809033185670974,0.0579599336192166,"mass_civil_protest"
"Democratic Republic of the Congo",2016-04-01,58,1.7763052935499,0.113069723548134,"mass_civil_protest"
"Democratic Republic of the Congo",2016-07-01,98,3.05995983667886,0.177949040136988,"mass_civil_protest"
"Democratic Republic of the Congo",2016-10-01,79,2.51030127210908,0.138222920643413,"mass_civil_protest"
"Democratic Republic of the Congo",2017-01-01,16,0.517825240618214,0.0277505269746914,"mass_civil_protest"
"Democratic Republic of the Congo",2017-04-01,44,1.46896925904131,0.0761396687160955,"mass_civil_protest"
"Democratic Republic of the Congo",2017-07-01,22,0.757297535369868,0.0377077954454478,"mass_civil_protest"
"Democratic Republic of the Congo",2017-10-01,49,1.72345808574851,0.0815231546757201,"mass_civil_protest"
"Democratic Republic of the Congo",2018-01-01,97,3.45795765956983,0.154150556534648,"mass_civil_protest"
"Democratic Republic of the Congo",2018-04-01,6,0.215716837219672,0.00905761052448198,"mass_civil_protest"
"Democratic Republic of the Congo",2018-07-01,14,0.506571637589085,0.0202329251736155,"mass_civil_protest"
"Democratic Republic of the Congo",2018-10-01,56,2.03774973367785,0.0790035823125385,"mass_civil_protest"
"Democratic Republic of the Congo",2019-01-01,60,2.21060696901153,0.0863406245667324,"mass_civil_protest"
"Democratic Republic of the Congo",2019-04-01,4,0.15061734717407,0.00612958264789432,"mass_civil_protest"
"Democratic Republic of the Congo",2019-07-01,10,0.383896479215358,0.0167324622391424,"mass_civil_protest"
"Democratic Republic of the Congo",2019-10-01,25,0.971889110396554,0.0465786200127468,"mass_civil_protest"
"Democratic Republic of the Congo",2020-01-01,1,0.0388623662200048,0.00206411325328889,"mass_civil_protest"
"Democratic Republic of the Congo",2020-04-01,11,0.420509768718799,0.0242754029504757,"mass_civil_protest"
"Democratic Republic of the Congo",2020-07-01,19,0.702925167761077,0.0432962431557778,"mass_civil_protest"
"Democratic Republic of the Congo",2020-10-01,1,0.0353691472286478,0.00222774179783786,"mass_civil_protest"
"Democratic Republic of the Congo",2021-01-01,7,0.234656334475308,0.0144419723565501,"mass_civil_protest"
"Democratic Republic of the Congo",2021-04-01,19,0.603343732674021,0.036031966431981,"mass_civil_protest"
"Democratic Republic of the Congo",2021-07-01,10,0.30168475553974,0.0176062101278059,"mass_civil_protest"
"Democratic Republic of the Congo",2021-10-01,30,0.862001988432978,0.048999938141326,"mass_civil_protest"
"Democratic Republic of the Congo",2022-01-01,18,0.500152869991677,0.0276865164283774,"mass_civil_protest"
"Democratic Republic of the Congo",2022-04-01,13,0.360722026178155,0.0189377017185091,"mass_civil_protest"
"Democratic Republic of the Congo",2022-07-01,39,1.09494400587346,0.0546205294372738,"mass_civil_protest"
"Democratic Republic of the Congo",2022-10-01,7,0.198575038644071,0.0095778491882203,"mass_civil_protest"
"Democratic Republic of the Congo",2023-01-01,20,0.573753459931373,0.0273666600361779,"mass_civil_protest"
"Democratic Republic of the Congo",2023-04-01,16,0.463079763850685,0.0221800416445623,"mass_civil_protest"
"Democratic Republic of the Congo",2023-07-01,35,1.02420723727681,0.0491509057760047,"mass_civil_protest"
"Democratic Republic of the Congo",2023-10-01,44,1.34237572513201,0.061890738478065,"mass_civil_protest"
"Democratic Republic of the Congo",2024-01-01,23,0.746636313459951,0.0325356653523896,"mass_civil_protest"
"Democratic Republic of the Congo",2024-04-01,8,0.284898755396568,0.0114254227326868,"mass_civil_protest"
"Democratic Republic of the Congo",2024-07-01,9,0.358229969365838,0.013024428863085,"mass_civil_protest"
"Democratic Republic of the Congo",2024-10-01,4,0.181719372830783,0.00596751396672419,"mass_civil_protest"
"Democratic Republic of the Congo",1990-01-01,6,23.3581166065923,0.149737027914697,"political_violence"
"Democratic Republic of the Congo",1990-04-01,60,211.954987401844,1.04083350879477,"political_violence"
"Democratic Republic of the Congo",1990-07-01,14,45.4219725777177,0.185886092793555,"political_violence"
"Democratic Republic of the Congo",1990-10-01,30,89.0943323921031,0.308308567194439,"political_violence"
"Democratic Republic of the Congo",1991-01-01,22,60.0042266371422,0.176971936092532,"political_violence"
"Democratic Republic of the Congo",1991-04-01,26,65.704140741555,0.166873710993269,"political_violence"
"Democratic Republic of the Congo",1991-07-01,221,527.788012244322,1.19900839331085,"political_violence"
"Democratic Republic of the Congo",1991-10-01,265,615.723369316821,1.35684898140485,"political_violence"
"Democratic Republic of the Congo",1992-01-01,149,347.009328206124,0.796415245138775,"political_violence"
"Democratic Republic of the Congo",1992-04-01,29,68.7259260171508,0.169136104783276,"political_violence"
"Democratic Republic of the Congo",1992-07-01,42,100.336932163574,0.263649869109644,"political_violence"
"Democratic Republic of the Congo",1992-10-01,73,171.226818407145,0.478207569238453,"political_violence"
"Democratic Republic of the Congo",1993-01-01,301,678.276014292024,2.03213556153578,"political_violence"
"Democratic Republic of the Congo",1993-04-01,76,161.934654066457,0.541913622725923,"political_violence"
"Democratic Republic of the Congo",1993-07-01,58,115.160231870473,0.420125187227384,"political_violence"
"Democratic Republic of the Congo",1993-10-01,48,88.7098413446941,0.322675521978033,"political_violence"
"Democratic Republic of the Congo",1994-01-01,43,74.1284449764221,0.247910032302332,"political_violence"
"Democratic Republic of the Congo",1994-04-01,106,172.066352104469,0.512177331975239,"political_violence"
"Democratic Republic of the Congo",1994-07-01,637,991.502148619986,2.69727747970178,"political_violence"
"Democratic Republic of the Congo",1994-10-01,204,313.556025398716,0.844557188763232,"political_violence"
"Democratic Republic of the Congo",1995-01-01,83,126.268751536158,0.348777182163632,"political_violence"
"Democratic Republic of the Congo",1995-04-01,202,302.188896147722,0.849957479832209,"political_violence"
"Democratic Republic of the Congo",1995-07-01,95,138.303492920815,0.391243731488299,"political_violence"
"Democratic Republic of the Congo",1995-10-01,73,101.718025371736,0.271282256075523,"political_violence"
"Democratic Republic of the Congo",1996-01-01,61,80.2257353973178,0.181516656789645,"political_violence"
"Democratic Republic of the Congo",1996-04-01,67,81.8356882697289,0.148142224326864,"political_violence"
"Democratic Republic of the Congo",1996-07-01,36,40.3945637537952,0.0587969140116196,"political_violence"
"Democratic Republic of the Congo",1996-10-01,535,552.215095753036,0.687563771024609,"political_violence"
"Democratic Republic of the Congo",1997-01-01,412,402.962159024934,0.477203293031125,"political_violence"
"Democratic Republic of the Congo",1997-04-01,556,524.828328252513,0.646717660973542,"political_violence"
"Democratic Republic of the Congo",1997-07-01,145,133.17288785749,0.188987366657422,"political_violence"
"Democratic Republic of the Congo",1997-10-01,129,112.256562667445,0.192105893526898,"political_violence"
"Democratic Republic of the Congo",1998-01-01,66,52.6814697040487,0.106580206897798,"political_violence"
"Democratic Republic of the Congo",1998-04-01,56,40.3937144260308,0.0895152662736322,"political_violence"
"Democratic Republic of the Congo",1998-07-01,518,341.93757140793,0.776028624609276,"political_violence"
"Democratic Republic of the Congo",1998-10-01,365,224.713323613414,0.527609997504129,"political_violence"
"Democratic Republic of the Congo",1999-01-01,293,169.827690657517,0.41991938265359,"political_violence"
"Democratic Republic of the Congo",1999-04-01,169,92.4713233503072,0.241583255002523,"political_violence"
"Democratic Republic of the Congo",1999-07-01,180,92.7123891893747,0.251428833486021,"political_violence"
"Democratic Republic of the Congo",1999-10-01,163,78.7031457240221,0.216300723569868,"political_violence"
"Democratic Republic of the Congo",2000-01-01,760,345.607997378151,0.930420274489856,"political_violence"
"Democratic Republic of the Congo",2000-04-01,1180,520.061805880061,1.34613852002537,"political_violence"
"Democratic Republic of the Congo",2000-07-01,477,209.120058410111,0.51744077213189,"political_violence"
"Democratic Republic of the Congo",2000-10-01,452,200.421891459543,0.461416518644691,"political_violence"
"Democratic Republic of the Congo",2001-01-01,1478,664.124301170085,1.40814637201615,"political_violence"
"Democratic Republic of the Congo",2001-04-01,856,388.081502806323,0.785168251432881,"political_violence"
"Democratic Republic of the Congo",2001-07-01,734,331.310281383953,0.657134170787915,"political_violence"
"Democratic Republic of the Congo",2001-10-01,720,316.23768509026,0.628642082945595,"political_violence"
"Democratic Republic of the Congo",2002-01-01,1081,453.227435653433,0.915853059104074,"political_violence"
"Democratic Republic of the Congo",2002-04-01,1191,477.278488656894,0.999104978034076,"political_violence"
"Democratic Republic of the Congo",2002-07-01,1102,425.344611740625,0.929529887442662,"political_violence"
"Democratic Republic of the Congo",2002-10-01,1208,456.649264015579,1.04117337524861,"political_violence"
"Democratic Republic of the Congo",2003-01-01,686,261.892063400361,0.614179453489659,"political_violence"
"Democratic Republic of the Congo",2003-04-01,1728,681.656755945782,1.62411327500824,"political_violence"
"Democratic Republic of the Congo",2003-07-01,584,240.980046457127,0.598228940716729,"political_violence"
"Democratic Republic of the Congo",2003-10-01,368,158.927307618944,0.410626288383691,"political_violence"
"Democratic Republic of the Congo",2004-01-01,229,101.880043434715,0.268880138580358,"political_violence"
"Democratic Republic of the Congo",2004-04-01,170,76.7473285827563,0.203703687701756,"political_violence"
"Democratic Republic of the Congo",2004-07-01,25,11.3577088255611,0.0309795665480139,"political_violence"
"Democratic Republic of the Congo",2004-10-01,562,257.936238442288,0.736820286263398,"political_violence"
"Democratic Republic of the Congo",2005-01-01,496,231.638688500526,0.710042820592575,"political_violence"
"Democratic Republic of the Congo",2005-04-01,316,149.821829727804,0.49929579958739,"political_violence"
"Democratic Republic of the Congo",2005-07-01,308,146.132001965667,0.5239182669463,"political_violence"
"Democratic Republic of the Congo",2005-10-01,337,156.469114298982,0.585643592970625,"political_violence"
"Democratic Republic of the Congo",2006-01-01,221,98.6276696797666,0.369625958584729,"political_violence"
"Democratic Republic of the Congo",2006-04-01,250,107.992416689185,0.386296061359915,"political_violence"
"Democratic Republic of the Congo",2006-07-01,557,237.559264315106,0.798737196682473,"political_violence"
"Democratic Republic of the Congo",2006-10-01,534,228.021949694688,0.753677977475252,"political_violence"
"Democratic Republic of the Congo",2007-01-01,218,94.4647616494972,0.317947275015706,"political_violence"
"Democratic Republic of the Congo",2007-04-01,130,57.7315910237533,0.198619094642172,"political_violence"
"Democratic Republic of the Congo",2007-07-01,200,91.4489642073261,0.315073265142643,"political_violence"
"Democratic Republic of the Congo",2007-10-01,182,85.6093947453987,0.289812206307746,"political_violence"
"Democratic Republic of the Congo",2008-01-01,84,40.8027190302866,0.131294202745263,"political_violence"
"Democratic Republic of the Congo",2008-04-01,145,73.499525281634,0.215563880002632,"political_violence"
"Democratic Republic of the Congo",2008-07-01,106,56.0757093403302,0.1492893413914,"political_violence"
"Democratic Republic of the Congo",2008-10-01,675,370.359980383204,0.929527263622236,"political_violence"
"Democratic Republic of the Congo",2009-01-01,320,180.305508960578,0.477292156507771,"political_violence"
"Democratic Republic of the Congo",2009-04-01,93,52.6687614849736,0.15976842250521,"political_violence"
"Democratic Republic of the Congo",2009-07-01,169,93.5677562567446,0.333923831852519,"political_violence"
"Democratic Republic of the Congo",2009-10-01,276,146.27737603676,0.608774911977757,"political_violence"
"Democratic Republic of the Congo",2010-01-01,142,71.7233190286517,0.337799056767804,"political_violence"
"Democratic Republic of the Congo",2010-04-01,227,110.94140092721,0.560576727870007,"political_violence"
"Democratic Republic of the Congo",2010-07-01,420,200.498307229784,1.06090402445089,"political_violence"
"Democratic Republic of the Congo",2010-10-01,247,115.555213106611,0.640686522281699,"political_violence"
"Democratic Republic of the Congo",2011-01-01,140,64.8287386344329,0.36623671933757,"political_violence"
"Democratic Republic of the Congo",2011-04-01,134,62.1167884661167,0.336781073789506,"political_violence"
"Democratic Republic of the Congo",2011-07-01,136,62.98032954465,0.313060930946869,"political_violence"
"Democratic Republic of the Congo",2011-10-01,511,232.249870432867,1.05550898345103,"political_violence"
"Democratic Republic of the Congo",2012-01-01,226,99.9453895686128,0.429237478973428,"political_violence"
"Democratic Republic of the Congo",2012-04-01,360,157.198365258028,0.62872851990245,"political_violence"
"Democratic Republic of the Congo",2012-07-01,550,239.059628027283,0.888557083213571,"political_violence"
"Democratic Republic of the Congo",2012-10-01,1034,449.494177497352,1.60261774856728,"political_violence"
"Democratic Republic of the Congo",2013-01-01,449,198.780612618521,0.71460993115278,"political_violence"
"Democratic Republic of the Congo",2013-04-01,329,153.70604269355,0.558845769121386,"political_violence"
"Democratic Republic of the Congo",2013-07-01,609,299.984999793872,1.11573222703262,"political_violence"
"Democratic Republic of the Congo",2013-10-01,730,369.772690098811,1.45495837554443,"political_violence"
"Democratic Republic of the Congo",2014-01-01,203,102.702059687077,0.443224883450902,"political_violence"
"Democratic Republic of the Congo",2014-04-01,265,130.735258381272,0.617047364916819,"political_violence"
"Democratic Republic of the Congo",2014-07-01,159,76.3121972387091,0.380822413731411,"political_violence"
"Democratic Republic of the Congo",2014-10-01,349,162.345644058983,0.832676728729685,"political_violence"
"Democratic Republic of the Congo",2015-01-01,446,203.875736664804,1.06161104078006,"political_violence"
"Democratic Republic of the Congo",2015-04-01,266,123.877069053597,0.645356170991698,"political_violence"
"Democratic Republic of the Congo",2015-07-01,178,85.7635864713959,0.432357146929562,"political_violence"
"Democratic Republic of the Congo",2015-10-01,179,89.4334849709694,0.418174718543269,"political_violence"
"Democratic Republic of the Congo",2016-01-01,267,137.116575773222,0.573159343567808,"political_violence"
"Democratic Republic of the Congo",2016-04-01,292,153.26697767519,0.569247573725089,"political_violence"
"Democratic Republic of the Congo",2016-07-01,466,249.374299316642,0.846165843916699,"political_violence"
"Democratic Republic of the Congo",2016-10-01,571,310.964626227389,0.999054274523906,"political_violence"
"Democratic Republic of the Congo",2017-01-01,366,203.01140830496,0.634793304546066,"political_violence"
"Democratic Republic of the Congo",2017-04-01,425,243.178450334468,0.735439981916832,"political_violence"
"Democratic Republic of the Congo",2017-07-01,336,198.225382951214,0.575900875894111,"political_violence"
"Democratic Republic of the Congo",2017-10-01,383,230.876401827193,0.637211596751036,"political_violence"
"Democratic Republic of the Congo",2018-01-01,466,284.714758133199,0.740558343764393,"political_violence"
"Democratic Republic of the Congo",2018-04-01,205,126.317284357957,0.309468359586468,"political_violence"
"Democratic Republic of the Congo",2018-07-01,368,228.211107711858,0.531836890277893,"political_violence"
"Democratic Republic of the Congo",2018-10-01,588,366.704525546652,0.829537614281654,"political_violence"
"Democratic Republic of the Congo",2019-01-01,403,254.472851384116,0.579921195006553,"political_violence"
"Democratic Republic of the Congo",2019-04-01,303,195.539165233383,0.464315885577995,"political_violence"
"Democratic Republic of the Congo",2019-07-01,210,138.168661188453,0.35138170702199,"political_violence"
"Democratic Republic of the Congo",2019-10-01,318,211.875115813196,0.592480046562139,"political_violence"
"Democratic Republic of the Congo",2020-01-01,154,102.571353514,0.317873441006488,"political_violence"
"Democratic Republic of the Congo",2020-04-01,249,163.139406003528,0.549506848606224,"political_violence"
"Democratic Republic of the Congo",2020-07-01,232,147.102347275121,0.528669916428445,"political_violence"
"Democratic Republic of the Congo",2020-10-01,112,67.8920210288337,0.24950708135784,"political_violence"
"Democratic Republic of the Congo",2021-01-01,296,170.059962491998,0.610689116791263,"political_violence"
"Democratic Republic of the Congo",2021-04-01,312,169.801657174689,0.591682817198846,"political_violence"
"Democratic Republic of the Congo",2021-07-01,288,148.909353690961,0.50705885168081,"political_violence"
"Democratic Republic of the Congo",2021-10-01,339,166.940933123566,0.553699300996984,"political_violence"
"Democratic Republic of the Congo",2022-01-01,306,145.722902250759,0.470670779282415,"political_violence"
"Democratic Republic of the Congo",2022-04-01,340,161.690443414076,0.495293737253316,"political_violence"
"Democratic Republic of the Congo",2022-07-01,337,162.156114639238,0.471977395393879,"political_violence"
"Democratic Republic of the Congo",2022-10-01,334,162.386233311149,0.457000232695083,"political_violence"
"Democratic Republic of the Congo",2023-01-01,429,210.925331130515,0.587014857776015,"political_violence"
"Democratic Republic of the Congo",2023-04-01,429,212.798831186416,0.594702366594827,"political_violence"
"Democratic Republic of the Congo",2023-07-01,267,133.908203276662,0.374951195491236,"political_violence"
"Democratic Republic of the Congo",2023-10-01,436,227.973322294945,0.613280954009917,"political_violence"
"Democratic Republic of the Congo",2024-01-01,248,137.977756420908,0.350819348147505,"political_violence"
"Democratic Republic of the Congo",2024-04-01,401,244.749077290166,0.572699314475925,"political_violence"
"Democratic Republic of the Congo",2024-07-01,341,232.621531707669,0.493481138034664,"political_violence"
"Democratic Republic of the Congo",2024-10-01,181,140.927561843123,0.27003000699427,"political_violence"
"Equatorial Guinea",1993-07-01,3,0.0170497852473947,0.247295935545012,"instability_of_regime"
"Equatorial Guinea",1993-10-01,7,0.0370298307045409,0.537998713507809,"instability_of_regime"
"Equatorial Guinea",1994-01-01,0,0,0,"instability_of_regime"
"Equatorial Guinea",1994-04-01,0,0,0,"instability_of_regime"
"Equatorial Guinea",1994-07-01,1,0.00445530406129511,0.118389416311066,"instability_of_regime"
"Equatorial Guinea",1994-10-01,0,0,0,"instability_of_regime"
"Equatorial Guinea",1995-01-01,0,0,0,"instability_of_regime"
"Equatorial Guinea",1995-04-01,0,0,0,"instability_of_regime"
"Equatorial Guinea",1995-07-01,0,0,0,"instability_of_regime"
"Equatorial Guinea",1995-10-01,0,0,0,"instability_of_regime"
"Equatorial Guinea",1996-01-01,0,0,0,"instability_of_regime"
"Equatorial Guinea",1996-04-01,0,0,0,"instability_of_regime"
"Equatorial Guinea",1996-07-01,0,0,0,"instability_of_regime"
"Equatorial Guinea",1996-10-01,0,0,0,"instability_of_regime"
"Equatorial Guinea",1997-01-01,0,0,0,"instability_of_regime"
"Equatorial Guinea",1997-04-01,0,0,0,"instability_of_regime"
"Equatorial Guinea",1997-07-01,1,0.00262888105481808,0.103814215306715,"instability_of_regime"
"Equatorial Guinea",1997-10-01,0,0,0,"instability_of_regime"
"Equatorial Guinea",1998-01-01,1,0.00228474148900595,0.0713394279876256,"instability_of_regime"
"Equatorial Guinea",1998-04-01,0,0,0,"instability_of_regime"
"Equatorial Guinea",1998-07-01,0,0,0,"instability_of_regime"
"Equatorial Guinea",1998-10-01,0,0,0,"instability_of_regime"
"Equatorial Guinea",1999-01-01,0,0,0,"instability_of_regime"
"Equatorial Guinea",1999-04-01,0,0,0,"instability_of_regime"
"Equatorial Guinea",1999-07-01,0,0,0,"instability_of_regime"
"Equatorial Guinea",1999-10-01,0,0,0,"instability_of_regime"
"Equatorial Guinea",2000-01-01,0,0,0,"instability_of_regime"
"Equatorial Guinea",2000-04-01,1,0.00126152561662935,0.0292990182953375,"instability_of_regime"
"Equatorial Guinea",2000-07-01,0,0,0,"instability_of_regime"
"Equatorial Guinea",2000-10-01,0,0,0,"instability_of_regime"
"Equatorial Guinea",2001-01-01,4,0.00514467625438233,0.109954183088649,"instability_of_regime"
"Equatorial Guinea",2001-04-01,1,0.00129769401022332,0.0276365344514249,"instability_of_regime"
"Equatorial Guinea",2001-07-01,0,0,0,"instability_of_regime"
"Equatorial Guinea",2001-10-01,0,0,0,"instability_of_regime"
"Equatorial Guinea",2002-01-01,0,0,0,"instability_of_regime"
"Equatorial Guinea",2002-04-01,0,0,0,"instability_of_regime"
"Equatorial Guinea",2002-07-01,0,0,0,"instability_of_regime"
"Equatorial Guinea",2002-10-01,0,0,0,"instability_of_regime"
"Equatorial Guinea",2003-01-01,2,0.00218550265647271,0.0416449281957135,"instability_of_regime"
"Equatorial Guinea",2003-04-01,0,0,0,"instability_of_regime"
"Equatorial Guinea",2003-07-01,0,0,0,"instability_of_regime"
"Equatorial Guinea",2003-10-01,0,0,0,"instability_of_regime"
"Equatorial Guinea",2004-01-01,7,0.00891404455479868,0.0415043200080762,"instability_of_regime"
"Equatorial Guinea",2004-04-01,0,0,0,"instability_of_regime"
"Equatorial Guinea",2004-07-01,1,0.00130039066525112,0.00469501543410872,"instability_of_regime"
"Equatorial Guinea",2004-10-01,0,0,0,"instability_of_regime"
"Equatorial Guinea",2005-01-01,0,0,0,"instability_of_regime"
"Equatorial Guinea",2005-04-01,2,0.00271419553095403,0.0153407178062375,"instability_of_regime"
"Equatorial Guinea",2005-07-01,0,0,0,"instability_of_regime"
"Equatorial Guinea",2005-10-01,0,0,0,"instability_of_regime"
"Equatorial Guinea",2006-01-01,0,0,0,"instability_of_regime"
"Equatorial Guinea",2006-04-01,0,0,0,"instability_of_regime"
"Equatorial Guinea",2006-07-01,5,0.00610393502748656,0.106557879012051,"instability_of_regime"
"Equatorial Guinea",2006-10-01,0,0,0,"instability_of_regime"
"Equatorial Guinea",2007-01-01,1,0.00124032775151942,0.0217457001205239,"instability_of_regime"
"Equatorial Guinea",2007-04-01,0,0,0,"instability_of_regime"
"Equatorial Guinea",2007-07-01,0,0,0,"instability_of_regime"
"Equatorial Guinea",2007-10-01,0,0,0,"instability_of_regime"
"Equatorial Guinea",2008-01-01,1,0.00139037816891515,0.0165232362384699,"instability_of_regime"
"Equatorial Guinea",2008-04-01,4,0.00580362903169235,0.0626701455202649,"instability_of_regime"
"Equatorial Guinea",2008-07-01,1,0.00151423064808031,0.0163793174112241,"instability_of_regime"
"Equatorial Guinea",2008-10-01,0,0,0,"instability_of_regime"
"Equatorial Guinea",2009-01-01,0,0,0,"instability_of_regime"
"Equatorial Guinea",2009-04-01,0,0,0,"instability_of_regime"
"Equatorial Guinea",2009-07-01,0,0,0,"instability_of_regime"
"Equatorial Guinea",2009-10-01,3,0.00455105889009133,0.0540469100299587,"instability_of_regime"
"Equatorial Guinea",2010-01-01,0,0,0,"instability_of_regime"
"Equatorial Guinea",2010-04-01,0,0,0,"instability_of_regime"
"Equatorial Guinea",2010-07-01,0,0,0,"instability_of_regime"
"Equatorial Guinea",2010-10-01,0,0,0,"instability_of_regime"
"Equatorial Guinea",2011-01-01,5,0.00662723943828712,0.0586756828604342,"instability_of_regime"
"Equatorial Guinea",2011-04-01,5,0.00663433383720563,0.0488500522164508,"instability_of_regime"
"Equatorial Guinea",2011-07-01,7,0.0092787010354195,0.0588708569200973,"instability_of_regime"
"Equatorial Guinea",2011-10-01,25,0.032523532535811,0.190885262221316,"instability_of_regime"
"Equatorial Guinea",2012-01-01,2,0.00253167202690733,0.0151445801306728,"instability_of_regime"
"Equatorial Guinea",2012-04-01,3,0.00374964282544931,0.026810648474144,"instability_of_regime"
"Equatorial Guinea",2012-07-01,3,0.0037323978105528,0.0350527829004748,"instability_of_regime"
"Equatorial Guinea",2012-10-01,1,0.00124430444655734,0.0165427882193446,"instability_of_regime"
"Equatorial Guinea",2013-01-01,0,0,0,"instability_of_regime"
"Equatorial Guinea",2013-04-01,1,0.00133726711463155,0.0315402886472635,"instability_of_regime"
"Equatorial Guinea",2013-07-01,0,0,0,"instability_of_regime"
"Equatorial Guinea",2013-10-01,1,0.00144989013193555,0.0284926118917598,"instability_of_regime"
"Equatorial Guinea",2014-01-01,1,0.00144812561939931,0.0206174284181969,"instability_of_regime"
"Equatorial Guinea",2014-04-01,1,0.00141211470959133,0.0142728886213978,"instability_of_regime"
"Equatorial Guinea",2014-07-01,0,0,0,"instability_of_regime"
"Equatorial Guinea",2014-10-01,1,0.00133149130535907,0.00800816850069982,"instability_of_regime"
"Equatorial Guinea",2015-01-01,1,0.0013084399806186,0.00716939510113239,"instability_of_regime"
"Equatorial Guinea",2015-04-01,0,0,0,"instability_of_regime"
"Equatorial Guinea",2015-07-01,0,0,0,"instability_of_regime"
"Equatorial Guinea",2015-10-01,0,0,0,"instability_of_regime"
"Equatorial Guinea",2016-01-01,2,0.0029398949666325,0.0400394660759945,"instability_of_regime"
"Equatorial Guinea",2016-04-01,4,0.00600964550474136,0.101837000000218,"instability_of_regime"
"Equatorial Guinea",2016-07-01,0,0,0,"instability_of_regime"
"Equatorial Guinea",2016-10-01,0,0,0,"instability_of_regime"
"Equatorial Guinea",2017-01-01,1,0.00158767819367581,0.0287110621348413,"instability_of_regime"
"Equatorial Guinea",2017-04-01,2,0.00327558801600269,0.0539778688616398,"instability_of_regime"
"Equatorial Guinea",2017-07-01,0,0,0,"instability_of_regime"
"Equatorial Guinea",2017-10-01,0,0,0,"instability_of_regime"
"Equatorial Guinea",2018-01-01,1,0.00174882834605005,0.0219289556855936,"instability_of_regime"
"Equatorial Guinea",2018-04-01,0,0,0,"instability_of_regime"
"Equatorial Guinea",2018-07-01,0,0,0,"instability_of_regime"
"Equatorial Guinea",2018-10-01,0,0,0,"instability_of_regime"
"Equatorial Guinea",2019-01-01,0,0,0,"instability_of_regime"
"Equatorial Guinea",2019-04-01,0,0,0,"instability_of_regime"
"Equatorial Guinea",2019-07-01,0,0,0,"instability_of_regime"
"Equatorial Guinea",2019-10-01,0,0,0,"instability_of_regime"
"Equatorial Guinea",2020-01-01,0,0,0,"instability_of_regime"
"Equatorial Guinea",2020-04-01,0,0,0,"instability_of_regime"
"Equatorial Guinea",2020-07-01,4,0.00725963407590633,0.14261711439149,"instability_of_regime"
"Equatorial Guinea",2020-10-01,0,0,0,"instability_of_regime"
"Equatorial Guinea",2021-01-01,0,0,0,"instability_of_regime"
"Equatorial Guinea",2021-04-01,0,0,0,"instability_of_regime"
"Equatorial Guinea",2021-07-01,0,0,0,"instability_of_regime"
"Equatorial Guinea",2021-10-01,2,0.0028191374800375,0.0530083916197597,"instability_of_regime"
"Equatorial Guinea",2022-01-01,0,0,0,"instability_of_regime"
"Equatorial Guinea",2022-04-01,0,0,0,"instability_of_regime"
"Equatorial Guinea",2022-07-01,0,0,0,"instability_of_regime"
"Equatorial Guinea",2022-10-01,0,0,0,"instability_of_regime"
"Equatorial Guinea",2023-01-01,0,0,0,"instability_of_regime"
"Equatorial Guinea",2023-04-01,0,0,0,"instability_of_regime"
"Equatorial Guinea",2023-07-01,0,0,0,"instability_of_regime"
"Equatorial Guinea",2023-10-01,1,0.00149665141430019,0.0335037604004815,"instability_of_regime"
"Equatorial Guinea",1990-07-01,1,0.0458785551190203,0.46354593768361,"instability_within_regime"
"Equatorial Guinea",1990-10-01,0,0,0,"instability_within_regime"
"Equatorial Guinea",1991-01-01,0,0,0,"instability_within_regime"
"Equatorial Guinea",1991-04-01,1,0.0357347846299433,0.359080639680327,"instability_within_regime"
"Equatorial Guinea",1991-07-01,0,0,0,"instability_within_regime"
"Equatorial Guinea",1991-10-01,0,0,0,"instability_within_regime"
"Equatorial Guinea",1992-01-01,1,0.0329326484361912,0.346552456928269,"instability_within_regime"
"Equatorial Guinea",1992-04-01,1,0.0335115394775234,0.30069046929898,"instability_within_regime"
"Equatorial Guinea",1992-07-01,0,0,0,"instability_within_regime"
"Equatorial Guinea",1992-10-01,1,0.033168108376321,0.179117272760507,"instability_within_regime"
"Equatorial Guinea",1993-01-01,1,0.0318648398987569,0.133103031254966,"instability_within_regime"
"Equatorial Guinea",1993-04-01,0,0,0,"instability_within_regime"
"Equatorial Guinea",1993-07-01,14,0.393074028413022,1.15404769921005,"instability_within_regime"
"Equatorial Guinea",1993-10-01,20,0.522675733852878,1.53713918145088,"instability_within_regime"
"Equatorial Guinea",1994-01-01,1,0.0243774464516207,0.0838236545149069,"instability_within_regime"
"Equatorial Guinea",1994-04-01,1,0.0229541842392266,0.0987532344147839,"instability_within_regime"
"Equatorial Guinea",1994-07-01,1,0.0220103021378747,0.118389416311066,"instability_within_regime"
"Equatorial Guinea",1994-10-01,2,0.0434697112969637,0.262304757074208,"instability_within_regime"
"Equatorial Guinea",1995-01-01,3,0.0645373049763794,0.387137004429761,"instability_within_regime"
"Equatorial Guinea",1995-04-01,4,0.0846172488386671,0.473566269037575,"instability_within_regime"
"Equatorial Guinea",1995-07-01,6,0.123518659708759,0.640459297907634,"instability_within_regime"
"Equatorial Guinea",1995-10-01,1,0.0197036569431132,0.0997881777229352,"instability_within_regime"
"Equatorial Guinea",1996-01-01,20,0.371950926045615,1.96552168474848,"instability_within_regime"
"Equatorial Guinea",1996-04-01,1,0.0172718840378192,0.109905372397672,"instability_within_regime"
"Equatorial Guinea",1996-07-01,0,0,0,"instability_within_regime"
"Equatorial Guinea",1996-10-01,0,0,0,"instability_within_regime"
"Equatorial Guinea",1997-01-01,0,0,0,"instability_within_regime"
"Equatorial Guinea",1997-04-01,0,0,0,"instability_within_regime"
"Equatorial Guinea",1997-07-01,2,0.0259746430344692,0.207628430613431,"instability_within_regime"
"Equatorial Guinea",1997-10-01,0,0,0,"instability_within_regime"
"Equatorial Guinea",1998-01-01,7,0.0790103096257328,0.499375995913379,"instability_within_regime"
"Equatorial Guinea",1998-04-01,0,0,0,"instability_within_regime"
"Equatorial Guinea",1998-07-01,0,0,0,"instability_within_regime"
"Equatorial Guinea",1998-10-01,0,0,0,"instability_within_regime"
"Equatorial Guinea",1999-01-01,10,0.0819620213703154,0.474113210934203,"instability_within_regime"
"Equatorial Guinea",1999-04-01,0,0,0,"instability_within_regime"
"Equatorial Guinea",1999-07-01,3,0.0218503450450409,0.127113627578892,"instability_within_regime"
"Equatorial Guinea",1999-10-01,0,0,0,"instability_within_regime"
"Equatorial Guinea",2000-01-01,3,0.0192913767573911,0.0986507140856899,"instability_within_regime"
"Equatorial Guinea",2000-04-01,5,0.0311612401697777,0.146495091476688,"instability_within_regime"
"Equatorial Guinea",2000-07-01,0,0,0,"instability_within_regime"
"Equatorial Guinea",2000-10-01,0,0,0,"instability_within_regime"
"Equatorial Guinea",2001-01-01,11,0.0698939202144752,0.302374003493785,"instability_within_regime"
"Equatorial Guinea",2001-04-01,1,0.00641092882877731,0.0276365344514249,"instability_within_regime"
"Equatorial Guinea",2001-07-01,4,0.0255311643694654,0.111579155963045,"instability_within_regime"
"Equatorial Guinea",2001-10-01,1,0.00621087662958128,0.0278508610821096,"instability_within_regime"
"Equatorial Guinea",2002-01-01,7,0.0415011675130549,0.191778443777607,"instability_within_regime"
"Equatorial Guinea",2002-04-01,7,0.0396670511480769,0.187215666974427,"instability_within_regime"
"Equatorial Guinea",2002-07-01,1,0.00545796966908692,0.0262601507799783,"instability_within_regime"
"Equatorial Guinea",2002-10-01,25,0.133637275594193,0.610662775652515,"instability_within_regime"
"Equatorial Guinea",2003-01-01,4,0.0215938455065214,0.0832898563914271,"instability_within_regime"
"Equatorial Guinea",2003-04-01,1,0.00557819615659694,0.01564857689549,"instability_within_regime"
"Equatorial Guinea",2003-07-01,5,0.0291749431097271,0.054922453904928,"instability_within_regime"
"Equatorial Guinea",2003-10-01,8,0.0488553885124586,0.0624029429455885,"instability_within_regime"
"Equatorial Guinea",2004-01-01,16,0.100657328227111,0.094867017161317,"instability_within_regime"
"Equatorial Guinea",2004-04-01,26,0.165981418179377,0.130221126621938,"instability_within_regime"
"Equatorial Guinea",2004-07-01,5,0.0321212548522771,0.0234750771705436,"instability_within_regime"
"Equatorial Guinea",2004-10-01,0,0,0,"instability_within_regime"
"Equatorial Guinea",2005-01-01,3,0.019811732363031,0.0181588983440719,"instability_within_regime"
"Equatorial Guinea",2005-04-01,4,0.0268175921892979,0.030681435612475,"instability_within_regime"
"Equatorial Guinea",2005-07-01,0,0,0,"instability_within_regime"
"Equatorial Guinea",2005-10-01,2,0.0131310814706391,0.0269560502861681,"instability_within_regime"
"Equatorial Guinea",2006-01-01,1,0.00631071075453561,0.0169176538452549,"instability_within_regime"
"Equatorial Guinea",2006-04-01,2,0.0122167313561685,0.0393094428029846,"instability_within_regime"
"Equatorial Guinea",2006-07-01,4,0.0241239569441879,0.0852463032096404,"instability_within_regime"
"Equatorial Guinea",2006-10-01,2,0.0120763911236489,0.0438808358337374,"instability_within_regime"
"Equatorial Guinea",2007-01-01,1,0.00612752534627172,0.0217457001205239,"instability_within_regime"
"Equatorial Guinea",2007-04-01,2,0.0125594883262693,0.0419008081024063,"instability_within_regime"
"Equatorial Guinea",2007-07-01,0,0,0,"instability_within_regime"
"Equatorial Guinea",2007-10-01,1,0.00665153400205238,0.0182128082393593,"instability_within_regime"
"Equatorial Guinea",2008-01-01,3,0.0206064343730772,0.0495697087154098,"instability_within_regime"
"Equatorial Guinea",2008-04-01,26,0.186363842673988,0.407355945881722,"instability_within_regime"
"Equatorial Guinea",2008-07-01,0,0,0,"instability_within_regime"
"Equatorial Guinea",2008-10-01,1,0.0077587553249392,0.0176531092185141,"instability_within_regime"
"Equatorial Guinea",2009-01-01,2,0.0159353200476652,0.0374165855574976,"instability_within_regime"
"Equatorial Guinea",2009-04-01,0,0,0,"instability_within_regime"
"Equatorial Guinea",2009-07-01,1,0.00782909003533986,0.0188120557092063,"instability_within_regime"
"Equatorial Guinea",2009-10-01,39,0.292283610258843,0.702609830389463,"instability_within_regime"
"Equatorial Guinea",2010-01-01,1,0.00714239411929153,0.0181499390426044,"instability_within_regime"
"Equatorial Guinea",2010-04-01,1,0.00691097887357146,0.0177694502783597,"instability_within_regime"
"Equatorial Guinea",2010-07-01,2,0.0135009146711583,0.0325266168196301,"instability_within_regime"
"Equatorial Guinea",2010-10-01,6,0.0396931547031769,0.0844526919315999,"instability_within_regime"
"Equatorial Guinea",2011-01-01,25,0.163700995902776,0.293378414302171,"instability_within_regime"
"Equatorial Guinea",2011-04-01,19,0.124545939599081,0.185630198422513,"instability_within_regime"
"Equatorial Guinea",2011-07-01,10,0.0654843916460929,0.0841012241715676,"instability_within_regime"
"Equatorial Guinea",2011-10-01,31,0.199236108723671,0.236697725154431,"instability_within_regime"
"Equatorial Guinea",2012-01-01,21,0.131324391629827,0.159018091372065,"instability_within_regime"
"Equatorial Guinea",2012-04-01,4,0.0246988818606057,0.0357475312988587,"instability_within_regime"
"Equatorial Guinea",2012-07-01,10,0.0614632225461237,0.116842609668249,"instability_within_regime"
"Equatorial Guinea",2012-10-01,2,0.0122943424033182,0.0330855764386892,"instability_within_regime"
"Equatorial Guinea",2013-01-01,6,0.0375621732052938,0.143026393764452,"instability_within_regime"
"Equatorial Guinea",2013-04-01,4,0.0264257189427636,0.126161154589054,"instability_within_regime"
"Equatorial Guinea",2013-07-01,3,0.0208965830880774,0.102259637389864,"instability_within_regime"
"Equatorial Guinea",2013-10-01,3,0.0214884457479752,0.0854778356752795,"instability_within_regime"
"Equatorial Guinea",2014-01-01,2,0.0143081962434278,0.0412348568363938,"instability_within_regime"
"Equatorial Guinea",2014-04-01,3,0.0209285860070396,0.0428186658641933,"instability_within_regime"
"Equatorial Guinea",2014-07-01,1,0.00678685562746942,0.0102631891750561,"instability_within_regime"
"Equatorial Guinea",2014-10-01,1,0.00657789581175906,0.00800816850069982,"instability_within_regime"
"Equatorial Guinea",2015-01-01,1,0.00646401657585605,0.00716939510113239,"instability_within_regime"
"Equatorial Guinea",2015-04-01,2,0.0131707667086822,0.0164359617589061,"instability_within_regime"
"Equatorial Guinea",2015-07-01,3,0.020439768061891,0.0320673543139344,"instability_within_regime"
"Equatorial Guinea",2015-10-01,4,0.0282604381928426,0.058830285014453,"instability_within_regime"
"Equatorial Guinea",2016-01-01,10,0.0726190351757814,0.200197330379973,"instability_within_regime"
"Equatorial Guinea",2016-04-01,34,0.252357627580334,0.865614500001854,"instability_within_regime"
"Equatorial Guinea",2016-07-01,2,0.015134481561907,0.0591188984559766,"instability_within_regime"
"Equatorial Guinea",2016-10-01,3,0.0231029752054565,0.0905452167242519,"instability_within_regime"
"Equatorial Guinea",2017-01-01,8,0.0627481783685248,0.22968849707873,"instability_within_regime"
"Equatorial Guinea",2017-04-01,5,0.0404555339655443,0.134944672154099,"instability_within_regime"
"Equatorial Guinea",2017-07-01,2,0.0166848290258562,0.0496924464194393,"instability_within_regime"
"Equatorial Guinea",2017-10-01,8,0.0681934300151868,0.181991023036644,"instability_within_regime"
"Equatorial Guinea",2018-01-01,22,0.190072164457019,0.482437025083059,"instability_within_regime"
"Equatorial Guinea",2018-04-01,3,0.0261397813725612,0.0691241480056653,"instability_within_regime"
"Equatorial Guinea",2018-07-01,4,0.0350768615449455,0.102262677695196,"instability_within_regime"
"Equatorial Guinea",2018-10-01,3,0.0264564747489309,0.0867860270753355,"instability_within_regime"
"Equatorial Guinea",2019-01-01,2,0.0178582205621645,0.0647904024457018,"instability_within_regime"
"Equatorial Guinea",2019-04-01,6,0.0547537861688011,0.210001049054739,"instability_within_regime"
"Equatorial Guinea",2019-07-01,1,0.00930383568174281,0.0361770924581405,"instability_within_regime"
"Equatorial Guinea",2019-10-01,0,0,0,"instability_within_regime"
"Equatorial Guinea",2020-01-01,1,0.00941840024825558,0.0364165562947921,"instability_within_regime"
"Equatorial Guinea",2020-04-01,0,0,0,"instability_within_regime"
"Equatorial Guinea",2020-07-01,0,0,0,"instability_within_regime"
"Equatorial Guinea",2020-10-01,1,0.00857180911612652,0.0331693455957543,"instability_within_regime"
"Equatorial Guinea",2021-01-01,3,0.0243726863416845,0.0906829899632479,"instability_within_regime"
"Equatorial Guinea",2021-04-01,0,0,0,"instability_within_regime"
"Equatorial Guinea",2021-07-01,0,0,0,"instability_within_regime"
"Equatorial Guinea",2021-10-01,3,0.0208908528520705,0.0795125874296396,"instability_within_regime"
"Equatorial Guinea",2022-01-01,1,0.00673407831146092,0.0257460644264803,"instability_within_regime"
"Equatorial Guinea",2022-04-01,0,0,0,"instability_within_regime"
"Equatorial Guinea",2022-07-01,6,0.0408250247052873,0.147026962668555,"instability_within_regime"
"Equatorial Guinea",2022-10-01,27,0.185625776038967,0.643736790486777,"instability_within_regime"
"Equatorial Guinea",2023-01-01,7,0.048667749529253,0.170425765257777,"instability_within_regime"
"Equatorial Guinea",2023-04-01,0,0,0,"instability_within_regime"
"Equatorial Guinea",2023-07-01,0,0,0,"instability_within_regime"
"Equatorial Guinea",2023-10-01,1,0.00739382753020201,0.0335037604004815,"instability_within_regime"
"Equatorial Guinea",2024-01-01,2,0.0157347254897005,0.0700095076415187,"instability_within_regime"
"Equatorial Guinea",1993-07-01,5,0.0208105311929711,0.41215989257502,"mass_civil_protest"
"Equatorial Guinea",1993-10-01,2,0.00774817079108332,0.153713918145088,"mass_civil_protest"
"Equatorial Guinea",1994-01-01,1,0.00361372465420043,0.0838236545149069,"mass_civil_protest"
"Equatorial Guinea",1994-04-01,0,0,0,"mass_civil_protest"
"Equatorial Guinea",1994-07-01,0,0,0,"mass_civil_protest"
"Equatorial Guinea",1994-10-01,0,0,0,"mass_civil_protest"
"Equatorial Guinea",1995-01-01,0,0,0,"mass_civil_protest"
"Equatorial Guinea",1995-04-01,1,0.00313592564858834,0.118391567259394,"mass_civil_protest"
"Equatorial Guinea",1995-07-01,0,0,0,"mass_civil_protest"
"Equatorial Guinea",1995-10-01,0,0,0,"mass_civil_protest"
"Equatorial Guinea",1996-01-01,1,0.00275690941270504,0.0982760842374239,"mass_civil_protest"
"Equatorial Guinea",1996-04-01,0,0,0,"mass_civil_protest"
"Equatorial Guinea",1996-07-01,0,0,0,"mass_civil_protest"
"Equatorial Guinea",1996-10-01,0,0,0,"mass_civil_protest"
"Equatorial Guinea",1997-01-01,0,0,0,"mass_civil_protest"
"Equatorial Guinea",1997-04-01,0,0,0,"mass_civil_protest"
"Equatorial Guinea",1997-07-01,0,0,0,"mass_civil_protest"
"Equatorial Guinea",1997-10-01,0,0,0,"mass_civil_protest"
"Equatorial Guinea",1998-01-01,0,0,0,"mass_civil_protest"
"Equatorial Guinea",1998-04-01,0,0,0,"mass_civil_protest"
"Equatorial Guinea",1998-07-01,0,0,0,"mass_civil_protest"
"Equatorial Guinea",1998-10-01,0,0,0,"mass_civil_protest"
"Equatorial Guinea",1999-01-01,0,0,0,"mass_civil_protest"
"Equatorial Guinea",1999-04-01,0,0,0,"mass_civil_protest"
"Equatorial Guinea",1999-07-01,0,0,0,"mass_civil_protest"
"Equatorial Guinea",1999-10-01,1,0.00101214587905051,0.0375975394160481,"mass_civil_protest"
"Equatorial Guinea",2000-01-01,0,0,0,"mass_civil_protest"
"Equatorial Guinea",2000-04-01,0,0,0,"mass_civil_protest"
"Equatorial Guinea",2000-07-01,1,0.000919000900405288,0.0276936277429734,"mass_civil_protest"
"Equatorial Guinea",2000-10-01,0,0,0,"mass_civil_protest"
"Equatorial Guinea",2001-01-01,0,0,0,"mass_civil_protest"
"Equatorial Guinea",2001-04-01,2,0.00190071848672539,0.0552730689028498,"mass_civil_protest"
"Equatorial Guinea",2001-07-01,1,0.000946188091475091,0.0278947889907612,"mass_civil_protest"
"Equatorial Guinea",2001-10-01,0,0,0,"mass_civil_protest"
"Equatorial Guinea",2002-01-01,0,0,0,"mass_civil_protest"
"Equatorial Guinea",2002-04-01,0,0,0,"mass_civil_protest"
"Equatorial Guinea",2002-07-01,0,0,0,"mass_civil_protest"
"Equatorial Guinea",2002-10-01,0,0,0,"mass_civil_protest"
"Equatorial Guinea",2003-01-01,0,0,0,"mass_civil_protest"
"Equatorial Guinea",2003-04-01,0,0,0,"mass_civil_protest"
"Equatorial Guinea",2003-07-01,1,0.000864981583774593,0.0109844907809856,"mass_civil_protest"
"Equatorial Guinea",2003-10-01,0,0,0,"mass_civil_protest"
"Equatorial Guinea",2004-01-01,6,0.00559555944511273,0.0355751314354939,"mass_civil_protest"
"Equatorial Guinea",2004-04-01,3,0.00283905774041695,0.0150255146102236,"mass_civil_protest"
"Equatorial Guinea",2004-07-01,2,0.00190466824839748,0.00939003086821744,"mass_civil_protest"
"Equatorial Guinea",2004-10-01,0,0,0,"mass_civil_protest"
"Equatorial Guinea",2005-01-01,0,0,0,"mass_civil_protest"
"Equatorial Guinea",2005-04-01,2,0.00198772652937806,0.0153407178062375,"mass_civil_protest"
"Equatorial Guinea",2005-07-01,0,0,0,"mass_civil_protest"
"Equatorial Guinea",2005-10-01,0,0,0,"mass_civil_protest"
"Equatorial Guinea",2006-01-01,1,0.000935502866735946,0.0169176538452549,"mass_civil_protest"
"Equatorial Guinea",2006-04-01,0,0,0,"mass_civil_protest"
"Equatorial Guinea",2006-07-01,0,0,0,"mass_civil_protest"
"Equatorial Guinea",2006-10-01,0,0,0,"mass_civil_protest"
"Equatorial Guinea",2007-01-01,0,0,0,"mass_civil_protest"
"Equatorial Guinea",2007-04-01,0,0,0,"mass_civil_protest"
"Equatorial Guinea",2007-07-01,0,0,0,"mass_civil_protest"
"Equatorial Guinea",2007-10-01,0,0,0,"mass_civil_protest"
"Equatorial Guinea",2008-01-01,1,0.00101823598952331,0.0165232362384699,"mass_civil_protest"
"Equatorial Guinea",2008-04-01,0,0,0,"mass_civil_protest"
"Equatorial Guinea",2008-07-01,0,0,0,"mass_civil_protest"
"Equatorial Guinea",2008-10-01,0,0,0,"mass_civil_protest"
"Equatorial Guinea",2009-01-01,1,0.0011811298415342,0.0187082927787488,"mass_civil_protest"
"Equatorial Guinea",2009-04-01,0,0,0,"mass_civil_protest"
"Equatorial Guinea",2009-07-01,0,0,0,"mass_civil_protest"
"Equatorial Guinea",2009-10-01,1,0.00111098118385704,0.0180156366766529,"mass_civil_protest"
"Equatorial Guinea",2010-01-01,0,0,0,"mass_civil_protest"
"Equatorial Guinea",2010-04-01,0,0,0,"mass_civil_protest"
"Equatorial Guinea",2010-07-01,0,0,0,"mass_civil_protest"
"Equatorial Guinea",2010-10-01,0,0,0,"mass_civil_protest"
"Equatorial Guinea",2011-01-01,7,0.00679479252578054,0.0821459560046079,"mass_civil_protest"
"Equatorial Guinea",2011-04-01,11,0.0106889613108764,0.107470114876192,"mass_civil_protest"
"Equatorial Guinea",2011-07-01,2,0.0019414876863862,0.0168202448343135,"mass_civil_protest"
"Equatorial Guinea",2011-10-01,4,0.00381094951860294,0.0305416419554105,"mass_civil_protest"
"Equatorial Guinea",2012-01-01,3,0.00278108463125308,0.0227168701960092,"mass_civil_protest"
"Equatorial Guinea",2012-04-01,0,0,0,"mass_civil_protest"
"Equatorial Guinea",2012-07-01,3,0.00273340150391472,0.0350527829004748,"mass_civil_protest"
"Equatorial Guinea",2012-10-01,0,0,0,"mass_civil_protest"
"Equatorial Guinea",2013-01-01,0,0,0,"mass_civil_protest"
"Equatorial Guinea",2013-04-01,4,0.00391736157591221,0.126161154589054,"mass_civil_protest"
"Equatorial Guinea",2013-07-01,0,0,0,"mass_civil_protest"
"Equatorial Guinea",2013-10-01,0,0,0,"mass_civil_protest"
"Equatorial Guinea",2014-01-01,0,0,0,"mass_civil_protest"
"Equatorial Guinea",2014-04-01,0,0,0,"mass_civil_protest"
"Equatorial Guinea",2014-07-01,0,0,0,"mass_civil_protest"
"Equatorial Guinea",2014-10-01,0,0,0,"mass_civil_protest"
"Equatorial Guinea",2015-01-01,1,0.000958228997105573,0.00716939510113239,"mass_civil_protest"
"Equatorial Guinea",2015-04-01,0,0,0,"mass_civil_protest"
"Equatorial Guinea",2015-07-01,0,0,0,"mass_civil_protest"
"Equatorial Guinea",2015-10-01,0,0,0,"mass_civil_protest"
"Equatorial Guinea",2016-01-01,1,0.00107650814985801,0.0200197330379973,"mass_civil_protest"
"Equatorial Guinea",2016-04-01,0,0,0,"mass_civil_protest"
"Equatorial Guinea",2016-07-01,0,0,0,"mass_civil_protest"
"Equatorial Guinea",2016-10-01,0,0,0,"mass_civil_protest"
"Equatorial Guinea",2017-01-01,0,0,0,"mass_civil_protest"
"Equatorial Guinea",2017-04-01,0,0,0,"mass_civil_protest"
"Equatorial Guinea",2017-07-01,1,0.001236683631354,0.0248462232097197,"mass_civil_protest"
"Equatorial Guinea",2017-10-01,3,0.00379088535466748,0.0682466336387413,"mass_civil_protest"
"Equatorial Guinea",2018-01-01,0,0,0,"mass_civil_protest"
"Equatorial Guinea",2018-04-01,1,0.00129165801661387,0.0230413826685551,"mass_civil_protest"
"Equatorial Guinea",2018-07-01,2,0.00259990560554626,0.0511313388475978,"mass_civil_protest"
"Equatorial Guinea",2018-10-01,1,0.00130730694391614,0.0289286756917785,"mass_civil_protest"
"Equatorial Guinea",2019-01-01,0,0,0,"mass_civil_protest"
"Equatorial Guinea",2019-04-01,0,0,0,"mass_civil_protest"
"Equatorial Guinea",2019-07-01,0,0,0,"mass_civil_protest"
"Equatorial Guinea",2019-10-01,0,0,0,"mass_civil_protest"
"Equatorial Guinea",2020-01-01,0,0,0,"mass_civil_protest"
"Equatorial Guinea",2020-04-01,0,0,0,"mass_civil_protest"
"Equatorial Guinea",2020-07-01,0,0,0,"mass_civil_protest"
"Equatorial Guinea",2020-10-01,0,0,0,"mass_civil_protest"
"Equatorial Guinea",2021-01-01,1,0.00120433967105394,0.0302276633210826,"mass_civil_protest"
"Equatorial Guinea",2021-04-01,0,0,0,"mass_civil_protest"
"Equatorial Guinea",2021-07-01,3,0.00325154201410486,0.0820586146546341,"mass_civil_protest"
"Equatorial Guinea",2021-10-01,2,0.00206458020254159,0.0530083916197597,"mass_civil_protest"
"Equatorial Guinea",2022-01-01,0,0,0,"mass_civil_protest"
"Equatorial Guinea",2022-04-01,0,0,0,"mass_civil_protest"
"Equatorial Guinea",2022-07-01,1,0.0010086536242877,0.0245044937780925,"mass_civil_protest"
"Equatorial Guinea",2022-10-01,1,0.00101915764283486,0.0238421033513621,"mass_civil_protest"
"Equatorial Guinea",1992-04-01,1,0.0509072323716869,0.30069046929898,"political_violence"
"Equatorial Guinea",1992-07-01,0,0,0,"political_violence"
"Equatorial Guinea",1992-10-01,0,0,0,"political_violence"
"Equatorial Guinea",1993-01-01,1,0.0484057382771274,0.133103031254966,"political_violence"
"Equatorial Guinea",1993-04-01,0,0,0,"political_violence"
"Equatorial Guinea",1993-07-01,7,0.298558514703837,0.577023849605027,"political_violence"
"Equatorial Guinea",1993-10-01,12,0.476396646405399,0.92228350887053,"political_violence"
"Equatorial Guinea",1994-01-01,1,0.037031671790947,0.0838236545149069,"political_violence"
"Equatorial Guinea",1994-04-01,2,0.0697392008357344,0.197506468829568,"political_violence"
"Equatorial Guinea",1994-07-01,0,0,0,"political_violence"
"Equatorial Guinea",1994-10-01,1,0.0330173237133572,0.131152378537104,"political_violence"
"Equatorial Guinea",1995-01-01,1,0.0326794454715969,0.129045668143254,"political_violence"
"Equatorial Guinea",1995-04-01,0,0,0,"political_violence"
"Equatorial Guinea",1995-07-01,0,0,0,"political_violence"
"Equatorial Guinea",1995-10-01,0,0,0,"political_violence"
"Equatorial Guinea",1996-01-01,7,0.197760156095451,0.687932589661967,"political_violence"
"Equatorial Guinea",1996-04-01,0,0,0,"political_violence"
"Equatorial Guinea",1996-07-01,0,0,0,"political_violence"
"Equatorial Guinea",1996-10-01,0,0,0,"political_violence"
"Equatorial Guinea",1997-01-01,0,0,0,"political_violence"
"Equatorial Guinea",1997-04-01,0,0,0,"political_violence"
"Equatorial Guinea",1997-07-01,3,0.0591869491528832,0.311442645920146,"political_violence"
"Equatorial Guinea",1997-10-01,0,0,0,"political_violence"
"Equatorial Guinea",1998-01-01,6,0.102877897871751,0.428036567925753,"political_violence"
"Equatorial Guinea",1998-04-01,0,0,0,"political_violence"
"Equatorial Guinea",1998-07-01,0,0,0,"political_violence"
"Equatorial Guinea",1998-10-01,3,0.0396747407759767,0.15022370900842,"political_violence"
"Equatorial Guinea",1999-01-01,8,0.0996065172201436,0.379290568747362,"political_violence"
"Equatorial Guinea",1999-04-01,1,0.011753771746241,0.0457257452195817,"political_violence"
"Equatorial Guinea",1999-07-01,1,0.0110642543827378,0.0423712091929639,"political_violence"
"Equatorial Guinea",1999-10-01,7,0.0726038099438312,0.263182775912337,"political_violence"
"Equatorial Guinea",2000-01-01,1,0.00976848188882276,0.0328835713618966,"political_violence"
"Equatorial Guinea",2000-04-01,0,0,0,"political_violence"
"Equatorial Guinea",2000-07-01,3,0.0282524068455265,0.0830808832289203,"political_violence"
"Equatorial Guinea",2000-10-01,2,0.0190499395408292,0.0549703339973026,"political_violence"
"Equatorial Guinea",2001-01-01,8,0.0772185796990459,0.219908366177298,"political_violence"
"Equatorial Guinea",2001-04-01,2,0.0194776276287641,0.0552730689028498,"political_violence"
"Equatorial Guinea",2001-07-01,4,0.0387842796105458,0.111579155963045,"political_violence"
"Equatorial Guinea",2001-10-01,2,0.0188698307952125,0.0557017221642192,"political_violence"
"Equatorial Guinea",2002-01-01,4,0.0360252806938835,0.109587682158633,"political_violence"
"Equatorial Guinea",2002-04-01,5,0.0430414593595042,0.133725476410305,"political_violence"
"Equatorial Guinea",2002-07-01,0,0,0,"political_violence"
"Equatorial Guinea",2002-10-01,11,0.0893234311892025,0.268691621287106,"political_violence"
"Equatorial Guinea",2003-01-01,2,0.0164015579131496,0.0416449281957135,"political_violence"
"Equatorial Guinea",2003-04-01,2,0.0169476265421464,0.0312971537909799,"political_violence"
"Equatorial Guinea",2003-07-01,1,0.00886390557684632,0.0109844907809856,"political_violence"
"Equatorial Guinea",2003-10-01,7,0.0649390052677462,0.0546025750773899,"political_violence"
"Equatorial Guinea",2004-01-01,81,0.774097281687872,0.480264274379167,"political_violence"
"Equatorial Guinea",2004-04-01,25,0.242443887537806,0.125212621751863,"political_violence"
"Equatorial Guinea",2004-07-01,46,0.448916365378337,0.215970709969001,"political_violence"
"Equatorial Guinea",2004-10-01,18,0.177462026288584,0.0915711170509466,"political_violence"
"Equatorial Guinea",2005-01-01,9,0.0902877467417107,0.0544766950322157,"political_violence"
"Equatorial Guinea",2005-04-01,31,0.315723270058266,0.237781125996681,"political_violence"
"Equatorial Guinea",2005-07-01,20,0.203836285977299,0.203045936449517,"political_violence"
"Equatorial Guinea",2005-10-01,3,0.0299210522467519,0.0404340754292522,"political_violence"
"Equatorial Guinea",2006-01-01,3,0.0287597189344693,0.0507529615357646,"political_violence"
"Equatorial Guinea",2006-04-01,7,0.0649543402313183,0.137583049810446,"political_violence"
"Equatorial Guinea",2006-07-01,9,0.0824548432365686,0.191804182221691,"political_violence"
"Equatorial Guinea",2006-10-01,3,0.0275177890389956,0.0658212537506061,"political_violence"
"Equatorial Guinea",2007-01-01,5,0.0465414841468675,0.10872850060262,"political_violence"
"Equatorial Guinea",2007-04-01,4,0.0381581270609018,0.0838016162048126,"political_violence"
"Equatorial Guinea",2007-07-01,0,0,0,"political_violence"
"Equatorial Guinea",2007-10-01,3,0.0303129482276786,0.0546384247180779,"political_violence"
"Equatorial Guinea",2008-01-01,7,0.0730406691283186,0.11566265366929,"political_violence"
"Equatorial Guinea",2008-04-01,13,0.141552247264684,0.203677972940861,"political_violence"
"Equatorial Guinea",2008-07-01,0,0,0,"political_violence"
"Equatorial Guinea",2008-10-01,2,0.0235725822447912,0.0353062184370283,"political_violence"
"Equatorial Guinea",2009-01-01,28,0.338901845311794,0.523832197804966,"political_violence"
"Equatorial Guinea",2009-04-01,0,0,0,"political_violence"
"Equatorial Guinea",2009-07-01,2,0.0237862725438336,0.0376241114184127,"political_violence"
"Equatorial Guinea",2009-10-01,18,0.204926191412074,0.324281460179752,"political_violence"
"Equatorial Guinea",2010-01-01,2,0.0216999590463348,0.0362998780852087,"political_violence"
"Equatorial Guinea",2010-04-01,8,0.083987501121801,0.142155602226877,"political_violence"
"Equatorial Guinea",2010-07-01,5,0.0512729503859373,0.0813165420490753,"political_violence"
"Equatorial Guinea",2010-10-01,6,0.0602976968991602,0.0844526919315999,"political_violence"
"Equatorial Guinea",2011-01-01,45,0.447619434442262,0.528081145743908,"political_violence"
"Equatorial Guinea",2011-04-01,68,0.677126783810608,0.664360710143731,"political_violence"
"Equatorial Guinea",2011-07-01,27,0.268588039355868,0.227073305263232,"political_violence"
"Equatorial Guinea",2011-10-01,19,0.185500491908945,0.1450727992882,"political_violence"
"Equatorial Guinea",2012-01-01,17,0.161495390805986,0.128728931110719,"political_violence"
"Equatorial Guinea",2012-04-01,5,0.0468999536354492,0.0446844141235734,"political_violence"
"Equatorial Guinea",2012-07-01,17,0.158726469214093,0.198632436436024,"political_violence"
"Equatorial Guinea",2012-10-01,7,0.0653669853337845,0.115799517535412,"political_violence"
"Equatorial Guinea",2013-01-01,10,0.0951008871153161,0.238377322940753,"political_violence"
"Equatorial Guinea",2013-04-01,0,0,0,"political_violence"
"Equatorial Guinea",2013-07-01,0,0,0,"political_violence"
"Equatorial Guinea",2013-10-01,4,0.0435240046882862,0.113970447567039,"political_violence"
"Equatorial Guinea",2014-01-01,2,0.0217355180436405,0.0412348568363938,"political_violence"
"Equatorial Guinea",2014-04-01,17,0.180157630581334,0.242639106563762,"political_violence"
"Equatorial Guinea",2014-07-01,4,0.0412395302498601,0.0410527567002245,"political_violence"
"Equatorial Guinea",2014-10-01,2,0.0199849052491642,0.0160163370013996,"political_violence"
"Equatorial Guinea",2015-01-01,11,0.108014050954739,0.0788633461124563,"political_violence"
"Equatorial Guinea",2015-04-01,10,0.100038269176184,0.0821798087945306,"political_violence"
"Equatorial Guinea",2015-07-01,0,0,0,"political_violence"
"Equatorial Guinea",2015-10-01,4,0.0429303074832972,0.058830285014453,"political_violence"
"Equatorial Guinea",2016-01-01,19,0.209598988774699,0.380374927721948,"political_violence"
"Equatorial Guinea",2016-04-01,7,0.07892610418948,0.178214750000382,"political_violence"
"Equatorial Guinea",2016-07-01,1,0.0114953622201356,0.0295594492279883,"political_violence"
"Equatorial Guinea",2016-10-01,2,0.023397085413923,0.0603634778161679,"political_violence"
"Equatorial Guinea",2017-01-01,7,0.0834054217903927,0.200977434943889,"political_violence"
"Equatorial Guinea",2017-04-01,3,0.0368734943320516,0.0809668032924596,"political_violence"
"Equatorial Guinea",2017-07-01,3,0.0380187756908699,0.074538669629159,"political_violence"
"Equatorial Guinea",2017-10-01,6,0.077694254922261,0.136493267277483,"political_violence"
"Equatorial Guinea",2018-01-01,33,0.433106684783588,0.723655537624589,"political_violence"
"Equatorial Guinea",2018-04-01,6,0.0794176540514105,0.138248296011331,"political_violence"
"Equatorial Guinea",2018-07-01,4,0.0532851062463335,0.102262677695196,"political_violence"
"Equatorial Guinea",2018-10-01,2,0.026793276361472,0.057857351383557,"political_violence"
"Equatorial Guinea",2019-01-01,0,0,0,"political_violence"
"Equatorial Guinea",2019-04-01,14,0.194077883959547,0.490002447794391,"political_violence"
"Equatorial Guinea",2019-07-01,1,0.0141334159033829,0.0361770924581405,"political_violence"
"Equatorial Guinea",2019-10-01,1,0.0143123094405851,0.0365101245069868,"political_violence"
"Equatorial Guinea",2020-01-01,2,0.028614900865959,0.0728331125895842,"political_violence"
"Equatorial Guinea",2020-04-01,0,0,0,"political_violence"
"Equatorial Guinea",2020-07-01,3,0.0408610720644548,0.106962835793617,"political_violence"
"Equatorial Guinea",2020-10-01,2,0.0260427951281125,0.0663386911915086,"political_violence"
"Equatorial Guinea",2021-01-01,30,0.370244407288587,0.906829899632479,"political_violence"
"Equatorial Guinea",2021-04-01,0,0,0,"political_violence"
"Equatorial Guinea",2021-07-01,12,0.133280809361993,0.328234458618537,"political_violence"
"Equatorial Guinea",2021-10-01,10,0.105784009246165,0.265041958098799,"political_violence"
"Equatorial Guinea",2022-01-01,1,0.0102297087736183,0.0257460644264803,"political_violence"
"Equatorial Guinea",2022-04-01,4,0.0408622532175828,0.101024139079614,"political_violence"
"Equatorial Guinea",2022-07-01,7,0.0723533015869602,0.171531456446647,"political_violence"
"Equatorial Guinea",2022-10-01,15,0.156657389303971,0.357631550270432,"political_violence"
"Equatorial Guinea",2023-01-01,12,0.126738796226355,0.292158454727618,"political_violence"
"Equatorial Guinea",2023-04-01,1,0.0106553772522203,0.026964814889876,"political_violence"
"Equatorial Guinea",2023-07-01,1,0.010773400523625,0.0306240437556022,"political_violence"
"Equatorial Guinea",2023-10-01,2,0.0224638618257825,0.0670075208009629,"political_violence"
"Equatorial Guinea",2024-01-01,5,0.0597563808838249,0.175023769103797,"political_violence"
"Equatorial Guinea",2024-04-01,0,0,0,"political_violence"
"Equatorial Guinea",2024-07-01,7,0.102577109372941,0.291647146878661,"political_violence"
"Equatorial Guinea",2024-10-01,1,0.0167253127664046,0.0476785418661961,"political_violence"
"Gabon",1990-01-01,4,0.110699673373029,0.0545804041409623,"instability_of_regime"
"Gabon",1990-04-01,6,0.150675768965122,0.0987996511261909,"instability_of_regime"
"Gabon",1990-07-01,0,0,0,"instability_of_regime"
"Gabon",1990-10-01,0,0,0,"instability_of_regime"
"Gabon",1991-01-01,0,0,0,"instability_of_regime"
"Gabon",1991-04-01,3,0.053894000643439,0.145083459349007,"instability_of_regime"
"Gabon",1991-07-01,0,0,0,"instability_of_regime"
"Gabon",1991-10-01,0,0,0,"instability_of_regime"
"Gabon",1992-01-01,0,0,0,"instability_of_regime"
"Gabon",1992-04-01,0,0,0,"instability_of_regime"
"Gabon",1992-07-01,0,0,0,"instability_of_regime"
"Gabon",1992-10-01,1,0.0166743419396204,0.0295817632913754,"instability_of_regime"
"Gabon",1993-01-01,0,0,0,"instability_of_regime"
"Gabon",1993-04-01,0,0,0,"instability_of_regime"
"Gabon",1993-07-01,0,0,0,"instability_of_regime"
"Gabon",1993-10-01,2,0.02627606558361,0.0376449989011703,"instability_of_regime"
"Gabon",1994-01-01,3,0.0367652450785494,0.059475370975306,"instability_of_regime"
"Gabon",1994-04-01,2,0.0230791525767659,0.0434076651528114,"instability_of_regime"
"Gabon",1994-07-01,1,0.0110650658722308,0.0234351062078473,"instability_of_regime"
"Gabon",1994-10-01,6,0.0655595569658367,0.143664296509985,"instability_of_regime"
"Gabon",1995-01-01,0,0,0,"instability_of_regime"
"Gabon",1995-04-01,1,0.0106347407961707,0.023622245983094,"instability_of_regime"
"Gabon",1995-07-01,0,0,0,"instability_of_regime"
"Gabon",1995-10-01,0,0,0,"instability_of_regime"
"Gabon",1996-01-01,1,0.00934939800496846,0.0244527475968872,"instability_of_regime"
"Gabon",1996-04-01,0,0,0,"instability_of_regime"
"Gabon",1996-07-01,0,0,0,"instability_of_regime"
"Gabon",1996-10-01,4,0.0293504159456496,0.0757483647760642,"instability_of_regime"
"Gabon",1997-01-01,5,0.0347645673917984,0.0875007349527396,"instability_of_regime"
"Gabon",1997-04-01,0,0,0,"instability_of_regime"
"Gabon",1997-07-01,0,0,0,"instability_of_regime"
"Gabon",1997-10-01,0,0,0,"instability_of_regime"
"Gabon",1998-01-01,0,0,0,"instability_of_regime"
"Gabon",1998-04-01,0,0,0,"instability_of_regime"
"Gabon",1998-07-01,0,0,0,"instability_of_regime"
"Gabon",1998-10-01,1,0.00437658870400677,0.0165223830964523,"instability_of_regime"
"Gabon",1999-01-01,0,0,0,"instability_of_regime"
"Gabon",1999-04-01,0,0,0,"instability_of_regime"
"Gabon",1999-07-01,0,0,0,"instability_of_regime"
"Gabon",1999-10-01,1,0.00343245034411448,0.0130736192007922,"instability_of_regime"
"Gabon",2000-01-01,1,0.00323273397535114,0.0123268790053797,"instability_of_regime"
"Gabon",2000-04-01,0,0,0,"instability_of_regime"
"Gabon",2000-07-01,2,0.00623314291374047,0.0236595032684519,"instability_of_regime"
"Gabon",2000-10-01,0,0,0,"instability_of_regime"
"Gabon",2001-01-01,2,0.00638858547731691,0.0218172558976041,"instability_of_regime"
"Gabon",2001-04-01,1,0.00322291576681891,0.0102162333027113,"instability_of_regime"
"Gabon",2001-07-01,0,0,0,"instability_of_regime"
"Gabon",2001-10-01,2,0.00624469020008205,0.0190905017000688,"instability_of_regime"
"Gabon",2002-01-01,7,0.0208635551402193,0.0712689461042574,"instability_of_regime"
"Gabon",2002-04-01,0,0,0,"instability_of_regime"
"Gabon",2002-07-01,1,0.00274384211260609,0.0132760608290708,"instability_of_regime"
"Gabon",2002-10-01,0,0,0,"instability_of_regime"
"Gabon",2003-01-01,0,0,0,"instability_of_regime"
"Gabon",2003-04-01,1,0.00280428262794077,0.0177062725015655,"instability_of_regime"
"Gabon",2003-07-01,4,0.0117335115276664,0.0706586147127459,"instability_of_regime"
"Gabon",2003-10-01,1,0.00307008559399528,0.0170979004245079,"instability_of_regime"
"Gabon",2004-01-01,2,0.00632533324837449,0.032345178836749,"instability_of_regime"
"Gabon",2004-04-01,0,0,0,"instability_of_regime"
"Gabon",2004-07-01,1,0.00322961310219868,0.0152992608984986,"instability_of_regime"
"Gabon",2004-10-01,1,0.00326269008296857,0.0154626199763818,"instability_of_regime"
"Gabon",2005-01-01,1,0.00331993206736767,0.0154200352602852,"instability_of_regime"
"Gabon",2005-04-01,0,0,0,"instability_of_regime"
"Gabon",2005-07-01,0,0,0,"instability_of_regime"
"Gabon",2005-10-01,5,0.0165032129654673,0.0741388973173919,"instability_of_regime"
"Gabon",2006-01-01,2,0.00634506784705813,0.0307097143488228,"instability_of_regime"
"Gabon",2006-04-01,0,0,0,"instability_of_regime"
"Gabon",2006-07-01,0,0,0,"instability_of_regime"
"Gabon",2006-10-01,0,0,0,"instability_of_regime"
"Gabon",2007-01-01,3,0.00924132769721359,0.05896082749687,"instability_of_regime"
"Gabon",2007-04-01,0,0,0,"instability_of_regime"
"Gabon",2007-07-01,2,0.0065009760666207,0.0354916938206315,"instability_of_regime"
"Gabon",2007-10-01,2,0.00668774662183708,0.0313454224198275,"instability_of_regime"
"Gabon",2008-01-01,2,0.00690620699045423,0.0271736896074453,"instability_of_regime"
"Gabon",2008-04-01,0,0,0,"instability_of_regime"
"Gabon",2008-07-01,0,0,0,"instability_of_regime"
"Gabon",2008-10-01,0,0,0,"instability_of_regime"
"Gabon",2009-01-01,3,0.0120165569457867,0.0185877514844149,"instability_of_regime"
"Gabon",2009-04-01,2,0.00805192886487873,0.0104290326052906,"instability_of_regime"
"Gabon",2009-07-01,12,0.0472302813935072,0.0594523835932465,"instability_of_regime"
"Gabon",2009-10-01,5,0.018838133048628,0.0269244773901818,"instability_of_regime"
"Gabon",2010-01-01,2,0.00718127910469708,0.0127735265180956,"instability_of_regime"
"Gabon",2010-04-01,0,0,0,"instability_of_regime"
"Gabon",2010-07-01,1,0.00339360425940429,0.0100250391983462,"instability_of_regime"
"Gabon",2010-10-01,1,0.00332577118293713,0.0116183399831491,"instability_of_regime"
"Gabon",2011-01-01,3,0.009875533511539,0.035499884989671,"instability_of_regime"
"Gabon",2011-04-01,0,0,0,"instability_of_regime"
"Gabon",2011-07-01,0,0,0,"instability_of_regime"
"Gabon",2011-10-01,0,0,0,"instability_of_regime"
"Gabon",2012-01-01,1,0.00314379415627028,0.00687446677881579,"instability_of_regime"
"Gabon",2012-04-01,1,0.00310416859621125,0.00722195979427936,"instability_of_regime"
"Gabon",2012-07-01,9,0.0278090296870544,0.0722660017284079,"instability_of_regime"
"Gabon",2012-10-01,3,0.00927095691574261,0.0273326690393797,"instability_of_regime"
"Gabon",2013-01-01,19,0.0597972292408535,0.199073418232005,"instability_of_regime"
"Gabon",2013-04-01,7,0.0232483887878696,0.0899358818670884,"instability_of_regime"
"Gabon",2013-07-01,0,0,0,"instability_of_regime"
"Gabon",2013-10-01,0,0,0,"instability_of_regime"
"Gabon",2014-01-01,2,0.00719304682664485,0.0473767806023166,"instability_of_regime"
"Gabon",2014-04-01,0,0,0,"instability_of_regime"
"Gabon",2014-07-01,0,0,0,"instability_of_regime"
"Gabon",2014-10-01,0,0,0,"instability_of_regime"
"Gabon",2015-01-01,0,0,0,"instability_of_regime"
"Gabon",2015-04-01,0,0,0,"instability_of_regime"
"Gabon",2015-07-01,1,0.00342517454782777,0.0127864038563142,"instability_of_regime"
"Gabon",2015-10-01,0,0,0,"instability_of_regime"
"Gabon",2016-01-01,1,0.00365071957106471,0.00781627701798101,"instability_of_regime"
"Gabon",2016-04-01,0,0,0,"instability_of_regime"
"Gabon",2016-07-01,21,0.0798886067507522,0.105361784212489,"instability_of_regime"
"Gabon",2016-10-01,3,0.0116143767991717,0.014443056250669,"instability_of_regime"
"Gabon",2017-01-01,0,0,0,"instability_of_regime"
"Gabon",2017-04-01,0,0,0,"instability_of_regime"
"Gabon",2017-07-01,1,0.00419391635520351,0.00825347515654656,"instability_of_regime"
"Gabon",2017-10-01,0,0,0,"instability_of_regime"
"Gabon",2018-01-01,4,0.017373360454903,0.0529192048441678,"instability_of_regime"
"Gabon",2018-04-01,5,0.0219017440833905,0.0717784406215722,"instability_of_regime"
"Gabon",2018-07-01,0,0,0,"instability_of_regime"
"Gabon",2018-10-01,0,0,0,"instability_of_regime"
"Gabon",2019-01-01,27,0.121199255066358,0.34791122785858,"instability_of_regime"
"Gabon",2019-04-01,1,0.00458765662640379,0.0141122927691815,"instability_of_regime"
"Gabon",2019-07-01,0,0,0,"instability_of_regime"
"Gabon",2019-10-01,0,0,0,"instability_of_regime"
"Gabon",2020-01-01,0,0,0,"instability_of_regime"
"Gabon",2020-04-01,0,0,0,"instability_of_regime"
"Gabon",2020-07-01,2,0.00901490988640225,0.0528844646505761,"instability_of_regime"
"Gabon",2020-10-01,2,0.00861847619537373,0.0538880211470619,"instability_of_regime"
"Gabon",2021-01-01,0,0,0,"instability_of_regime"
"Gabon",2021-04-01,0,0,0,"instability_of_regime"
"Gabon",2021-07-01,1,0.00367560867006206,0.0203964896250387,"instability_of_regime"
"Gabon",2021-10-01,0,0,0,"instability_of_regime"
"Gabon",2022-01-01,0,0,0,"instability_of_regime"
"Gabon",2022-04-01,0,0,0,"instability_of_regime"
"Gabon",2022-07-01,2,0.00684121439693349,0.0268923572879969,"instability_of_regime"
"Gabon",2022-10-01,0,0,0,"instability_of_regime"
"Gabon",2023-01-01,8,0.0279615479811549,0.0689640396731492,"instability_of_regime"
"Gabon",2023-04-01,0,0,0,"instability_of_regime"
"Gabon",2023-07-01,73,0.260266671509379,0.477420106298515,"instability_of_regime"
"Gabon",2023-10-01,4,0.0148681627643479,0.0293052405445473,"instability_of_regime"
"Gabon",2024-01-01,2,0.007910194641327,0.0184603146360059,"instability_of_regime"
"Gabon",2024-04-01,2,0.00867773657929805,0.0252460330417387,"instability_of_regime"
"Gabon",2024-07-01,3,0.0145484445501334,0.0564158000044683,"instability_of_regime"
"Gabon",2024-10-01,24,0.132839851539747,0.826735683746395,"instability_of_regime"
"Gabon",1990-01-01,19,3.14879070927727,0.259256919669571,"instability_within_regime"
"Gabon",1990-04-01,22,3.3084051883492,0.3622653874627,"instability_within_regime"
"Gabon",1990-07-01,23,3.1766503391121,0.488915378921869,"instability_within_regime"
"Gabon",1990-10-01,10,1.26424849639379,0.285496650099871,"instability_within_regime"
"Gabon",1991-01-01,0,0,0,"instability_within_regime"
"Gabon",1991-04-01,3,0.322733664671822,0.145083459349007,"instability_within_regime"
"Gabon",1991-07-01,1,0.101664860882595,0.0558327940915212,"instability_within_regime"
"Gabon",1991-10-01,0,0,0,"instability_within_regime"
"Gabon",1992-01-01,2,0.198284378040901,0.104171208959337,"instability_within_regime"
"Gabon",1992-04-01,0,0,0,"instability_within_regime"
"Gabon",1992-07-01,1,0.101698641216028,0.0360473527947465,"instability_within_regime"
"Gabon",1992-10-01,1,0.099851030094569,0.0295817632913754,"instability_within_regime"
"Gabon",1993-01-01,4,0.383710406585728,0.100636958443567,"instability_within_regime"
"Gabon",1993-04-01,2,0.181409415421835,0.0433773698263918,"instability_within_regime"
"Gabon",1993-07-01,6,0.507141802711076,0.116393068336117,"instability_within_regime"
"Gabon",1993-10-01,46,3.61902863523498,0.865834974726916,"instability_within_regime"
"Gabon",1994-01-01,14,1.02742018215611,0.277551731218095,"instability_within_regime"
"Gabon",1994-04-01,5,0.345512459628776,0.108519162882028,"instability_within_regime"
"Gabon",1994-07-01,3,0.198782937774813,0.070305318623542,"instability_within_regime"
"Gabon",1994-10-01,8,0.523454084467967,0.191552395346647,"instability_within_regime"
"Gabon",1995-01-01,1,0.0647621736348337,0.0236848578755169,"instability_within_regime"
"Gabon",1995-04-01,1,0.0636840618437355,0.023622245983094,"instability_within_regime"
"Gabon",1995-07-01,4,0.247898076628033,0.0962267378864673,"instability_within_regime"
"Gabon",1995-10-01,0,0,0,"instability_within_regime"
"Gabon",1996-01-01,3,0.167961115036626,0.0733582427906616,"instability_within_regime"
"Gabon",1996-04-01,2,0.103992388910633,0.0467756749217762,"instability_within_regime"
"Gabon",1996-07-01,2,0.0955331372136106,0.0425061676924982,"instability_within_regime"
"Gabon",1996-10-01,30,1.31819411966426,0.568112735820481,"instability_within_regime"
"Gabon",1997-01-01,7,0.291453121712762,0.122501028933835,"instability_within_regime"
"Gabon",1997-04-01,1,0.0401833462509351,0.0167782255646551,"instability_within_regime"
"Gabon",1997-07-01,1,0.0390977205257515,0.017238579816204,"instability_within_regime"
"Gabon",1997-10-01,0,0,0,"instability_within_regime"
"Gabon",1998-01-01,1,0.0339795458022066,0.0189963704890844,"instability_within_regime"
"Gabon",1998-04-01,0,0,0,"instability_within_regime"
"Gabon",1998-07-01,0,0,0,"instability_within_regime"
"Gabon",1998-10-01,6,0.157250064312383,0.0991342985787138,"instability_within_regime"
"Gabon",1999-01-01,1,0.0246742809978929,0.0157053136431069,"instability_within_regime"
"Gabon",1999-04-01,0,0,0,"instability_within_regime"
"Gabon",1999-07-01,2,0.0438529573029392,0.0281627538320947,"instability_within_regime"
"Gabon",1999-10-01,5,0.102772782233135,0.0653680960039611,"instability_within_regime"
"Gabon",2000-01-01,6,0.116151564588055,0.0739612740322782,"instability_within_regime"
"Gabon",2000-04-01,0,0,0,"instability_within_regime"
"Gabon",2000-07-01,6,0.111977865678425,0.0709785098053556,"instability_within_regime"
"Gabon",2000-10-01,12,0.226512195872211,0.137653826207862,"instability_within_regime"
"Gabon",2001-01-01,11,0.210412359112566,0.119994907436822,"instability_within_regime"
"Gabon",2001-04-01,16,0.308796794874626,0.16345973284338,"instability_within_regime"
"Gabon",2001-07-01,3,0.0576452770432529,0.0293222125028263,"instability_within_regime"
"Gabon",2001-10-01,52,0.972272701093477,0.496353044201789,"instability_within_regime"
"Gabon",2002-01-01,16,0.285571000348666,0.162900448238303,"instability_within_regime"
"Gabon",2002-04-01,10,0.170593988013631,0.115102140318906,"instability_within_regime"
"Gabon",2002-07-01,1,0.0164309609550213,0.0132760608290708,"instability_within_regime"
"Gabon",2002-10-01,8,0.128738794272761,0.121684191201949,"instability_within_regime"
"Gabon",2003-01-01,6,0.0975108842385079,0.100840143829218,"instability_within_regime"
"Gabon",2003-04-01,1,0.0167928971404173,0.0177062725015655,"instability_within_regime"
"Gabon",2003-07-01,8,0.140527670226086,0.141317229425492,"instability_within_regime"
"Gabon",2003-10-01,2,0.0367692122602475,0.0341958008490159,"instability_within_regime"
"Gabon",2004-01-01,2,0.037878018984418,0.032345178836749,"instability_within_regime"
"Gabon",2004-04-01,6,0.115310596601701,0.0928406654277199,"instability_within_regime"
"Gabon",2004-07-01,3,0.0580197160816044,0.0458977826954958,"instability_within_regime"
"Gabon",2004-10-01,2,0.0390759607597639,0.0309252399527636,"instability_within_regime"
"Gabon",2005-01-01,9,0.178926865104447,0.138780317342566,"instability_within_regime"
"Gabon",2005-04-01,4,0.0807330998311964,0.0615131971124255,"instability_within_regime"
"Gabon",2005-07-01,1,0.0201975289896136,0.015073115294891,"instability_within_regime"
"Gabon",2005-10-01,61,1.20568034464906,0.904494547272182,"instability_within_regime"
"Gabon",2006-01-01,14,0.265973370337501,0.214968000441759,"instability_within_regime"
"Gabon",2006-04-01,7,0.128722632825971,0.115778358675222,"instability_within_regime"
"Gabon",2006-07-01,2,0.0363120188149448,0.0357822675968593,"instability_within_regime"
"Gabon",2006-10-01,13,0.236310148259277,0.247011144783441,"instability_within_regime"
"Gabon",2007-01-01,5,0.0922331341320342,0.0982680458281166,"instability_within_regime"
"Gabon",2007-04-01,7,0.132334120901179,0.134872442846874,"instability_within_regime"
"Gabon",2007-07-01,2,0.0389298215919275,0.0354916938206315,"instability_within_regime"
"Gabon",2007-10-01,0,0,0,"instability_within_regime"
"Gabon",2008-01-01,7,0.144747636571859,0.0951079136260587,"instability_within_regime"
"Gabon",2008-04-01,5,0.107892227332033,0.0586201892260822,"instability_within_regime"
"Gabon",2008-07-01,0,0,0,"instability_within_regime"
"Gabon",2008-10-01,1,0.0233573679468553,0.00779792017405292,"instability_within_regime"
"Gabon",2009-01-01,5,0.119931328581731,0.0309795858073582,"instability_within_regime"
"Gabon",2009-04-01,32,0.77147837732265,0.166864521684649,"instability_within_regime"
"Gabon",2009-07-01,208,4.90237431509058,1.03050798228294,"instability_within_regime"
"Gabon",2009-10-01,37,0.834782672451951,0.199241132687346,"instability_within_regime"
"Gabon",2010-01-01,14,0.301025781417945,0.0894146856266691,"instability_within_regime"
"Gabon",2010-04-01,3,0.0624155304539973,0.0240782876998738,"instability_within_regime"
"Gabon",2010-07-01,5,0.10160967139269,0.050125195991731,"instability_within_regime"
"Gabon",2010-10-01,7,0.139410104323353,0.0813283798820439,"instability_within_regime"
"Gabon",2011-01-01,10,0.197125659177698,0.11833294996557,"instability_within_regime"
"Gabon",2011-04-01,18,0.355206024691896,0.192709903392362,"instability_within_regime"
"Gabon",2011-07-01,8,0.15771014461944,0.0722302110727227,"instability_within_regime"
"Gabon",2011-10-01,30,0.580442838947685,0.227069680332609,"instability_within_regime"
"Gabon",2012-01-01,18,0.33886791747587,0.123740402018684,"instability_within_regime"
"Gabon",2012-04-01,2,0.0371774110236295,0.0144439195885587,"instability_within_regime"
"Gabon",2012-07-01,27,0.499586778939364,0.216798005185224,"instability_within_regime"
"Gabon",2012-10-01,4,0.0740230789997695,0.0364435587191729,"instability_within_regime"
"Gabon",2013-01-01,49,0.923479770510639,0.513399868072014,"instability_within_regime"
"Gabon",2013-04-01,7,0.139218421747242,0.0899358818670884,"instability_within_regime"
"Gabon",2013-07-01,0,0,0,"instability_within_regime"
"Gabon",2013-10-01,3,0.0646899551437302,0.0600594583773701,"instability_within_regime"
"Gabon",2014-01-01,4,0.0861483035144365,0.0947535612046333,"instability_within_regime"
"Gabon",2014-04-01,1,0.0210015079095031,0.02528376919757,"instability_within_regime"
"Gabon",2014-07-01,1,0.0204315096241588,0.0237725420797571,"instability_within_regime"
"Gabon",2014-10-01,0,0,0,"instability_within_regime"
"Gabon",2015-01-01,8,0.155676942760686,0.138349199321001,"instability_within_regime"
"Gabon",2015-04-01,19,0.37667474963367,0.286716418213639,"instability_within_regime"
"Gabon",2015-07-01,10,0.205109867659394,0.127864038563142,"instability_within_regime"
"Gabon",2015-10-01,1,0.0212691799639512,0.010225947234941,"instability_within_regime"
"Gabon",2016-01-01,7,0.15303133266311,0.054713939125867,"instability_within_regime"
"Gabon",2016-04-01,13,0.290477646339651,0.0786470032965532,"instability_within_regime"
"Gabon",2016-07-01,332,7.56323304367578,1.66571963612126,"instability_within_regime"
"Gabon",2016-10-01,24,0.556403361045699,0.115544450005352,"instability_within_regime"
"Gabon",2017-01-01,3,0.0708376647784043,0.0152685506065421,"instability_within_regime"
"Gabon",2017-04-01,4,0.0974315856340913,0.0250560899618862,"instability_within_regime"
"Gabon",2017-07-01,10,0.251144464779439,0.0825347515654656,"instability_within_regime"
"Gabon",2017-10-01,3,0.0769849175084339,0.0325569819874735,"instability_within_regime"
"Gabon",2018-01-01,9,0.234083172445008,0.119068210899378,"instability_within_regime"
"Gabon",2018-04-01,16,0.419693772002656,0.229691009989031,"instability_within_regime"
"Gabon",2018-07-01,5,0.131996552155196,0.0698534752400724,"instability_within_regime"
"Gabon",2018-10-01,39,1.03539764592332,0.510494637328868,"instability_within_regime"
"Gabon",2019-01-01,61,1.63972065593784,0.786021662939754,"instability_within_regime"
"Gabon",2019-04-01,1,0.0274722829557747,0.0141122927691815,"instability_within_regime"
"Gabon",2019-07-01,1,0.0280087596830167,0.0161938647144819,"instability_within_regime"
"Gabon",2019-10-01,6,0.170179681276216,0.112597016205604,"instability_within_regime"
"Gabon",2020-01-01,4,0.113414603686311,0.0862097213067904,"instability_within_regime"
"Gabon",2020-04-01,9,0.251018460460315,0.21745528439447,"instability_within_regime"
"Gabon",2020-07-01,5,0.134960054439706,0.13221116162644,"instability_within_regime"
"Gabon",2020-10-01,2,0.0516100562810684,0.0538880211470619,"instability_within_regime"
"Gabon",2021-01-01,3,0.0733728257812382,0.0761088500496472,"instability_within_regime"
"Gabon",2021-04-01,5,0.115840642421297,0.114002054692484,"instability_within_regime"
"Gabon",2021-07-01,10,0.220106624452839,0.203964896250387,"instability_within_regime"
"Gabon",2021-10-01,1,0.0209636432801265,0.0185432228991068,"instability_within_regime"
"Gabon",2022-01-01,1,0.0202726259968719,0.0170185634820816,"instability_within_regime"
"Gabon",2022-04-01,1,0.0202445933506405,0.015593416198052,"instability_within_regime"
"Gabon",2022-07-01,6,0.122901816534384,0.0806770718639907,"instability_within_regime"
"Gabon",2022-10-01,15,0.310454259577366,0.162864758640099,"instability_within_regime"
"Gabon",2023-01-01,12,0.251163378357041,0.103446059509724,"instability_within_regime"
"Gabon",2023-04-01,7,0.147813332587574,0.0501623942411785,"instability_within_regime"
"Gabon",2023-07-01,293,6.2555739795163,1.9162204266502,"instability_within_regime"
"Gabon",2023-10-01,19,0.42291662974145,0.1391998925866,"instability_within_regime"
"Gabon",2024-01-01,6,0.142105952854717,0.0553809439080177,"instability_within_regime"
"Gabon",2024-04-01,7,0.181877239182481,0.0883611156460855,"instability_within_regime"
"Gabon",2024-07-01,5,0.145200850091,0.0940263333407804,"instability_within_regime"
"Gabon",2024-10-01,26,0.861775878994695,0.895630324058595,"instability_within_regime"
"Gabon",1990-01-01,27,1.00566524551397,0.368417727951495,"mass_civil_protest"
"Gabon",1990-04-01,16,0.540773595769758,0.263465736336509,"mass_civil_protest"
"Gabon",1990-07-01,2,0.0620827657937349,0.0425143807758147,"mass_civil_protest"
"Gabon",1990-10-01,0,0,0,"mass_civil_protest"
"Gabon",1991-01-01,0,0,0,"mass_civil_protest"
"Gabon",1991-04-01,1,0.0241781182854925,0.0483611531163355,"mass_civil_protest"
"Gabon",1991-07-01,1,0.022849166055209,0.0558327940915212,"mass_civil_protest"
"Gabon",1991-10-01,0,0,0,"mass_civil_protest"
"Gabon",1992-01-01,4,0.0891287833510624,0.208342417918674,"mass_civil_protest"
"Gabon",1992-04-01,0,0,0,"mass_civil_protest"
"Gabon",1992-07-01,1,0.0228567581813508,0.0360473527947465,"mass_civil_protest"
"Gabon",1992-10-01,0,0,0,"mass_civil_protest"
"Gabon",1993-01-01,1,0.021559717686807,0.0251592396108917,"mass_civil_protest"
"Gabon",1993-04-01,0,0,0,"mass_civil_protest"
"Gabon",1993-07-01,1,0.0189966771919113,0.0193988447226861,"mass_civil_protest"
"Gabon",1993-10-01,16,0.282913488331754,0.301159991209362,"mass_civil_protest"
"Gabon",1994-01-01,6,0.098962530191661,0.118950741950612,"mass_civil_protest"
"Gabon",1994-04-01,6,0.0931846637549845,0.130222995458434,"mass_civil_protest"
"Gabon",1994-07-01,0,0,0,"mass_civil_protest"
"Gabon",1994-10-01,8,0.117646246642664,0.191552395346647,"mass_civil_protest"
"Gabon",1995-01-01,2,0.0291105824890165,0.0473697157510338,"mass_civil_protest"
"Gabon",1995-04-01,2,0.0286259714812992,0.0472444919661879,"mass_civil_protest"
"Gabon",1995-07-01,2,0.0278575324279549,0.0481133689432336,"mass_civil_protest"
"Gabon",1995-10-01,0,0,0,"mass_civil_protest"
"Gabon",1996-01-01,0,0,0,"mass_civil_protest"
"Gabon",1996-04-01,0,0,0,"mass_civil_protest"
"Gabon",1996-07-01,0,0,0,"mass_civil_protest"
"Gabon",1996-10-01,2,0.0197509320144165,0.0378741823880321,"mass_civil_protest"
"Gabon",1997-01-01,0,0,0,"mass_civil_protest"
"Gabon",1997-04-01,0,0,0,"mass_civil_protest"
"Gabon",1997-07-01,0,0,0,"mass_civil_protest"
"Gabon",1997-10-01,0,0,0,"mass_civil_protest"
"Gabon",1998-01-01,0,0,0,"mass_civil_protest"
"Gabon",1998-04-01,0,0,0,"mass_civil_protest"
"Gabon",1998-07-01,0,0,0,"mass_civil_protest"
"Gabon",1998-10-01,4,0.0235612895184781,0.0660895323858092,"mass_civil_protest"
"Gabon",1999-01-01,0,0,0,"mass_civil_protest"
"Gabon",1999-04-01,0,0,0,"mass_civil_protest"
"Gabon",1999-07-01,1,0.00492797361216075,0.0140813769160473,"mass_civil_protest"
"Gabon",1999-10-01,0,0,0,"mass_civil_protest"
"Gabon",2000-01-01,0,0,0,"mass_civil_protest"
"Gabon",2000-04-01,0,0,0,"mass_civil_protest"
"Gabon",2000-07-01,2,0.00838900424126205,0.0236595032684519,"mass_civil_protest"
"Gabon",2000-10-01,3,0.0127271476400068,0.0344134565519656,"mass_civil_protest"
"Gabon",2001-01-01,0,0,0,"mass_civil_protest"
"Gabon",2001-04-01,2,0.00867525561702527,0.0204324666054225,"mass_civil_protest"
"Gabon",2001-07-01,0,0,0,"mass_civil_protest"
"Gabon",2001-10-01,7,0.0294159088835116,0.0668167559502408,"mass_civil_protest"
"Gabon",2002-01-01,2,0.00802275627841326,0.0203625560297878,"mass_civil_protest"
"Gabon",2002-04-01,2,0.00766819592591621,0.0230204280637812,"mass_civil_protest"
"Gabon",2002-07-01,2,0.00738571325527105,0.0265521216581416,"mass_civil_protest"
"Gabon",2002-10-01,5,0.0180837684632912,0.0760526195012179,"mass_civil_protest"
"Gabon",2003-01-01,2,0.00730518675713305,0.0336133812764061,"mass_civil_protest"
"Gabon",2003-04-01,0,0,0,"mass_civil_protest"
"Gabon",2003-07-01,1,0.00394794726082342,0.0176646536781865,"mass_civil_protest"
"Gabon",2003-10-01,3,0.0123958144833913,0.0512937012735238,"mass_civil_protest"
"Gabon",2004-01-01,1,0.00425654025443856,0.0161725894183745,"mass_civil_protest"
"Gabon",2004-04-01,2,0.00863868120805328,0.0309468884759066,"mass_civil_protest"
"Gabon",2004-07-01,4,0.0173865662231202,0.0611970435939945,"mass_civil_protest"
"Gabon",2004-10-01,0,0,0,"mass_civil_protest"
"Gabon",2005-01-01,0,0,0,"mass_civil_protest"
"Gabon",2005-04-01,1,0.00453618877796196,0.0153782992781064,"mass_civil_protest"
"Gabon",2005-07-01,0,0,0,"mass_civil_protest"
"Gabon",2005-10-01,22,0.0977292374171112,0.326211148196525,"mass_civil_protest"
"Gabon",2006-01-01,4,0.0170792814529336,0.0614194286976455,"mass_civil_protest"
"Gabon",2006-04-01,1,0.00413291389398807,0.0165397655250318,"mass_civil_protest"
"Gabon",2006-07-01,1,0.0040805610734111,0.0178911337984296,"mass_civil_protest"
"Gabon",2006-10-01,0,0,0,"mass_civil_protest"
"Gabon",2007-01-01,0,0,0,"mass_civil_protest"
"Gabon",2007-04-01,0,0,0,"mass_civil_protest"
"Gabon",2007-07-01,0,0,0,"mass_civil_protest"
"Gabon",2007-10-01,0,0,0,"mass_civil_protest"
"Gabon",2008-01-01,0,0,0,"mass_civil_protest"
"Gabon",2008-04-01,1,0.00484975319294027,0.0117240378452164,"mass_civil_protest"
"Gabon",2008-07-01,0,0,0,"mass_civil_protest"
"Gabon",2008-10-01,0,0,0,"mass_civil_protest"
"Gabon",2009-01-01,3,0.0161727315703529,0.0185877514844149,"mass_civil_protest"
"Gabon",2009-04-01,7,0.037928992189665,0.036501614118517,"mass_civil_protest"
"Gabon",2009-07-01,58,0.307234944336254,0.287353187367358,"mass_civil_protest"
"Gabon",2009-10-01,3,0.0152122144699132,0.0161546864341091,"mass_civil_protest"
"Gabon",2010-01-01,2,0.00966507293362192,0.0127735265180956,"mass_civil_protest"
"Gabon",2010-04-01,0,0,0,"mass_civil_protest"
"Gabon",2010-07-01,0,0,0,"mass_civil_protest"
"Gabon",2010-10-01,1,0.00447605789651054,0.0116183399831491,"mass_civil_protest"
"Gabon",2011-01-01,11,0.048734366715406,0.130166244962127,"mass_civil_protest"
"Gabon",2011-04-01,0,0,0,"mass_civil_protest"
"Gabon",2011-07-01,4,0.0177226686375053,0.0361151055363614,"mass_civil_protest"
"Gabon",2011-10-01,9,0.0391363388417613,0.0681209040997827,"mass_civil_protest"
"Gabon",2012-01-01,1,0.00423114035336305,0.00687446677881579,"mass_civil_protest"
"Gabon",2012-04-01,5,0.0208890473711132,0.0361097989713968,"mass_civil_protest"
"Gabon",2012-07-01,24,0.0998062865849211,0.192709337942421,"mass_civil_protest"
"Gabon",2012-10-01,6,0.0249550180263878,0.0546653380787593,"mass_civil_protest"
"Gabon",2013-01-01,1,0.00423575458395589,0.0104775483280003,"mass_civil_protest"
"Gabon",2013-04-01,4,0.0178796140789371,0.0513919324954791,"mass_civil_protest"
"Gabon",2013-07-01,0,0,0,"mass_civil_protest"
"Gabon",2013-10-01,0,0,0,"mass_civil_protest"
"Gabon",2014-01-01,1,0.00484045538273315,0.0236883903011583,"mass_civil_protest"
"Gabon",2014-04-01,0,0,0,"mass_civil_protest"
"Gabon",2014-07-01,0,0,0,"mass_civil_protest"
"Gabon",2014-10-01,1,0.00445059749634229,0.0204463685104571,"mass_civil_protest"
"Gabon",2015-01-01,0,0,0,"mass_civil_protest"
"Gabon",2015-04-01,2,0.00891132711980332,0.0301806756014357,"mass_civil_protest"
"Gabon",2015-07-01,0,0,0,"mass_civil_protest"
"Gabon",2015-10-01,1,0.00478024580602798,0.010225947234941,"mass_civil_protest"
"Gabon",2016-01-01,0,0,0,"mass_civil_protest"
"Gabon",2016-04-01,1,0.00502190910478642,0.00604976948435025,"mass_civil_protest"
"Gabon",2016-07-01,64,0.327679185808686,0.32110258045711,"mass_civil_protest"
"Gabon",2016-10-01,0,0,0,"mass_civil_protest"
"Gabon",2017-01-01,0,0,0,"mass_civil_protest"
"Gabon",2017-04-01,0,0,0,"mass_civil_protest"
"Gabon",2017-07-01,3,0.0169334070684034,0.0247604254696397,"mass_civil_protest"
"Gabon",2017-10-01,0,0,0,"mass_civil_protest"
"Gabon",2018-01-01,2,0.0116911481541576,0.0264596024220839,"mass_civil_protest"
"Gabon",2018-04-01,1,0.00589538300498686,0.0143556881243144,"mass_civil_protest"
"Gabon",2018-07-01,0,0,0,"mass_civil_protest"
"Gabon",2018-10-01,10,0.0596680780851645,0.130896060853556,"mass_civil_protest"
"Gabon",2019-01-01,30,0.181242803164383,0.386568030953977,"mass_civil_protest"
"Gabon",2019-04-01,1,0.00617439250614907,0.0141122927691815,"mass_civil_protest"
"Gabon",2019-07-01,1,0.00629496559029131,0.0161938647144819,"mass_civil_protest"
"Gabon",2019-10-01,0,0,0,"mass_civil_protest"
"Gabon",2020-01-01,1,0.00637247985738866,0.0215524303266976,"mass_civil_protest"
"Gabon",2020-04-01,1,0.0062684856412725,0.0241616982660522,"mass_civil_protest"
"Gabon",2020-07-01,0,0,0,"mass_civil_protest"
"Gabon",2020-10-01,0,0,0,"mass_civil_protest"
"Gabon",2021-01-01,3,0.0164905343464887,0.0761088500496472,"mass_civil_protest"
"Gabon",2021-04-01,2,0.0104140685450127,0.0456008218769935,"mass_civil_protest"
"Gabon",2021-07-01,1,0.00494689391035741,0.0203964896250387,"mass_civil_protest"
"Gabon",2021-10-01,1,0.00471157647068378,0.0185432228991068,"mass_civil_protest"
"Gabon",2022-01-01,0,0,0,"mass_civil_protest"
"Gabon",2022-04-01,0,0,0,"mass_civil_protest"
"Gabon",2022-07-01,1,0.00460369490845013,0.0134461786439984,"mass_civil_protest"
"Gabon",2022-10-01,2,0.0093032746589103,0.0217153011520132,"mass_civil_protest"
"Gabon",2023-01-01,0,0,0,"mass_civil_protest"
"Gabon",2023-04-01,0,0,0,"mass_civil_protest"
"Gabon",2023-07-01,12,0.057581141926557,0.0784800174737284,"mass_civil_protest"
"Gabon",2023-10-01,1,0.00500265605233169,0.00732631013613682,"mass_civil_protest"
"Gabon",2024-01-01,1,0.0053230494883262,0.00923015731800294,"mass_civil_protest"
"Gabon",2024-04-01,2,0.0116791111604083,0.0252460330417387,"mass_civil_protest"
"Gabon",2024-07-01,1,0.00652677494718287,0.0188052666681561,"mass_civil_protest"
"Gabon",1990-01-01,24,4.94652751019482,0.327482424845774,"political_violence"
"Gabon",1990-04-01,55,10.2862646664129,0.90566346865675,"political_violence"
"Gabon",1990-07-01,7,1.20237132506856,0.148800332715352,"political_violence"
"Gabon",1990-10-01,1,0.157228560562256,0.0285496650099871,"political_violence"
"Gabon",1991-01-01,2,0.288796398414965,0.0764103613850923,"political_violence"
"Gabon",1991-04-01,3,0.401368478476138,0.145083459349007,"political_violence"
"Gabon",1991-07-01,1,0.126435742513657,0.0558327940915212,"political_violence"
"Gabon",1991-10-01,0,0,0,"political_violence"
"Gabon",1992-01-01,2,0.246596831479577,0.104171208959337,"political_violence"
"Gabon",1992-04-01,0,0,0,"political_violence"
"Gabon",1992-07-01,1,0.126477753504504,0.0360473527947465,"political_violence"
"Gabon",1992-10-01,3,0.372539902808888,0.0887452898741263,"political_violence"
"Gabon",1993-01-01,1,0.119300586617901,0.0251592396108917,"political_violence"
"Gabon",1993-04-01,6,0.676830734003049,0.130132109479175,"political_violence"
"Gabon",1993-07-01,19,1.9972422899249,0.368578049731037,"political_violence"
"Gabon",1993-10-01,42,4.10943836219458,0.790544976924576,"political_violence"
"Gabon",1994-01-01,14,1.2777535175545,0.277551731218095,"political_violence"
"Gabon",1994-04-01,9,0.773455284381879,0.195334493187651,"political_violence"
"Gabon",1994-07-01,3,0.247216866461156,0.070305318623542,"political_violence"
"Gabon",1994-10-01,6,0.488246174245573,0.143664296509985,"political_violence"
"Gabon",1995-01-01,12,0.966499548327664,0.284218294506203,"political_violence"
"Gabon",1995-04-01,2,0.158401665542963,0.0472444919661879,"political_violence"
"Gabon",1995-07-01,15,1.15612134003589,0.360850267074252,"political_violence"
"Gabon",1995-10-01,1,0.0737696420035361,0.0244719958530599,"political_violence"
"Gabon",1996-01-01,16,1.11405458332887,0.391243961550195,"political_violence"
"Gabon",1996-04-01,3,0.193995567301305,0.0701635123826643,"political_violence"
"Gabon",1996-07-01,2,0.118810010001497,0.0425061676924982,"political_violence"
"Gabon",1996-10-01,25,1.36614600536494,0.473427279850401,"political_violence"
"Gabon",1997-01-01,3,0.155342724819141,0.0525004409716438,"political_violence"
"Gabon",1997-04-01,3,0.14992233823408,0.0503346766939652,"political_violence"
"Gabon",1997-07-01,2,0.0972479435342667,0.034477159632408,"political_violence"
"Gabon",1997-10-01,2,0.0921413647445561,0.036540152710745,"political_violence"
"Gabon",1998-01-01,3,0.126776225329424,0.0569891114672531,"political_violence"
"Gabon",1998-04-01,0,0,0,"political_violence"
"Gabon",1998-07-01,2,0.0698955737157679,0.0349593268634385,"political_violence"
"Gabon",1998-10-01,3,0.0977822055184669,0.0495671492893569,"political_violence"
"Gabon",1999-01-01,0,0,0,"political_violence"
"Gabon",1999-04-01,2,0.0579365965362021,0.029891694300766,"political_violence"
"Gabon",1999-07-01,4,0.109075666260338,0.0563255076641894,"political_violence"
"Gabon",1999-10-01,10,0.255627222995894,0.130736192007922,"political_violence"
"Gabon",2000-01-01,7,0.168527526451858,0.0862881530376579,"political_violence"
"Gabon",2000-04-01,0,0,0,"political_violence"
"Gabon",2000-07-01,9,0.208892302648644,0.106467764708033,"political_violence"
"Gabon",2000-10-01,27,0.633830452389978,0.30972110896769,"political_violence"
"Gabon",2001-01-01,37,0.880195770170861,0.403619234105675,"political_violence"
"Gabon",2001-04-01,58,1.39212998412015,0.592541531557254,"political_violence"
"Gabon",2001-07-01,7,0.167278262435572,0.0684184958399281,"political_violence"
"Gabon",2001-10-01,72,1.67423430943253,0.687258061202477,"political_violence"
"Gabon",2002-01-01,53,1.17643783288778,0.539607734789378,"political_violence"
"Gabon",2002-04-01,14,0.297023458231936,0.161142996446468,"political_violence"
"Gabon",2002-07-01,10,0.204344031017769,0.132760608290708,"political_violence"
"Gabon",2002-10-01,15,0.300199318554128,0.228157858503654,"political_violence"
"Gabon",2003-01-01,27,0.545713378759599,0.453780647231482,"political_violence"
"Gabon",2003-04-01,1,0.0208845258870326,0.0177062725015655,"political_violence"
"Gabon",2003-07-01,12,0.262151349657599,0.211975844138238,"political_violence"
"Gabon",2003-10-01,16,0.365824936042385,0.273566406792127,"political_violence"
"Gabon",2004-01-01,9,0.211981891889603,0.14555330476537,"political_violence"
"Gabon",2004-04-01,11,0.262911538492013,0.170207886617486,"political_violence"
"Gabon",2004-07-01,16,0.384833898072517,0.244788174375978,"political_violence"
"Gabon",2004-10-01,5,0.121492275457908,0.0773130998819091,"political_violence"
"Gabon",2005-01-01,20,0.49449514477108,0.308400705205703,"political_violence"
"Gabon",2005-04-01,4,0.10040390882327,0.0615131971124255,"political_violence"
"Gabon",2005-07-01,0,0,0,"political_violence"
"Gabon",2005-10-01,50,1.22905507084928,0.741388973173919,"political_violence"
"Gabon",2006-01-01,9,0.212643260611277,0.138193714569702,"political_violence"
"Gabon",2006-04-01,10,0.228694577153842,0.165397655250318,"political_violence"
"Gabon",2006-07-01,4,0.0903190546110004,0.0715645351937186,"political_violence"
"Gabon",2006-10-01,2,0.0452134876514707,0.0380017145820679,"political_violence"
"Gabon",2007-01-01,2,0.045882381373885,0.0393072183312467,"political_violence"
"Gabon",2007-04-01,5,0.117555456869177,0.0963374591763384,"political_violence"
"Gabon",2007-07-01,6,0.14524549159371,0.106475081461895,"political_violence"
"Gabon",2007-10-01,1,0.0249030564997354,0.0156727112099137,"political_violence"
"Gabon",2008-01-01,9,0.231448805324828,0.122281603233504,"political_violence"
"Gabon",2008-04-01,9,0.241524758509003,0.105516340606948,"political_violence"
"Gabon",2008-07-01,0,0,0,"political_violence"
"Gabon",2008-10-01,3,0.0871453361728132,0.0233937605221588,"political_violence"
"Gabon",2009-01-01,25,0.745764389398606,0.154897929036791,"political_violence"
"Gabon",2009-04-01,34,1.01941657286662,0.17729355428994,"political_violence"
"Gabon",2009-07-01,170,4.98300183737199,0.842242100904326,"political_violence"
"Gabon",2009-10-01,21,0.589236972147349,0.113082805038764,"political_violence"
"Gabon",2010-01-01,10,0.267408156135431,0.063867632590478,"political_violence"
"Gabon",2010-04-01,2,0.0517488138236755,0.0160521917999159,"political_violence"
"Gabon",2010-07-01,5,0.126367105975186,0.050125195991731,"political_violence"
"Gabon",2010-10-01,3,0.0743047298503586,0.0348550199494474,"political_violence"
"Gabon",2011-01-01,21,0.514827154904178,0.248499194927697,"political_violence"
"Gabon",2011-04-01,15,0.368127337601831,0.160591586160302,"political_violence"
"Gabon",2011-07-01,4,0.0980682954945593,0.0361151055363614,"political_violence"
"Gabon",2011-10-01,7,0.168436122649712,0.0529829254109421,"political_violence"
"Gabon",2012-01-01,8,0.187303946573577,0.0549957342305263,"political_violence"
"Gabon",2012-04-01,4,0.0924715487081877,0.0288878391771174,"political_violence"
"Gabon",2012-07-01,30,0.690346965038281,0.240886672428026,"political_violence"
"Gabon",2012-10-01,21,0.483309622370687,0.191328683275658,"political_violence"
"Gabon",2013-01-01,163,3.82047976128993,1.70784037746405,"political_violence"
"Gabon",2013-04-01,36,0.890430770566974,0.462527392459312,"political_violence"
"Gabon",2013-07-01,7,0.182550447457317,0.113029355271571,"political_violence"
"Gabon",2013-10-01,3,0.0804518143315824,0.0600594583773701,"political_violence"
"Gabon",2014-01-01,14,0.374984888515354,0.331637464216216,"political_violence"
"Gabon",2014-04-01,3,0.0783557236018131,0.07585130759271,"political_violence"
"Gabon",2014-07-01,6,0.152458168982615,0.142635252478543,"political_violence"
"Gabon",2014-10-01,6,0.147764149742659,0.122678211062743,"political_violence"
"Gabon",2015-01-01,12,0.290411992098244,0.207523798981502,"political_violence"
"Gabon",2015-04-01,23,0.567074000521433,0.347077769416511,"political_violence"
"Gabon",2015-07-01,20,0.510170735281715,0.255728077126284,"political_violence"
"Gabon",2015-10-01,5,0.132257327559042,0.0511297361747049,"political_violence"
"Gabon",2016-01-01,9,0.244694282828995,0.0703464931618291,"political_violence"
"Gabon",2016-04-01,9,0.250098373161201,0.0544479253591523,"political_violence"
"Gabon",2016-07-01,325,9.20771253872235,1.63059904138376,"political_violence"
"Gabon",2016-10-01,22,0.634307982031956,0.105915745838239,"political_violence"
"Gabon",2017-01-01,5,0.146829046379066,0.0254475843442369,"political_violence"
"Gabon",2017-04-01,9,0.272634794615512,0.056376202414244,"political_violence"
"Gabon",2017-07-01,22,0.687140084934134,0.181576453444024,"political_violence"
"Gabon",2017-10-01,10,0.319141576975881,0.108523273291578,"political_violence"
"Gabon",2018-01-01,24,0.776314896116453,0.317515229065007,"political_violence"
"Gabon",2018-04-01,30,0.978662143515714,0.430670643729433,"political_violence"
"Gabon",2018-07-01,14,0.459641900073239,0.195589730672203,"political_violence"
"Gabon",2018-10-01,31,1.02353630720612,0.405777788646023,"political_violence"
"Gabon",2019-01-01,141,4.71365874747845,1.81686974548369,"political_violence"
"Gabon",2019-04-01,7,0.239161783602787,0.0987860493842704,"political_violence"
"Gabon",2019-07-01,4,0.139332638501257,0.0647754588579278,"political_violence"
"Gabon",2019-10-01,8,0.282192479303725,0.150129354940806,"political_violence"
"Gabon",2020-01-01,15,0.528931266337343,0.323286454900464,"political_violence"
"Gabon",2020-04-01,8,0.277493063711988,0.193293586128418,"political_violence"
"Gabon",2020-07-01,7,0.234980743223196,0.185095626277016,"political_violence"
"Gabon",2020-10-01,5,0.16046241863755,0.134720052867655,"political_violence"
"Gabon",2021-01-01,13,0.395417909251722,0.329805016881805,"political_violence"
"Gabon",2021-04-01,11,0.316944070187255,0.250804520323464,"political_violence"
"Gabon",2021-07-01,14,0.383230567125944,0.285550854750541,"political_violence"
"Gabon",2021-10-01,6,0.15642890459321,0.111259337394641,"political_violence"
"Gabon",2022-01-01,2,0.0504241976699538,0.0340371269641633,"political_violence"
"Gabon",2022-04-01,2,0.0503544719375794,0.0311868323961041,"political_violence"
"Gabon",2022-07-01,6,0.152847132184119,0.0806770718639907,"political_violence"
"Gabon",2022-10-01,33,0.849413768611236,0.358302469008218,"political_violence"
"Gabon",2023-01-01,8,0.208239949438601,0.0689640396731492,"political_violence"
"Gabon",2023-04-01,6,0.157567197865744,0.0429963379210101,"political_violence"
"Gabon",2023-07-01,178,4.72627011918293,1.16412025919364,"political_violence"
"Gabon",2023-10-01,12,0.332186057550824,0.0879157216336418,"political_violence"
"Gabon",2024-01-01,6,0.176730401328595,0.0553809439080177,"political_violence"
"Gabon",2024-04-01,6,0.193878904100633,0.0757380991252161,"political_violence"
"Gabon",2024-07-01,10,0.36115875506033,0.188052666681561,"political_violence"
"Gabon",2024-10-01,2,0.0824422762845361,0.0688946403121996,"political_violence"
"Ghana",1990-07-01,1,0.0285980786647923,0.0224482369600411,"instability_of_regime"
"Ghana",1990-10-01,0,0,0,"instability_of_regime"
"Ghana",1991-01-01,2,0.0480826127790119,0.0339029634257596,"instability_of_regime"
"Ghana",1991-04-01,5,0.111375148941084,0.077414500006824,"instability_of_regime"
"Ghana",1991-07-01,7,0.147354766799516,0.102769860753402,"instability_of_regime"
"Ghana",1991-10-01,1,0.0204804108515135,0.0143117557718424,"instability_of_regime"
"Ghana",1992-01-01,4,0.0821133506209911,0.0568531567310731,"instability_of_regime"
"Ghana",1992-04-01,12,0.250670224379195,0.171502647771739,"instability_of_regime"
"Ghana",1992-07-01,2,0.0421153510244138,0.0287024740609072,"instability_of_regime"
"Ghana",1992-10-01,3,0.0620253299203271,0.0428815325131164,"instability_of_regime"
"Ghana",1993-01-01,3,0.0595881798610436,0.0426059820771924,"instability_of_regime"
"Ghana",1993-04-01,0,0,0,"instability_of_regime"
"Ghana",1993-07-01,1,0.0175014260965406,0.0123419585733849,"instability_of_regime"
"Ghana",1993-10-01,0,0,0,"instability_of_regime"
"Ghana",1994-01-01,0,0,0,"instability_of_regime"
"Ghana",1994-04-01,0,0,0,"instability_of_regime"
"Ghana",1994-07-01,6,0.0823198137354368,0.0440884426763885,"instability_of_regime"
"Ghana",1994-10-01,15,0.203224069499574,0.10358039357143,"instability_of_regime"
"Ghana",1995-01-01,1,0.013409626928748,0.00665339430945269,"instability_of_regime"
"Ghana",1995-04-01,0,0,0,"instability_of_regime"
"Ghana",1995-07-01,0,0,0,"instability_of_regime"
"Ghana",1995-10-01,0,0,0,"instability_of_regime"
"Ghana",1996-01-01,1,0.0115926513105084,0.00577358853729672,"instability_of_regime"
"Ghana",1996-04-01,10,0.107663089458967,0.0554826445542074,"instability_of_regime"
"Ghana",1996-07-01,0,0,0,"instability_of_regime"
"Ghana",1996-10-01,1,0.00909815631165467,0.0056350552628443,"instability_of_regime"
"Ghana",1997-01-01,1,0.00862116486044599,0.00586690611972235,"instability_of_regime"
"Ghana",1997-04-01,0,0,0,"instability_of_regime"
"Ghana",1997-07-01,0,0,0,"instability_of_regime"
"Ghana",1997-10-01,0,0,0,"instability_of_regime"
"Ghana",1998-01-01,0,0,0,"instability_of_regime"
"Ghana",1998-04-01,0,0,0,"instability_of_regime"
"Ghana",1998-07-01,0,0,0,"instability_of_regime"
"Ghana",1998-10-01,0,0,0,"instability_of_regime"
"Ghana",1999-01-01,0,0,0,"instability_of_regime"
"Ghana",1999-04-01,2,0.00964604459153009,0.00568739283840151,"instability_of_regime"
"Ghana",1999-07-01,2,0.00908017387542461,0.00510779656693579,"instability_of_regime"
"Ghana",1999-10-01,0,0,0,"instability_of_regime"
"Ghana",2000-01-01,0,0,0,"instability_of_regime"
"Ghana",2000-04-01,4,0.0155393140931474,0.0093384220224276,"instability_of_regime"
"Ghana",2000-07-01,2,0.00772869572235131,0.0048576731006614,"instability_of_regime"
"Ghana",2000-10-01,12,0.0469015147419957,0.0307335704701326,"instability_of_regime"
"Ghana",2001-01-01,12,0.0475286069326959,0.0331948441762742,"instability_of_regime"
"Ghana",2001-04-01,5,0.0199810397781849,0.0150834807435025,"instability_of_regime"
"Ghana",2001-07-01,1,0.00397866849308759,0.00328102850936238,"instability_of_regime"
"Ghana",2001-10-01,6,0.0232290408408849,0.0207608577654685,"instability_of_regime"
"Ghana",2002-01-01,1,0.00369563778651228,0.00350139501896152,"instability_of_regime"
"Ghana",2002-04-01,1,0.00353231154415679,0.00346128182695658,"instability_of_regime"
"Ghana",2002-07-01,5,0.0170109374130973,0.0166379607675222,"instability_of_regime"
"Ghana",2002-10-01,1,0.0033320747003271,0.00316441759066751,"instability_of_regime"
"Ghana",2003-01-01,38,0.127873549270541,0.114686130497716,"instability_of_regime"
"Ghana",2003-04-01,12,0.0417255579423072,0.0355311721997717,"instability_of_regime"
"Ghana",2003-07-01,15,0.0545579944221202,0.0460976829145531,"instability_of_regime"
"Ghana",2003-10-01,2,0.00761341677093837,0.00687607656234756,"instability_of_regime"
"Ghana",2004-01-01,1,0.00392150289955585,0.00394281145338677,"instability_of_regime"
"Ghana",2004-04-01,1,0.00397936015880436,0.00448050479007728,"instability_of_regime"
"Ghana",2004-07-01,1,0.00400451222011753,0.00488292251322453,"instability_of_regime"
"Ghana",2004-10-01,15,0.0606828831856473,0.0765037698317088,"instability_of_regime"
"Ghana",2005-01-01,1,0.00411650191928037,0.00503896006138271,"instability_of_regime"
"Ghana",2005-04-01,2,0.00835827990921085,0.00921287500279074,"instability_of_regime"
"Ghana",2005-07-01,0,0,0,"instability_of_regime"
"Ghana",2005-10-01,1,0.00409258421365856,0.0032662462606935,"instability_of_regime"
"Ghana",2006-01-01,1,0.00393373771516486,0.002724923064588,"instability_of_regime"
"Ghana",2006-04-01,0,0,0,"instability_of_regime"
"Ghana",2006-07-01,0,0,0,"instability_of_regime"
"Ghana",2006-10-01,1,0.00376386726265636,0.00242682575474383,"instability_of_regime"
"Ghana",2007-01-01,0,0,0,"instability_of_regime"
"Ghana",2007-04-01,0,0,0,"instability_of_regime"
"Ghana",2007-07-01,1,0.00403039579009496,0.0023959325037763,"instability_of_regime"
"Ghana",2007-10-01,0,0,0,"instability_of_regime"
"Ghana",2008-01-01,0,0,0,"instability_of_regime"
"Ghana",2008-04-01,0,0,0,"instability_of_regime"
"Ghana",2008-07-01,0,0,0,"instability_of_regime"
"Ghana",2008-10-01,2,0.00967273248025626,0.00699003073856504,"instability_of_regime"
"Ghana",2009-01-01,7,0.03476609873204,0.0266500576879269,"instability_of_regime"
"Ghana",2009-04-01,0,0,0,"instability_of_regime"
"Ghana",2009-07-01,1,0.0048802088933173,0.00342780239536611,"instability_of_regime"
"Ghana",2009-10-01,1,0.00467161431479664,0.0029701764863345,"instability_of_regime"
"Ghana",2010-01-01,0,0,0,"instability_of_regime"
"Ghana",2010-04-01,0,0,0,"instability_of_regime"
"Ghana",2010-07-01,0,0,0,"instability_of_regime"
"Ghana",2010-10-01,2,0.00824748409295199,0.00509573791654165,"instability_of_regime"
"Ghana",2011-01-01,1,0.00408167514969674,0.00271224321856948,"instability_of_regime"
"Ghana",2011-04-01,2,0.0081720890908729,0.00569312775440818,"instability_of_regime"
"Ghana",2011-07-01,2,0.00816384813668483,0.00578546127719789,"instability_of_regime"
"Ghana",2011-10-01,3,0.0120186236608422,0.00854819886903625,"instability_of_regime"
"Ghana",2012-01-01,2,0.00779620450991342,0.00546336472597294,"instability_of_regime"
"Ghana",2012-04-01,7,0.0269427837899817,0.0182304479290898,"instability_of_regime"
"Ghana",2012-07-01,7,0.0268188709989664,0.0173076128854647,"instability_of_regime"
"Ghana",2012-10-01,5,0.0191589823540575,0.0120308626586631,"instability_of_regime"
"Ghana",2013-01-01,6,0.0234141197637718,0.0147425209483526,"instability_of_regime"
"Ghana",2013-04-01,3,0.0123542162640853,0.00773974365414453,"instability_of_regime"
"Ghana",2013-07-01,3,0.0130257399220154,0.00799426382753814,"instability_of_regime"
"Ghana",2013-10-01,1,0.00446489113334453,0.00266167538835514,"instability_of_regime"
"Ghana",2014-01-01,3,0.0133783721171897,0.00773346525286301,"instability_of_regime"
"Ghana",2014-04-01,2,0.00869712581284054,0.00498909103258172,"instability_of_regime"
"Ghana",2014-07-01,2,0.00846107862889049,0.00509809575484395,"instability_of_regime"
"Ghana",2014-10-01,4,0.0164011426589592,0.0107275245401136,"instability_of_regime"
"Ghana",2015-01-01,0,0,0,"instability_of_regime"
"Ghana",2015-04-01,1,0.00410495297240044,0.00308954438724967,"instability_of_regime"
"Ghana",2015-07-01,3,0.0127409874484415,0.0100637284907505,"instability_of_regime"
"Ghana",2015-10-01,1,0.00440398696321057,0.00352008918996768,"instability_of_regime"
"Ghana",2016-01-01,2,0.00905331423420234,0.00697110718542214,"instability_of_regime"
"Ghana",2016-04-01,4,0.0185065146231758,0.0132401255181681,"instability_of_regime"
"Ghana",2016-07-01,10,0.0471698697937882,0.0308926425611748,"instability_of_regime"
"Ghana",2016-10-01,7,0.0336025179535885,0.0203231952652332,"instability_of_regime"
"Ghana",2017-01-01,14,0.0684488719991356,0.0391165026790869,"instability_of_regime"
"Ghana",2017-04-01,5,0.0252176760966294,0.0140778447502986,"instability_of_regime"
"Ghana",2017-07-01,2,0.0104003722818251,0.00579567880545085,"instability_of_regime"
"Ghana",2017-10-01,2,0.0106269752335106,0.00601502439644946,"instability_of_regime"
"Ghana",2018-01-01,3,0.0161563859302842,0.00939987626796669,"instability_of_regime"
"Ghana",2018-04-01,1,0.00543135038460893,0.00332304474936351,"instability_of_regime"
"Ghana",2018-07-01,3,0.0163986885022972,0.0108303462790462,"instability_of_regime"
"Ghana",2018-10-01,0,0,0,"instability_of_regime"
"Ghana",2019-01-01,0,0,0,"instability_of_regime"
"Ghana",2019-04-01,0,0,0,"instability_of_regime"
"Ghana",2019-07-01,1,0.0057994813485413,0.00469473191687067,"instability_of_regime"
"Ghana",2019-10-01,0,0,0,"instability_of_regime"
"Ghana",2020-01-01,1,0.00587089437532103,0.0043334809622069,"instability_of_regime"
"Ghana",2020-04-01,3,0.0173252570035779,0.0121316566233628,"instability_of_regime"
"Ghana",2020-07-01,6,0.0335337227658441,0.0229926163993996,"instability_of_regime"
"Ghana",2020-10-01,20,0.106863553469207,0.0738839084514404,"instability_of_regime"
"Ghana",2021-01-01,0,0,0,"instability_of_regime"
"Ghana",2021-04-01,13,0.0623633712129375,0.0466467934751459,"instability_of_regime"
"Ghana",2021-07-01,8,0.0364601439735625,0.0279292955941242,"instability_of_regime"
"Ghana",2021-10-01,0,0,0,"instability_of_regime"
"Ghana",2022-01-01,1,0.00419764094109822,0.00301900830055934,"instability_of_regime"
"Ghana",2022-04-01,2,0.00838367302762314,0.00552680732938178,"instability_of_regime"
"Ghana",2022-07-01,1,0.00424133259713268,0.0025424862249925,"instability_of_regime"
"Ghana",2022-10-01,5,0.0214275070652969,0.0121379744422059,"instability_of_regime"
"Ghana",2023-01-01,0,0,0,"instability_of_regime"
"Ghana",2023-04-01,3,0.0131169270171548,0.00821651370169791,"instability_of_regime"
"Ghana",2023-07-01,4,0.017682953880151,0.0121736073253675,"instability_of_regime"
"Ghana",2023-10-01,0,0,0,"instability_of_regime"
"Ghana",2024-01-01,0,0,0,"instability_of_regime"
"Ghana",2024-04-01,0,0,0,"instability_of_regime"
"Ghana",2024-07-01,0,0,0,"instability_of_regime"
"Ghana",2024-10-01,4,0.0274521432328517,0.0160744864252933,"instability_of_regime"
"Ghana",1990-07-01,5,0.897965986783251,0.112241184800206,"instability_within_regime"
"Ghana",1990-10-01,1,0.164392027012823,0.0192066410644914,"instability_within_regime"
"Ghana",1991-01-01,5,0.754885517613075,0.0847574085643991,"instability_within_regime"
"Ghana",1991-04-01,11,1.53873561037025,0.170311900015013,"instability_within_regime"
"Ghana",1991-07-01,15,1.98294393121358,0.220221130185861,"instability_within_regime"
"Ghana",1991-10-01,3,0.38584506089873,0.0429352673155271,"instability_within_regime"
"Ghana",1992-01-01,3,0.386747988122192,0.0426398675483048,"instability_within_regime"
"Ghana",1992-04-01,25,3.2795521281668,0.357297182857789,"instability_within_regime"
"Ghana",1992-07-01,9,1.19016168415284,0.129161133274082,"instability_within_regime"
"Ghana",1992-10-01,30,3.89513136461384,0.428815325131164,"instability_within_regime"
"Ghana",1993-01-01,13,1.62156829167314,0.184625922334501,"instability_within_regime"
"Ghana",1993-04-01,2,0.235889238590935,0.0273055037933476,"instability_within_regime"
"Ghana",1993-07-01,6,0.659443686651949,0.0740517514403092,"instability_within_regime"
"Ghana",1993-10-01,3,0.306904846871874,0.0319857721228826,"instability_within_regime"
"Ghana",1994-01-01,19,1.81310085431655,0.174173799299841,"instability_within_regime"
"Ghana",1994-04-01,5,0.449274756968889,0.0403653067255242,"instability_within_regime"
"Ghana",1994-07-01,25,2.15400230318502,0.183701844484952,"instability_within_regime"
"Ghana",1994-10-01,23,1.95688248740619,0.158823270142859,"instability_within_regime"
"Ghana",1995-01-01,31,2.61054639073413,0.206255223593033,"instability_within_regime"
"Ghana",1995-04-01,0,0,0,"instability_within_regime"
"Ghana",1995-07-01,0,0,0,"instability_within_regime"
"Ghana",1995-10-01,2,0.154261298807347,0.0121768258760937,"instability_within_regime"
"Ghana",1996-01-01,0,0,0,"instability_within_regime"
"Ghana",1996-04-01,16,1.08178223858292,0.0887722312867319,"instability_within_regime"
"Ghana",1996-07-01,3,0.186334642100469,0.0166403229745163,"instability_within_regime"
"Ghana",1996-10-01,18,1.02843991800403,0.101430994731197,"instability_within_regime"
"Ghana",1997-01-01,5,0.270700451658741,0.0293345305986117,"instability_within_regime"
"Ghana",1997-04-01,2,0.104501951336183,0.0121740168984821,"instability_within_regime"
"Ghana",1997-07-01,0,0,0,"instability_within_regime"
"Ghana",1997-10-01,0,0,0,"instability_within_regime"
"Ghana",1998-01-01,0,0,0,"instability_within_regime"
"Ghana",1998-04-01,11,0.439208135771561,0.0542052705094127,"instability_within_regime"
"Ghana",1998-07-01,1,0.0365400376409654,0.00435368829661619,"instability_within_regime"
"Ghana",1998-10-01,1,0.0340790818866532,0.00378428576508369,"instability_within_regime"
"Ghana",1999-01-01,9,0.288758861245084,0.02932419807701,"instability_within_regime"
"Ghana",1999-04-01,4,0.121152473936682,0.011374785676803,"instability_within_regime"
"Ghana",1999-07-01,3,0.0855339345322593,0.00766169485040368,"instability_within_regime"
"Ghana",1999-10-01,4,0.106909526354951,0.00950927107754625,"instability_within_regime"
"Ghana",2000-01-01,8,0.201378038128917,0.0184217537173196,"instability_within_regime"
"Ghana",2000-04-01,13,0.317152567840104,0.0303498715728897,"instability_within_regime"
"Ghana",2000-07-01,17,0.4125514911602,0.0412902213556219,"instability_within_regime"
"Ghana",2000-10-01,146,3.58353379682414,0.373925107386613,"instability_within_regime"
"Ghana",2001-01-01,46,1.14415456282357,0.127246902675718,"instability_within_regime"
"Ghana",2001-04-01,19,0.476820267433957,0.0573172268253094,"instability_within_regime"
"Ghana",2001-07-01,4,0.0999426296110518,0.0131241140374495,"instability_within_regime"
"Ghana",2001-10-01,9,0.218814230409054,0.0311412866482028,"instability_within_regime"
"Ghana",2002-01-01,2,0.0464165032994963,0.00700279003792304,"instability_within_regime"
"Ghana",2002-04-01,7,0.155278049339428,0.0242289727886961,"instability_within_regime"
"Ghana",2002-07-01,21,0.448673648276072,0.0698794352235932,"instability_within_regime"
"Ghana",2002-10-01,8,0.167400882073849,0.0253153407253401,"instability_within_regime"
"Ghana",2003-01-01,49,1.03549076271237,0.147884747220738,"instability_within_regime"
"Ghana",2003-04-01,35,0.764261490420549,0.103632585582668,"instability_within_regime"
"Ghana",2003-07-01,42,0.959333155508574,0.129073512160749,"instability_within_regime"
"Ghana",2003-10-01,4,0.0956230575297284,0.0137521531246951,"instability_within_regime"
"Ghana",2004-01-01,13,0.320146618295079,0.051256548894028,"instability_within_regime"
"Ghana",2004-04-01,12,0.299880011967314,0.0537660574809273,"instability_within_regime"
"Ghana",2004-07-01,12,0.301775442425125,0.0585950701586944,"instability_within_regime"
"Ghana",2004-10-01,88,2.23568516999753,0.448822116346025,"instability_within_regime"
"Ghana",2005-01-01,12,0.310214857553425,0.0604675207365925,"instability_within_regime"
"Ghana",2005-04-01,10,0.262445989972231,0.0460643750139537,"instability_within_regime"
"Ghana",2005-07-01,2,0.0525262674343509,0.00787828225973172,"instability_within_regime"
"Ghana",2005-10-01,13,0.334113483949996,0.0424612013890155,"instability_within_regime"
"Ghana",2006-01-01,6,0.148220978502025,0.016349538387528,"instability_within_regime"
"Ghana",2006-04-01,9,0.215202686290871,0.021723056148935,"instability_within_regime"
"Ghana",2006-07-01,5,0.118042584091339,0.011901502437611,"instability_within_regime"
"Ghana",2006-10-01,2,0.047273452461593,0.00485365150948765,"instability_within_regime"
"Ghana",2007-01-01,7,0.167904875420812,0.0173145405135258,"instability_within_regime"
"Ghana",2007-04-01,9,0.221240489575574,0.0221663850110685,"instability_within_regime"
"Ghana",2007-07-01,5,0.126552499389943,0.0119796625188815,"instability_within_regime"
"Ghana",2007-10-01,1,0.026037660856059,0.0023334503707363,"instability_within_regime"
"Ghana",2008-01-01,12,0.322658412025417,0.0284013943084383,"instability_within_regime"
"Ghana",2008-04-01,4,0.112235036074847,0.0106304043617084,"instability_within_regime"
"Ghana",2008-07-01,7,0.204983487640944,0.0215381810691367,"instability_within_regime"
"Ghana",2008-10-01,134,4.06983690183031,0.468332059483858,"instability_within_regime"
"Ghana",2009-01-01,80,2.49517455014641,0.304572087862022,"instability_within_regime"
"Ghana",2009-04-01,3,0.094046651978227,0.0114133842924216,"instability_within_regime"
"Ghana",2009-07-01,21,0.643592141732335,0.0719838503026884,"instability_within_regime"
"Ghana",2009-10-01,10,0.293372908524909,0.029701764863345,"instability_within_regime"
"Ghana",2010-01-01,7,0.195714048826524,0.0181305312340124,"instability_within_regime"
"Ghana",2010-04-01,6,0.162319600896201,0.0143100619925186,"instability_within_regime"
"Ghana",2010-07-01,4,0.105699598722864,0.00962261422585934,"instability_within_regime"
"Ghana",2010-10-01,11,0.28486375978946,0.0280265585409791,"instability_within_regime"
"Ghana",2011-01-01,25,0.640813233729303,0.067806080464237,"instability_within_regime"
"Ghana",2011-04-01,11,0.282259656099229,0.031312202649245,"instability_within_regime"
"Ghana",2011-07-01,24,0.615218220826728,0.0694255353263747,"instability_within_regime"
"Ghana",2011-10-01,21,0.528330645377929,0.0598373920832538,"instability_within_regime"
"Ghana",2012-01-01,8,0.195837673095911,0.0218534589038918,"instability_within_regime"
"Ghana",2012-04-01,15,0.362567365594849,0.0390652455623353,"instability_within_regime"
"Ghana",2012-07-01,70,1.68419943474371,0.173076128854647,"instability_within_regime"
"Ghana",2012-10-01,178,4.28327009805423,0.428298710648407,"instability_within_regime"
"Ghana",2013-01-01,41,1.0047626154609,0.100740559813743,"instability_within_regime"
"Ghana",2013-04-01,19,0.491360874139755,0.0490183764762487,"instability_within_regime"
"Ghana",2013-07-01,41,1.11793880311556,0.109254938976355,"instability_within_regime"
"Ghana",2013-10-01,9,0.252351801495848,0.0239550784951963,"instability_within_regime"
"Ghana",2014-01-01,11,0.308054621119499,0.0283560392604977,"instability_within_regime"
"Ghana",2014-04-01,10,0.273085589218976,0.0249454551629086,"instability_within_regime"
"Ghana",2014-07-01,8,0.212539056467345,0.0203923830193758,"instability_within_regime"
"Ghana",2014-10-01,16,0.411990425643711,0.0429100981604546,"instability_within_regime"
"Ghana",2015-01-01,9,0.227732556409298,0.0256473012182151,"instability_within_regime"
"Ghana",2015-04-01,12,0.309344542178502,0.037074532646996,"instability_within_regime"
"Ghana",2015-07-01,14,0.373390182400497,0.0469640662901691,"instability_within_regime"
"Ghana",2015-10-01,15,0.414849250422048,0.0528013378495152,"instability_within_regime"
"Ghana",2016-01-01,25,0.710674338061637,0.0871388398177768,"instability_within_regime"
"Ghana",2016-04-01,36,1.04597226787686,0.119161129663513,"instability_within_regime"
"Ghana",2016-07-01,50,1.48111134220926,0.154463212805874,"instability_within_regime"
"Ghana",2016-10-01,102,3.07487155915015,0.296137988150541,"instability_within_regime"
"Ghana",2017-01-01,48,1.47377954065124,0.134113723471155,"instability_within_regime"
"Ghana",2017-04-01,10,0.316729185424173,0.0281556895005973,"instability_within_regime"
"Ghana",2017-07-01,12,0.391880056073555,0.0347740728327051,"instability_within_regime"
"Ghana",2017-10-01,13,0.433786518951614,0.0390976585769215,"instability_within_regime"
"Ghana",2018-01-01,13,0.439662416165029,0.040732797161189,"instability_within_regime"
"Ghana",2018-04-01,7,0.23875852468227,0.0232613132455446,"instability_within_regime"
"Ghana",2018-07-01,18,0.617893167251628,0.0649820776742774,"instability_within_regime"
"Ghana",2018-10-01,0,0,0,"instability_within_regime"
"Ghana",2019-01-01,6,0.209719873797622,0.0261962514862908,"instability_within_regime"
"Ghana",2019-04-01,3,0.10716779876706,0.013850802840529,"instability_within_regime"
"Ghana",2019-07-01,3,0.109260563683643,0.014084195750612,"instability_within_regime"
"Ghana",2019-10-01,11,0.40569293570203,0.050455549516696,"instability_within_regime"
"Ghana",2020-01-01,1,0.0368686548689419,0.0043334809622069,"instability_within_regime"
"Ghana",2020-04-01,12,0.435203824252555,0.0485266264934511,"instability_within_regime"
"Ghana",2020-07-01,27,0.947648565003669,0.103466773797298,"instability_within_regime"
"Ghana",2020-10-01,100,3.35546444804628,0.369419542257202,"instability_within_regime"
"Ghana",2021-01-01,30,0.954077271378405,0.108912411750088,"instability_within_regime"
"Ghana",2021-04-01,38,1.14478216387385,0.136352165542734,"instability_within_regime"
"Ghana",2021-07-01,17,0.486553207183082,0.059349753137514,"instability_within_regime"
"Ghana",2021-10-01,8,0.218074584053626,0.0263723049253004,"instability_within_regime"
"Ghana",2022-01-01,15,0.395411751329527,0.0452851245083901,"instability_within_regime"
"Ghana",2022-04-01,5,0.13162166087028,0.0138170183234544,"instability_within_regime"
"Ghana",2022-07-01,5,0.133175814204226,0.0127124311249625,"instability_within_regime"
"Ghana",2022-10-01,11,0.296037926560023,0.0267035437728531,"instability_within_regime"
"Ghana",2023-01-01,9,0.244943480241096,0.0226158661080212,"instability_within_regime"
"Ghana",2023-04-01,12,0.329492185837621,0.0328660548067917,"instability_within_regime"
"Ghana",2023-07-01,18,0.499712661983933,0.0547812329641539,"instability_within_regime"
"Ghana",2023-10-01,8,0.231547157212384,0.0267675599090314,"instability_within_regime"
"Ghana",2024-01-01,26,0.800723682069237,0.0935710922891087,"instability_within_regime"
"Ghana",2024-04-01,10,0.33785365209891,0.0383358501683287,"instability_within_regime"
"Ghana",2024-07-01,26,0.981794980341024,0.103445915641989,"instability_within_regime"
"Ghana",2024-10-01,85,3.66343269068782,0.341582836537483,"instability_within_regime"
"Ghana",1990-01-01,1,0.0309117508980242,0.0335448515223015,"mass_civil_protest"
"Ghana",1990-04-01,0,0,0,"mass_civil_protest"
"Ghana",1990-07-01,1,0.0257617278689882,0.0224482369600411,"mass_civil_protest"
"Ghana",1990-10-01,2,0.0471623950803154,0.0384132821289827,"mass_civil_protest"
"Ghana",1991-01-01,1,0.0216568952089746,0.0169514817128798,"mass_civil_protest"
"Ghana",1991-04-01,3,0.0601973925315605,0.0464487000040944,"mass_civil_protest"
"Ghana",1991-07-01,8,0.151703034598248,0.117451269432459,"mass_civil_protest"
"Ghana",1991-10-01,1,0.0184491684628911,0.0143117557718424,"mass_civil_protest"
"Ghana",1992-01-01,0,0,0,"mass_civil_protest"
"Ghana",1992-04-01,5,0.0940870040753419,0.0714594365715578,"mass_civil_protest"
"Ghana",1992-07-01,0,0,0,"mass_civil_protest"
"Ghana",1992-10-01,7,0.130371901598085,0.100056909197272,"mass_civil_protest"
"Ghana",1993-01-01,3,0.0536782380306694,0.0426059820771924,"mass_civil_protest"
"Ghana",1993-04-01,1,0.0169185538796731,0.0136527518966738,"mass_civil_protest"
"Ghana",1993-07-01,1,0.0157656387236028,0.0123419585733849,"mass_civil_protest"
"Ghana",1993-10-01,8,0.117397158513906,0.085295392327687,"mass_civil_protest"
"Ghana",1994-01-01,2,0.0273768491618048,0.0183340841368253,"mass_civil_protest"
"Ghana",1994-04-01,0,0,0,"mass_civil_protest"
"Ghana",1994-07-01,0,0,0,"mass_civil_protest"
"Ghana",1994-10-01,1,0.0122045569010476,0.00690535957142864,"mass_civil_protest"
"Ghana",1995-01-01,2,0.0241593264926821,0.0133067886189054,"mass_civil_protest"
"Ghana",1995-04-01,0,0,0,"mass_civil_protest"
"Ghana",1995-07-01,0,0,0,"mass_civil_protest"
"Ghana",1995-10-01,0,0,0,"mass_civil_protest"
"Ghana",1996-01-01,1,0.0104428948476548,0.00577358853729672,"mass_civil_protest"
"Ghana",1996-04-01,0,0,0,"mass_civil_protest"
"Ghana",1996-07-01,0,0,0,"mass_civil_protest"
"Ghana",1996-10-01,1,0.00819580328306883,0.0056350552628443,"mass_civil_protest"
"Ghana",1997-01-01,1,0.0077661197331386,0.00586690611972235,"mass_civil_protest"
"Ghana",1997-04-01,1,0.00749513587297715,0.00608700844924103,"mass_civil_protest"
"Ghana",1997-07-01,0,0,0,"mass_civil_protest"
"Ghana",1997-10-01,3,0.0207290938353477,0.0176936581271487,"mass_civil_protest"
"Ghana",1998-01-01,0,0,0,"mass_civil_protest"
"Ghana",1998-04-01,4,0.0229098786249436,0.0197110074579682,"mass_civil_protest"
"Ghana",1998-07-01,0,0,0,"mass_civil_protest"
"Ghana",1998-10-01,1,0.00488847042377364,0.00378428576508369,"mass_civil_protest"
"Ghana",1999-01-01,1,0.00460233170956791,0.00325824423077889,"mass_civil_protest"
"Ghana",1999-04-01,1,0.0043446760653375,0.00284369641920075,"mass_civil_protest"
"Ghana",1999-07-01,2,0.00817960434068495,0.00510779656693579,"mass_civil_protest"
"Ghana",1999-10-01,3,0.011501719574138,0.00713195330815969,"mass_civil_protest"
"Ghana",2000-01-01,0,0,0,"mass_civil_protest"
"Ghana",2000-04-01,3,0.0104985963995346,0.0070038165168207,"mass_civil_protest"
"Ghana",2000-07-01,9,0.0313297446453797,0.0218595289529763,"mass_civil_protest"
"Ghana",2000-10-01,13,0.0457706528605713,0.0332947013426436,"mass_civil_protest"
"Ghana",2001-01-01,7,0.0249752595999202,0.0193636591028266,"mass_civil_protest"
"Ghana",2001-04-01,1,0.00359986497931235,0.0030166961487005,"mass_civil_protest"
"Ghana",2001-07-01,0,0,0,"mass_civil_protest"
"Ghana",2001-10-01,1,0.00348753166144933,0.00346014296091142,"mass_civil_protest"
"Ghana",2002-01-01,1,0.00332910528970918,0.00350139501896152,"mass_civil_protest"
"Ghana",2002-04-01,2,0.00636395541222724,0.00692256365391316,"mass_civil_protest"
"Ghana",2002-07-01,33,0.101137057519042,0.109810541065646,"mass_civil_protest"
"Ghana",2002-10-01,16,0.0480256048947213,0.0506306814506801,"mass_civil_protest"
"Ghana",2003-01-01,7,0.0212194095421363,0.0211263924601055,"mass_civil_protest"
"Ghana",2003-04-01,8,0.0250581512017164,0.0236874481331812,"mass_civil_protest"
"Ghana",2003-07-01,2,0.006552926028609,0.00614635772194042,"mass_civil_protest"
"Ghana",2003-10-01,0,0,0,"mass_civil_protest"
"Ghana",2004-01-01,0,0,0,"mass_civil_protest"
"Ghana",2004-04-01,0,0,0,"mass_civil_protest"
"Ghana",2004-07-01,2,0.00721469125754326,0.00976584502644906,"mass_civil_protest"
"Ghana",2004-10-01,2,0.00728858252452627,0.0102005026442278,"mass_civil_protest"
"Ghana",2005-01-01,2,0.00741645643119562,0.0100779201227654,"mass_civil_protest"
"Ghana",2005-04-01,1,0.00376465382513636,0.00460643750139537,"mass_civil_protest"
"Ghana",2005-07-01,2,0.00753462507229725,0.00787828225973172,"mass_civil_protest"
"Ghana",2005-10-01,0,0,0,"mass_civil_protest"
"Ghana",2006-01-01,2,0.00708718104554446,0.00544984612917601,"mass_civil_protest"
"Ghana",2006-04-01,0,0,0,"mass_civil_protest"
"Ghana",2006-07-01,1,0.00338652128596409,0.0023803004875222,"mass_civil_protest"
"Ghana",2006-10-01,0,0,0,"mass_civil_protest"
"Ghana",2007-01-01,1,0.00344072824594112,0.00247350578764655,"mass_civil_protest"
"Ghana",2007-04-01,0,0,0,"mass_civil_protest"
"Ghana",2007-07-01,0,0,0,"mass_civil_protest"
"Ghana",2007-10-01,0,0,0,"mass_civil_protest"
"Ghana",2008-01-01,0,0,0,"mass_civil_protest"
"Ghana",2008-04-01,1,0.00402488582430045,0.0026576010904271,"mass_civil_protest"
"Ghana",2008-07-01,0,0,0,"mass_civil_protest"
"Ghana",2008-10-01,12,0.0522803587247972,0.0419401844313902,"mass_civil_protest"
"Ghana",2009-01-01,2,0.00894800146840259,0.00761430219655055,"mass_civil_protest"
"Ghana",2009-04-01,0,0,0,"mass_civil_protest"
"Ghana",2009-07-01,1,0.00439619090943463,0.00342780239536611,"mass_civil_protest"
"Ghana",2009-10-01,0,0,0,"mass_civil_protest"
"Ghana",2010-01-01,0,0,0,"mass_civil_protest"
"Ghana",2010-04-01,4,0.015522612391554,0.00954004132834572,"mass_civil_protest"
"Ghana",2010-07-01,5,0.0189525851914099,0.0120282677823242,"mass_civil_protest"
"Ghana",2010-10-01,1,0.00371475026866078,0.00254786895827082,"mass_civil_protest"
"Ghana",2011-01-01,1,0.00367685555692777,0.00271224321856948,"mass_civil_protest"
"Ghana",2011-04-01,2,0.00736158319402693,0.00569312775440818,"mass_civil_protest"
"Ghana",2011-07-01,1,0.00367707978788002,0.00289273063859895,"mass_civil_protest"
"Ghana",2011-10-01,3,0.0108266193592781,0.00854819886903625,"mass_civil_protest"
"Ghana",2012-01-01,2,0.00702297875845174,0.00546336472597294,"mass_civil_protest"
"Ghana",2012-04-01,1,0.00346722925073888,0.00260434970415568,"mass_civil_protest"
"Ghana",2012-07-01,0,0,0,"mass_civil_protest"
"Ghana",2012-10-01,20,0.0690351957468553,0.0481234506346525,"mass_civil_protest"
"Ghana",2013-01-01,0,0,0,"mass_civil_protest"
"Ghana",2013-04-01,2,0.00741928531074868,0.00515982910276302,"mass_civil_protest"
"Ghana",2013-07-01,4,0.0156451334182949,0.0106590184367175,"mass_civil_protest"
"Ghana",2013-10-01,2,0.00804412853675291,0.00532335077671029,"mass_civil_protest"
"Ghana",2014-01-01,0,0,0,"mass_civil_protest"
"Ghana",2014-04-01,4,0.0156690937918558,0.00997818206516345,"mass_civil_protest"
"Ghana",2014-07-01,3,0.0114328662252373,0.00764714363226593,"mass_civil_protest"
"Ghana",2014-10-01,3,0.0110808608562418,0.00804564340508523,"mass_civil_protest"
"Ghana",2015-01-01,6,0.0217780488774105,0.0170982008121434,"mass_civil_protest"
"Ghana",2015-04-01,1,0.00369782469058547,0.00308954438724967,"mass_civil_protest"
"Ghana",2015-07-01,5,0.0191288987905001,0.0167728808179175,"mass_civil_protest"
"Ghana",2015-10-01,2,0.0079344011193646,0.00704017837993535,"mass_civil_protest"
"Ghana",2016-01-01,3,0.0122331129486554,0.0104566607781332,"mass_civil_protest"
"Ghana",2016-04-01,3,0.012503282102811,0.00993009413862606,"mass_civil_protest"
"Ghana",2016-07-01,4,0.0169966292279517,0.0123570570244699,"mass_civil_protest"
"Ghana",2016-10-01,3,0.0129727834423497,0.00870994082795708,"mass_civil_protest"
"Ghana",2017-01-01,2,0.00880858982596043,0.00558807181129813,"mass_civil_protest"
"Ghana",2017-04-01,2,0.00908663713677317,0.00563113790011946,"mass_civil_protest"
"Ghana",2017-07-01,3,0.0140532986639276,0.00869351820817628,"mass_civil_protest"
"Ghana",2017-10-01,3,0.014359491449327,0.00902253659467419,"mass_civil_protest"
"Ghana",2018-01-01,6,0.0291079986568988,0.0187997525359334,"mass_civil_protest"
"Ghana",2018-04-01,3,0.0146780109471144,0.00996913424809053,"mass_civil_protest"
"Ghana",2018-07-01,1,0.00492409012922703,0.00361011542634874,"mass_civil_protest"
"Ghana",2018-10-01,2,0.00990389374856538,0.00797627180080756,"mass_civil_protest"
"Ghana",2019-01-01,0,0,0,"mass_civil_protest"
"Ghana",2019-04-01,1,0.00512422465288377,0.00461693428017633,"mass_civil_protest"
"Ghana",2019-07-01,4,0.0208971605447507,0.0187789276674827,"mass_civil_protest"
"Ghana",2019-10-01,6,0.0317424991442942,0.0275212088272887,"mass_civil_protest"
"Ghana",2020-01-01,3,0.0158658613067032,0.0130004428866207,"mass_civil_protest"
"Ghana",2020-04-01,4,0.0208092560537848,0.0161755421644837,"mass_civil_protest"
"Ghana",2020-07-01,2,0.0100692853117125,0.00766420546646652,"mass_civil_protest"
"Ghana",2020-10-01,2,0.00962648510711334,0.00738839084514404,"mass_civil_protest"
"Ghana",2021-01-01,2,0.00912383445587012,0.00726082745000585,"mass_civil_protest"
"Ghana",2021-04-01,3,0.0129641968959772,0.0107646446481106,"mass_civil_protest"
"Ghana",2021-07-01,3,0.0123165132628395,0.0104734858477966,"mass_civil_protest"
"Ghana",2021-10-01,5,0.0195510540356648,0.0164826905783128,"mass_civil_protest"
"Ghana",2022-01-01,2,0.00756263977617682,0.00603801660111868,"mass_civil_protest"
"Ghana",2022-04-01,4,0.0151043645702044,0.0110536146587636,"mass_civil_protest"
"Ghana",2022-07-01,8,0.0305654257266502,0.02033988979994,"mass_civil_protest"
"Ghana",2022-10-01,8,0.0308837310308734,0.0194207591075295,"mass_civil_protest"
"Ghana",2023-01-01,0,0,0,"mass_civil_protest"
"Ghana",2023-04-01,1,0.00393866441465216,0.00273883790056597,"mass_civil_protest"
"Ghana",2023-07-01,3,0.0119468719678662,0.00913020549402564,"mass_civil_protest"
"Ghana",2023-10-01,4,0.0166071291695347,0.0133837799545157,"mass_civil_protest"
"Ghana",2024-01-01,1,0.00441768180261245,0.00359888816496572,"mass_civil_protest"
"Ghana",2024-04-01,3,0.0145390147951397,0.0115007550504986,"mass_civil_protest"
"Ghana",2024-07-01,5,0.0270833616868956,0.0198934453157671,"mass_civil_protest"
"Ghana",2024-10-01,3,0.0185470845351548,0.01205586481897,"mass_civil_protest"
"Ghana",1990-07-01,23,5.87259492887826,0.516309450080946,"political_violence"
"Ghana",1990-10-01,4,0.934873973046634,0.0768265642579655,"political_violence"
"Ghana",1991-01-01,14,3.00504826851413,0.237320743980317,"political_violence"
"Ghana",1991-04-01,3,0.596629745236546,0.0464487000040944,"political_violence"
"Ghana",1991-07-01,26,4.88657817227977,0.381716625655493,"political_violence"
"Ghana",1991-10-01,8,1.46283049373873,0.114494046174739,"political_violence"
"Ghana",1992-01-01,1,0.183281713228193,0.0142132891827683,"political_violence"
"Ghana",1992-04-01,11,2.05153788899815,0.157210760457427,"political_violence"
"Ghana",1992-07-01,3,0.564023289556624,0.0430537110913607,"political_violence"
"Ghana",1992-10-01,16,2.95347408309615,0.228701506736621,"political_violence"
"Ghana",1993-01-01,15,2.66008477561501,0.213029910385962,"political_violence"
"Ghana",1993-04-01,9,1.50915195157949,0.122874767070064,"political_violence"
"Ghana",1993-07-01,18,2.81262152981151,0.222155254320928,"political_violence"
"Ghana",1993-10-01,37,5.38141573021662,0.394491189515552,"political_violence"
"Ghana",1994-01-01,40,5.42676081267918,0.366681682736507,"political_violence"
"Ghana",1994-04-01,42,5.36541885762526,0.339068576494403,"political_violence"
"Ghana",1994-07-01,77,9.43211760537084,0.565801681013652,"political_violence"
"Ghana",1994-10-01,83,10.0398524516603,0.573144844428577,"political_violence"
"Ghana",1995-01-01,102,12.2118713521649,0.678646219564175,"political_violence"
"Ghana",1995-04-01,10,1.17731150334419,0.0650124539088929,"political_violence"
"Ghana",1995-07-01,0,0,0,"political_violence"
"Ghana",1995-10-01,1,0.109657746123622,0.00608841293804683,"political_violence"
"Ghana",1996-01-01,0,0,0,"political_violence"
"Ghana",1996-04-01,84,8.07442262878295,0.466054214255343,"political_violence"
"Ghana",1996-07-01,0,0,0,"political_violence"
"Ghana",1996-10-01,12,0.974765148950102,0.0676206631541316,"political_violence"
"Ghana",1997-01-01,5,0.384858699272541,0.0293345305986117,"political_violence"
"Ghana",1997-04-01,8,0.59428766839868,0.0486960675939282,"political_violence"
"Ghana",1997-07-01,0,0,0,"political_violence"
"Ghana",1997-10-01,5,0.342417765229168,0.0294894302119145,"political_violence"
"Ghana",1998-01-01,1,0.0628171460694666,0.00545234931018691,"political_violence"
"Ghana",1998-04-01,10,0.567662255480335,0.0492775186449206,"political_violence"
"Ghana",1998-07-01,7,0.363646454602888,0.0304758180763134,"political_violence"
"Ghana",1998-10-01,3,0.145352152686846,0.0113528572952511,"political_violence"
"Ghana",1999-01-01,19,0.866679929446198,0.0619066403847989,"political_violence"
"Ghana",1999-04-01,5,0.21530525368176,0.0142184820960038,"political_violence"
"Ghana",1999-07-01,9,0.36481444991359,0.022985084551211,"political_violence"
"Ghana",1999-10-01,10,0.379987002244455,0.0237731776938656,"political_violence"
"Ghana",2000-01-01,15,0.536816313069369,0.0345407882199743,"political_violence"
"Ghana",2000-04-01,32,1.10990852049045,0.0747073761794208,"political_violence"
"Ghana",2000-07-01,31,1.06955534151946,0.0752939330602518,"political_violence"
"Ghana",2000-10-01,101,3.52445808507375,0.258674218123616,"political_violence"
"Ghana",2001-01-01,32,1.13159018228275,0.0885195844700646,"political_violence"
"Ghana",2001-04-01,15,0.535185936259707,0.0452504422305074,"political_violence"
"Ghana",2001-07-01,13,0.461792058877123,0.0426533706217109,"political_violence"
"Ghana",2001-10-01,26,0.898708249949261,0.089963716983697,"political_violence"
"Ghana",2002-01-01,32,1.05585609334077,0.112044640606769,"political_violence"
"Ghana",2002-04-01,33,1.04073052758893,0.114222300289567,"political_violence"
"Ghana",2002-07-01,106,3.21980418809665,0.35272476827147,"political_violence"
"Ghana",2002-10-01,80,2.37996225485564,0.253153407253401,"political_violence"
"Ghana",2003-01-01,134,4.02593978264961,0.404419512807734,"political_violence"
"Ghana",2003-04-01,126,3.91162132422787,0.373077308097603,"political_violence"
"Ghana",2003-07-01,99,3.2149016081582,0.304244707236051,"political_violence"
"Ghana",2003-10-01,15,0.509807501001352,0.0515705742176067,"political_violence"
"Ghana",2004-01-01,39,1.3654710622597,0.153769646682084,"political_violence"
"Ghana",2004-04-01,16,0.568458262685469,0.0716880766412364,"political_violence"
"Ghana",2004-07-01,14,0.50054486716914,0.0683609151851434,"political_violence"
"Ghana",2004-10-01,66,2.3838791584088,0.336616587259519,"political_violence"
"Ghana",2005-01-01,20,0.735061491040877,0.100779201227654,"political_violence"
"Ghana",2005-04-01,17,0.634309462392313,0.0783094375237213,"political_violence"
"Ghana",2005-07-01,11,0.410725396326661,0.0433305524285245,"political_violence"
"Ghana",2005-10-01,5,0.182697658915954,0.0163312313034675,"political_violence"
"Ghana",2006-01-01,9,0.316091823868319,0.024524307581292,"political_violence"
"Ghana",2006-04-01,4,0.135980770410587,0.00965469162174887,"political_violence"
"Ghana",2006-07-01,2,0.0671291312501145,0.0047606009750444,"political_violence"
"Ghana",2006-10-01,10,0.33604671349841,0.0242682575474383,"political_violence"
"Ghana",2007-01-01,17,0.579730988636626,0.0420495983899913,"political_violence"
"Ghana",2007-04-01,8,0.279591790762681,0.019703453343172,"political_violence"
"Ghana",2007-07-01,8,0.28787439404085,0.0191674600302104,"political_violence"
"Ghana",2007-10-01,2,0.0740362288112856,0.00466690074147259,"political_violence"
"Ghana",2008-01-01,11,0.420500734300553,0.0260346114494018,"political_violence"
"Ghana",2008-04-01,7,0.279240769754221,0.0186032076329897,"political_violence"
"Ghana",2008-07-01,3,0.124897694020572,0.00923064902963003,"political_violence"
"Ghana",2008-10-01,46,1.98628867266812,0.160770706986996,"political_violence"
"Ghana",2009-01-01,14,0.620799428076426,0.0533001153758538,"political_violence"
"Ghana",2009-04-01,7,0.311984093495772,0.0266312300156503,"political_violence"
"Ghana",2009-07-01,25,1.08929064532656,0.0856950598841529,"political_violence"
"Ghana",2009-10-01,17,0.709057173655402,0.0504930002676866,"political_violence"
"Ghana",2010-01-01,19,0.75524853192877,0.0492114419208908,"political_violence"
"Ghana",2010-04-01,6,0.230772095445571,0.0143100619925186,"political_violence"
"Ghana",2010-07-01,14,0.525961203244973,0.0336791497905077,"political_violence"
"Ghana",2010-10-01,20,0.736354321409015,0.0509573791654165,"political_violence"
"Ghana",2011-01-01,35,1.2754746604148,0.0949285126499317,"political_violence"
"Ghana",2011-04-01,10,0.364811441233704,0.0284656387720409,"political_violence"
"Ghana",2011-07-01,20,0.728887111150904,0.0578546127719789,"political_violence"
"Ghana",2011-10-01,25,0.894208602517203,0.0712349905753021,"political_violence"
"Ghana",2012-01-01,6,0.208818913141126,0.0163900941779188,"political_violence"
"Ghana",2012-04-01,27,0.927840965759985,0.0703174420122035,"political_violence"
"Ghana",2012-07-01,52,1.77873458015838,0.128570838577738,"political_violence"
"Ghana",2012-10-01,141,4.82377340789152,0.3392703269743,"political_violence"
"Ghana",2013-01-01,26,0.905868767511285,0.0638842574428614,"political_violence"
"Ghana",2013-04-01,25,0.919177334480986,0.0644978637845378,"political_violence"
"Ghana",2013-07-01,35,1.35679597178122,0.0932664113212783,"political_violence"
"Ghana",2013-10-01,13,0.518226455084553,0.0346017800486169,"political_violence"
"Ghana",2014-01-01,17,0.676856013240018,0.0438229697662237,"political_violence"
"Ghana",2014-04-01,34,1.32004892361209,0.0848145475538893,"political_violence"
"Ghana",2014-07-01,37,1.39753538443985,0.0943147714646131,"political_violence"
"Ghana",2014-10-01,32,1.17146534743035,0.0858201963209091,"political_violence"
"Ghana",2015-01-01,31,1.11520994353881,0.0883407041960742,"political_violence"
"Ghana",2015-04-01,23,0.842949146743934,0.0710595209067424,"political_violence"
"Ghana",2015-07-01,25,0.947953850829018,0.0838644040895876,"political_violence"
"Ghana",2015-10-01,8,0.314558456396207,0.0281607135197414,"political_violence"
"Ghana",2016-01-01,58,2.34407199267763,0.202162108377242,"political_violence"
"Ghana",2016-04-01,33,1.36315090605971,0.109231035524887,"political_violence"
"Ghana",2016-07-01,33,1.38977332160856,0.101945720451877,"political_violence"
"Ghana",2016-10-01,35,1.50005498807168,0.101615976326166,"political_violence"
"Ghana",2017-01-01,32,1.39686228462488,0.0894091489807701,"political_violence"
"Ghana",2017-04-01,25,1.12574601905049,0.0703892237514932,"political_violence"
"Ghana",2017-07-01,22,1.0214260356782,0.0637524668599594,"political_violence"
"Ghana",2017-10-01,55,2.60920207706984,0.16541317090236,"political_violence"
"Ghana",2018-01-01,50,2.40413206905185,0.156664604466112,"political_violence"
"Ghana",2018-04-01,34,1.64873968325899,0.112983521478359,"political_violence"
"Ghana",2018-07-01,19,0.927271295311713,0.0685921931006261,"political_violence"
"Ghana",2018-10-01,7,0.343558927462754,0.0279169513028265,"political_violence"
"Ghana",2019-01-01,10,0.496936234293794,0.0436604191438179,"political_violence"
"Ghana",2019-04-01,10,0.507873301585612,0.0461693428017633,"political_violence"
"Ghana",2019-07-01,10,0.517791014180769,0.0469473191687067,"political_violence"
"Ghana",2019-10-01,21,1.10112438984725,0.0963242308955105,"political_violence"
"Ghana",2020-01-01,18,0.943500479800396,0.0780026573197243,"political_violence"
"Ghana",2020-04-01,37,1.90776777359015,0.149623765021474,"political_violence"
"Ghana",2020-07-01,32,1.59678281801761,0.122627287463464,"political_violence"
"Ghana",2020-10-01,50,2.3852558704969,0.184709771128601,"political_violence"
"Ghana",2021-01-01,20,0.904283524262656,0.0726082745000585,"political_violence"
"Ghana",2021-04-01,62,2.65548146572218,0.222469322727619,"political_violence"
"Ghana",2021-07-01,35,1.42416985820177,0.122190668224294,"political_violence"
"Ghana",2021-10-01,21,0.813854347688131,0.0692273004289136,"political_violence"
"Ghana",2022-01-01,30,1.12432507120899,0.0905702490167802,"political_violence"
"Ghana",2022-04-01,20,0.74851358227487,0.0552680732938178,"political_violence"
"Ghana",2022-07-01,18,0.681616647236805,0.045764752049865,"political_violence"
"Ghana",2022-10-01,43,1.6452634563687,0.104386580202971,"political_violence"
"Ghana",2023-01-01,33,1.27687869852158,0.0829248423960777,"political_violence"
"Ghana",2023-04-01,24,0.936887495273144,0.0657321096135833,"political_violence"
"Ghana",2023-07-01,36,1.42089726058974,0.109562465928308,"political_violence"
"Ghana",2023-10-01,16,0.658387802450756,0.0535351198180627,"political_violence"
"Ghana",2024-01-01,24,1.05083104403777,0.0863733159591772,"political_violence"
"Ghana",2024-04-01,23,1.10476213644046,0.088172455387156,"political_violence"
"Ghana",2024-07-01,22,1.18108857239442,0.0875311593893753,"political_violence"
"Ghana",2024-10-01,44,2.6960894353948,0.176819350678226,"political_violence"
"Guinea-Bissau",1990-04-01,1,0.0360545742050057,0.094431232956883,"instability_of_regime"
"Guinea-Bissau",1990-07-01,1,0.0331135647697595,0.0980418598457133,"instability_of_regime"
"Guinea-Bissau",1990-10-01,0,0,0,"instability_of_regime"
"Guinea-Bissau",1991-01-01,0,0,0,"instability_of_regime"
"Guinea-Bissau",1991-04-01,2,0.0515842795095549,0.146085884208114,"instability_of_regime"
"Guinea-Bissau",1991-07-01,1,0.0243744727036793,0.0655849964747465,"instability_of_regime"
"Guinea-Bissau",1991-10-01,2,0.0474283198666629,0.132508187245922,"instability_of_regime"
"Guinea-Bissau",1992-01-01,0,0,0,"instability_of_regime"
"Guinea-Bissau",1992-04-01,0,0,0,"instability_of_regime"
"Guinea-Bissau",1992-07-01,0,0,0,"instability_of_regime"
"Guinea-Bissau",1992-10-01,0,0,0,"instability_of_regime"
"Guinea-Bissau",1993-01-01,0,0,0,"instability_of_regime"
"Guinea-Bissau",1993-04-01,0,0,0,"instability_of_regime"
"Guinea-Bissau",1993-07-01,0,0,0,"instability_of_regime"
"Guinea-Bissau",1993-10-01,0,0,0,"instability_of_regime"
"Guinea-Bissau",1994-01-01,0,0,0,"instability_of_regime"
"Guinea-Bissau",1994-04-01,0,0,0,"instability_of_regime"
"Guinea-Bissau",1994-07-01,4,0.0635451193747232,0.202409316787825,"instability_of_regime"
"Guinea-Bissau",1994-10-01,1,0.0156874720315461,0.0522861779082608,"instability_of_regime"
"Guinea-Bissau",1995-01-01,0,0,0,"instability_of_regime"
"Guinea-Bissau",1995-04-01,1,0.0152684557239708,0.0726187686148,"instability_of_regime"
"Guinea-Bissau",1995-07-01,0,0,0,"instability_of_regime"
"Guinea-Bissau",1995-10-01,0,0,0,"instability_of_regime"
"Guinea-Bissau",1996-01-01,0,0,0,"instability_of_regime"
"Guinea-Bissau",1996-04-01,0,0,0,"instability_of_regime"
"Guinea-Bissau",1996-07-01,0,0,0,"instability_of_regime"
"Guinea-Bissau",1996-10-01,0,0,0,"instability_of_regime"
"Guinea-Bissau",1997-01-01,0,0,0,"instability_of_regime"
"Guinea-Bissau",1997-04-01,2,0.0192681693130333,0.100014113790454,"instability_of_regime"
"Guinea-Bissau",1997-07-01,0,0,0,"instability_of_regime"
"Guinea-Bissau",1997-10-01,0,0,0,"instability_of_regime"
"Guinea-Bissau",1998-01-01,0,0,0,"instability_of_regime"
"Guinea-Bissau",1998-04-01,6,0.0441717896547399,0.0461717938133724,"instability_of_regime"
"Guinea-Bissau",1998-07-01,2,0.0134745738805541,0.0131806628768802,"instability_of_regime"
"Guinea-Bissau",1998-10-01,7,0.0439847350217071,0.0438851649326646,"instability_of_regime"
"Guinea-Bissau",1999-01-01,5,0.0295786854693377,0.0322465598584446,"instability_of_regime"
"Guinea-Bissau",1999-04-01,2,0.011169104263877,0.0136773152714539,"instability_of_regime"
"Guinea-Bissau",1999-07-01,0,0,0,"instability_of_regime"
"Guinea-Bissau",1999-10-01,3,0.0147840602159418,0.0212792002455579,"instability_of_regime"
"Guinea-Bissau",2000-01-01,11,0.0510541273808739,0.0728455785352794,"instability_of_regime"
"Guinea-Bissau",2000-04-01,2,0.00899644500129584,0.0123113397991566,"instability_of_regime"
"Guinea-Bissau",2000-07-01,0,0,0,"instability_of_regime"
"Guinea-Bissau",2000-10-01,4,0.0181023390232264,0.0247572423683408,"instability_of_regime"
"Guinea-Bissau",2001-01-01,7,0.0321026555598034,0.0495126273158402,"instability_of_regime"
"Guinea-Bissau",2001-04-01,0,0,0,"instability_of_regime"
"Guinea-Bissau",2001-07-01,0,0,0,"instability_of_regime"
"Guinea-Bissau",2001-10-01,10,0.044827973552585,0.17540912887761,"instability_of_regime"
"Guinea-Bissau",2002-01-01,1,0.00427915954227738,0.0228255380340533,"instability_of_regime"
"Guinea-Bissau",2002-04-01,2,0.0081800898917315,0.0492829806219545,"instability_of_regime"
"Guinea-Bissau",2002-07-01,1,0.00393937497987517,0.0219409309862945,"instability_of_regime"
"Guinea-Bissau",2002-10-01,3,0.0115745752748204,0.0533898637820782,"instability_of_regime"
"Guinea-Bissau",2003-01-01,0,0,0,"instability_of_regime"
"Guinea-Bissau",2003-04-01,2,0.00805230065553296,0.0239798497697315,"instability_of_regime"
"Guinea-Bissau",2003-07-01,43,0.181094255169564,0.451049177093778,"instability_of_regime"
"Guinea-Bissau",2003-10-01,18,0.0793398168760946,0.185144124566951,"instability_of_regime"
"Guinea-Bissau",2004-01-01,11,0.0499475632469744,0.115175066280755,"instability_of_regime"
"Guinea-Bissau",2004-04-01,12,0.0552921622065448,0.129024741151251,"instability_of_regime"
"Guinea-Bissau",2004-07-01,1,0.00463680362329398,0.0106742678072288,"instability_of_regime"
"Guinea-Bissau",2004-10-01,2,0.00936858547427537,0.0200792154654497,"instability_of_regime"
"Guinea-Bissau",2005-01-01,3,0.0142994277196055,0.0281507589174678,"instability_of_regime"
"Guinea-Bissau",2005-04-01,13,0.0629070540535343,0.11402474905575,"instability_of_regime"
"Guinea-Bissau",2005-07-01,8,0.0387393728582489,0.0686054793210688,"instability_of_regime"
"Guinea-Bissau",2005-10-01,14,0.0663429440950966,0.120541304243847,"instability_of_regime"
"Guinea-Bissau",2006-01-01,2,0.00910970839301336,0.0163092384178629,"instability_of_regime"
"Guinea-Bissau",2006-04-01,0,0,0,"instability_of_regime"
"Guinea-Bissau",2006-07-01,1,0.00435296081525394,0.00584407147756116,"instability_of_regime"
"Guinea-Bissau",2006-10-01,3,0.0130744862808063,0.0149065817357095,"instability_of_regime"
"Guinea-Bissau",2007-01-01,6,0.0265358235767096,0.0268715612224262,"instability_of_regime"
"Guinea-Bissau",2007-04-01,2,0.0090650071495939,0.00858469198576828,"instability_of_regime"
"Guinea-Bissau",2007-07-01,0,0,0,"instability_of_regime"
"Guinea-Bissau",2007-10-01,2,0.00960169741282482,0.0098485290696981,"instability_of_regime"
"Guinea-Bissau",2008-01-01,0,0,0,"instability_of_regime"
"Guinea-Bissau",2008-04-01,0,0,0,"instability_of_regime"
"Guinea-Bissau",2008-07-01,0,0,0,"instability_of_regime"
"Guinea-Bissau",2008-10-01,5,0.028000015074426,0.0396487930351895,"instability_of_regime"
"Guinea-Bissau",2009-01-01,12,0.0690093989869064,0.0997233109356779,"instability_of_regime"
"Guinea-Bissau",2009-04-01,3,0.0173404112599855,0.0277791527341703,"instability_of_regime"
"Guinea-Bissau",2009-07-01,3,0.0169523045767864,0.0327586733911275,"instability_of_regime"
"Guinea-Bissau",2009-10-01,0,0,0,"instability_of_regime"
"Guinea-Bissau",2010-01-01,0,0,0,"instability_of_regime"
"Guinea-Bissau",2010-04-01,1,0.00498810710055628,0.0174529702718137,"instability_of_regime"
"Guinea-Bissau",2010-07-01,3,0.0146167445091047,0.0561471469710424,"instability_of_regime"
"Guinea-Bissau",2010-10-01,5,0.0238742960585452,0.0933554594819053,"instability_of_regime"
"Guinea-Bissau",2011-01-01,0,0,0,"instability_of_regime"
"Guinea-Bissau",2011-04-01,0,0,0,"instability_of_regime"
"Guinea-Bissau",2011-07-01,2,0.00945287678984559,0.0202128840483729,"instability_of_regime"
"Guinea-Bissau",2011-10-01,0,0,0,"instability_of_regime"
"Guinea-Bissau",2012-01-01,3,0.0135407762540602,0.0199479016250188,"instability_of_regime"
"Guinea-Bissau",2012-04-01,73,0.325339178697072,0.463181991601701,"instability_of_regime"
"Guinea-Bissau",2012-07-01,4,0.0177448169015718,0.0290385687439472,"instability_of_regime"
"Guinea-Bissau",2012-10-01,10,0.0443681696620278,0.0907856537359046,"instability_of_regime"
"Guinea-Bissau",2013-01-01,2,0.00903702868075402,0.0237624408901374,"instability_of_regime"
"Guinea-Bissau",2013-04-01,3,0.0143048819899935,0.0461259372227647,"instability_of_regime"
"Guinea-Bissau",2013-07-01,2,0.0100549571327838,0.0382464331171357,"instability_of_regime"
"Guinea-Bissau",2013-10-01,0,0,0,"instability_of_regime"
"Guinea-Bissau",2014-01-01,4,0.0206543288826788,0.0936958110836607,"instability_of_regime"
"Guinea-Bissau",2014-04-01,14,0.0704924934303918,0.334251932947243,"instability_of_regime"
"Guinea-Bissau",2014-07-01,2,0.00979703841239952,0.0506161149243192,"instability_of_regime"
"Guinea-Bissau",2014-10-01,0,0,0,"instability_of_regime"
"Guinea-Bissau",2015-01-01,2,0.00933101014197672,0.0552179135734183,"instability_of_regime"
"Guinea-Bissau",2015-04-01,1,0.00475310344172683,0.0270444962650498,"instability_of_regime"
"Guinea-Bissau",2015-07-01,12,0.0590108892348867,0.313712105399199,"instability_of_regime"
"Guinea-Bissau",2015-10-01,13,0.0662915932356959,0.352714028229052,"instability_of_regime"
"Guinea-Bissau",2016-01-01,1,0.0052413924513803,0.0285082774042772,"instability_of_regime"
"Guinea-Bissau",2016-04-01,4,0.0214285958794667,0.11935836163603,"instability_of_regime"
"Guinea-Bissau",2016-07-01,3,0.0163853231915264,0.0959885147344961,"instability_of_regime"
"Guinea-Bissau",2016-10-01,7,0.0389081786831025,0.246118100426537,"instability_of_regime"
"Guinea-Bissau",2017-01-01,0,0,0,"instability_of_regime"
"Guinea-Bissau",2017-04-01,1,0.00583988288553522,0.0490831282139488,"instability_of_regime"
"Guinea-Bissau",2017-07-01,1,0.00602126816316192,0.0603486288905574,"instability_of_regime"
"Guinea-Bissau",2017-10-01,0,0,0,"instability_of_regime"
"Guinea-Bissau",2018-01-01,1,0.00623579807835529,0.0669880954770889,"instability_of_regime"
"Guinea-Bissau",2018-04-01,0,0,0,"instability_of_regime"
"Guinea-Bissau",2018-07-01,0,0,0,"instability_of_regime"
"Guinea-Bissau",2018-10-01,1,0.00636512482360943,0.0358961374250056,"instability_of_regime"
"Guinea-Bissau",2019-01-01,2,0.0128894500213396,0.0573258879204086,"instability_of_regime"
"Guinea-Bissau",2019-04-01,1,0.00658656693374695,0.0237949122958306,"instability_of_regime"
"Guinea-Bissau",2019-07-01,2,0.0134303778597798,0.0406171452335707,"instability_of_regime"
"Guinea-Bissau",2019-10-01,19,0.129203540665485,0.351860371378435,"instability_of_regime"
"Guinea-Bissau",2020-01-01,1,0.00679787769774014,0.0193633661575223,"instability_of_regime"
"Guinea-Bissau",2020-04-01,4,0.0267477651985063,0.0917031637729579,"instability_of_regime"
"Guinea-Bissau",2020-07-01,2,0.0129428403657644,0.058819036673973,"instability_of_regime"
"Guinea-Bissau",2020-10-01,0,0,0,"instability_of_regime"
"Guinea-Bissau",2021-01-01,0,0,0,"instability_of_regime"
"Guinea-Bissau",2021-04-01,0,0,0,"instability_of_regime"
"Guinea-Bissau",2021-07-01,0,0,0,"instability_of_regime"
"Guinea-Bissau",2021-10-01,0,0,0,"instability_of_regime"
"Guinea-Bissau",2022-01-01,4,0.0194417054114023,0.0748435466190752,"instability_of_regime"
"Guinea-Bissau",2022-04-01,9,0.0436833489334048,0.177793580941191,"instability_of_regime"
"Guinea-Bissau",2022-07-01,1,0.00491101669141678,0.0229159398754884,"instability_of_regime"
"Guinea-Bissau",2022-10-01,0,0,0,"instability_of_regime"
"Guinea-Bissau",2023-01-01,0,0,0,"instability_of_regime"
"Guinea-Bissau",2023-04-01,6,0.0303760415134111,0.197250344444899,"instability_of_regime"
"Guinea-Bissau",2023-07-01,2,0.0102374996148243,0.0660053143328184,"instability_of_regime"
"Guinea-Bissau",2023-10-01,5,0.0266830533549509,0.165051228390957,"instability_of_regime"
"Guinea-Bissau",2024-01-01,2,0.011356784237993,0.0719971477921055,"instability_of_regime"
"Guinea-Bissau",2024-04-01,0,0,0,"instability_of_regime"
"Guinea-Bissau",2024-07-01,2,0.0139249456552397,0.0987312410597826,"instability_of_regime"
"Guinea-Bissau",1990-04-01,1,0.180529040929155,0.094431232956883,"instability_within_regime"
"Guinea-Bissau",1990-07-01,3,0.497409293115449,0.29412557953714,"instability_within_regime"
"Guinea-Bissau",1990-10-01,1,0.151769152272656,0.0949102565260947,"instability_within_regime"
"Guinea-Bissau",1991-01-01,1,0.139384296371144,0.0846513638737702,"instability_within_regime"
"Guinea-Bissau",1991-04-01,5,0.645719767340123,0.365214710520286,"instability_within_regime"
"Guinea-Bissau",1991-07-01,6,0.732273273620548,0.393509978848479,"instability_within_regime"
"Guinea-Bissau",1991-10-01,11,1.30613219208996,0.72879502985257,"instability_within_regime"
"Guinea-Bissau",1992-01-01,6,0.71410293269128,0.464622887211361,"instability_within_regime"
"Guinea-Bissau",1992-04-01,1,0.121109242429874,0.0991670513483342,"instability_within_regime"
"Guinea-Bissau",1992-07-01,2,0.244172195714123,0.253528680357338,"instability_within_regime"
"Guinea-Bissau",1992-10-01,1,0.119868097405147,0.149172755181512,"instability_within_regime"
"Guinea-Bissau",1993-01-01,5,0.575790709775665,0.755739228029262,"instability_within_regime"
"Guinea-Bissau",1993-04-01,2,0.217776436130909,0.268723651380717,"instability_within_regime"
"Guinea-Bissau",1993-07-01,7,0.710276199514636,0.757705446729894,"instability_within_regime"
"Guinea-Bissau",1993-10-01,2,0.188892731131786,0.169285056039332,"instability_within_regime"
"Guinea-Bissau",1994-01-01,9,0.792891256666886,0.597707319605632,"instability_within_regime"
"Guinea-Bissau",1994-04-01,7,0.580687946601539,0.389463554177345,"instability_within_regime"
"Guinea-Bissau",1994-07-01,33,2.62496098213667,1.66987686349956,"instability_within_regime"
"Guinea-Bissau",1994-10-01,4,0.314195282335606,0.209144711633043,"instability_within_regime"
"Guinea-Bissau",1995-01-01,0,0,0,"instability_within_regime"
"Guinea-Bissau",1995-04-01,1,0.0764507619101217,0.0726187686148,"instability_within_regime"
"Guinea-Bissau",1995-07-01,0,0,0,"instability_within_regime"
"Guinea-Bissau",1995-10-01,1,0.071208157031374,0.130927761648038,"instability_within_regime"
"Guinea-Bissau",1996-01-01,0,0,0,"instability_within_regime"
"Guinea-Bissau",1996-04-01,0,0,0,"instability_within_regime"
"Guinea-Bissau",1996-07-01,0,0,0,"instability_within_regime"
"Guinea-Bissau",1996-10-01,0,0,0,"instability_within_regime"
"Guinea-Bissau",1997-01-01,0,0,0,"instability_within_regime"
"Guinea-Bissau",1997-04-01,3,0.144716622089224,0.150021170685681,"instability_within_regime"
"Guinea-Bissau",1997-07-01,0,0,0,"instability_within_regime"
"Guinea-Bissau",1997-10-01,1,0.0444709815014484,0.0157870913592812,"instability_within_regime"
"Guinea-Bissau",1998-01-01,0,0,0,"instability_within_regime"
"Guinea-Bissau",1998-04-01,40,1.4744852765242,0.307811958755816,"instability_within_regime"
"Guinea-Bissau",1998-07-01,14,0.472280249387446,0.0922646401381612,"instability_within_regime"
"Guinea-Bissau",1998-10-01,25,0.786557818854007,0.156732731902374,"instability_within_regime"
"Guinea-Bissau",1999-01-01,29,0.859000796911454,0.187030047178979,"instability_within_regime"
"Guinea-Bissau",1999-04-01,32,0.894798055561225,0.218837044343262,"instability_within_regime"
"Guinea-Bissau",1999-07-01,5,0.131610323712083,0.0359804984396236,"instability_within_regime"
"Guinea-Bissau",1999-10-01,35,0.863628998294393,0.248257336198176,"instability_within_regime"
"Guinea-Bissau",2000-01-01,68,1.58027907345875,0.450318121854455,"instability_within_regime"
"Guinea-Bissau",2000-04-01,19,0.427938380214963,0.116957728091988,"instability_within_regime"
"Guinea-Bissau",2000-07-01,23,0.515299633607412,0.136784565549118,"instability_within_regime"
"Guinea-Bissau",2000-10-01,18,0.407881409924595,0.111407590657533,"instability_within_regime"
"Guinea-Bissau",2001-01-01,24,0.551113265434376,0.169757579368595,"instability_within_regime"
"Guinea-Bissau",2001-04-01,3,0.0695064517324684,0.0274522232603844,"instability_within_regime"
"Guinea-Bissau",2001-07-01,0,0,0,"instability_within_regime"
"Guinea-Bissau",2001-10-01,24,0.538700095664784,0.420981909306264,"instability_within_regime"
"Guinea-Bissau",2002-01-01,2,0.0428524027912621,0.0456510760681066,"instability_within_regime"
"Guinea-Bissau",2002-04-01,6,0.12287570845839,0.147848941865864,"instability_within_regime"
"Guinea-Bissau",2002-07-01,3,0.0591745931820021,0.0658227929588834,"instability_within_regime"
"Guinea-Bissau",2002-10-01,26,0.502277658333146,0.462712152778011,"instability_within_regime"
"Guinea-Bissau",2003-01-01,11,0.214607844218577,0.159282164136521,"instability_within_regime"
"Guinea-Bissau",2003-04-01,22,0.443505868904762,0.263778347467046,"instability_within_regime"
"Guinea-Bissau",2003-07-01,127,2.67809909515555,1.3321684997886,"instability_within_regime"
"Guinea-Bissau",2003-10-01,30,0.662104664200395,0.308573540944918,"instability_within_regime"
"Guinea-Bissau",2004-01-01,68,1.54602757932986,0.711991318826488,"instability_within_regime"
"Guinea-Bissau",2004-04-01,43,0.99205896678435,0.462338655791983,"instability_within_regime"
"Guinea-Bissau",2004-07-01,6,0.139301777299682,0.0640456068433728,"instability_within_regime"
"Guinea-Bissau",2004-10-01,8,0.187637966923922,0.0803168618617987,"instability_within_regime"
"Guinea-Bissau",2005-01-01,17,0.40572617568972,0.159520967198984,"instability_within_regime"
"Guinea-Bissau",2005-04-01,99,2.39871081814772,0.868342319732247,"instability_within_regime"
"Guinea-Bissau",2005-07-01,117,2.8368421065596,1.00335513507063,"instability_within_regime"
"Guinea-Bissau",2005-10-01,22,0.522006714518968,0.189422049526045,"instability_within_regime"
"Guinea-Bissau",2006-01-01,5,0.114033167468848,0.0407730960446573,"instability_within_regime"
"Guinea-Bissau",2006-04-01,1,0.0220753672105577,0.00707346666007394,"instability_within_regime"
"Guinea-Bissau",2006-07-01,18,0.392323178213429,0.105193286596101,"instability_within_regime"
"Guinea-Bissau",2006-10-01,41,0.894692794274203,0.203723283721364,"instability_within_regime"
"Guinea-Bissau",2007-01-01,24,0.531470625982712,0.107486244889705,"instability_within_regime"
"Guinea-Bissau",2007-04-01,19,0.431199710071646,0.0815545738647987,"instability_within_regime"
"Guinea-Bissau",2007-07-01,12,0.280404336868227,0.0531546080663241,"instability_within_regime"
"Guinea-Bissau",2007-10-01,12,0.288460246187884,0.0590911744181886,"instability_within_regime"
"Guinea-Bissau",2008-01-01,7,0.173765095696336,0.0403002624880964,"instability_within_regime"
"Guinea-Bissau",2008-04-01,9,0.23313835425756,0.0606165976241482,"instability_within_regime"
"Guinea-Bissau",2008-07-01,9,0.243313443593316,0.0676194454581797,"instability_within_regime"
"Guinea-Bissau",2008-10-01,54,1.5141493852453,0.428206964780047,"instability_within_regime"
"Guinea-Bissau",2009-01-01,46,1.32455969154533,0.382272691920098,"instability_within_regime"
"Guinea-Bissau",2009-04-01,54,1.56285469724555,0.500024749215066,"instability_within_regime"
"Guinea-Bissau",2009-07-01,43,1.21664157029979,0.469540985272828,"instability_within_regime"
"Guinea-Bissau",2009-10-01,2,0.0541692421897273,0.0266409645365735,"instability_within_regime"
"Guinea-Bissau",2010-01-01,2,0.0516246018183175,0.0315435435664831,"instability_within_regime"
"Guinea-Bissau",2010-04-01,26,0.649375383846526,0.453777227067157,"instability_within_regime"
"Guinea-Bissau",2010-07-01,7,0.170771009240224,0.131010009599099,"instability_within_regime"
"Guinea-Bissau",2010-10-01,9,0.215173995467046,0.16803982706743,"instability_within_regime"
"Guinea-Bissau",2011-01-01,0,0,0,"instability_within_regime"
"Guinea-Bissau",2011-04-01,1,0.0236896628943347,0.0132849258038276,"instability_within_regime"
"Guinea-Bissau",2011-07-01,13,0.307655056823826,0.131383746314424,"instability_within_regime"
"Guinea-Bissau",2011-10-01,15,0.348401907778043,0.118281929995261,"instability_within_regime"
"Guinea-Bissau",2012-01-01,91,2.05660270860588,0.605086349292238,"instability_within_regime"
"Guinea-Bissau",2012-04-01,246,5.48953194734804,1.56085986210984,"instability_within_regime"
"Guinea-Bissau",2012-07-01,5,0.111062703115332,0.036298210929934,"instability_within_regime"
"Guinea-Bissau",2012-10-01,40,0.888624347227027,0.363142614943618,"instability_within_regime"
"Guinea-Bissau",2013-01-01,8,0.180997408130176,0.0950497635605496,"instability_within_regime"
"Guinea-Bissau",2013-04-01,13,0.310379536962205,0.199879061298647,"instability_within_regime"
"Guinea-Bissau",2013-07-01,16,0.402769813881359,0.305971464937086,"instability_within_regime"
"Guinea-Bissau",2013-10-01,7,0.181202713878579,0.154368241364067,"instability_within_regime"
"Guinea-Bissau",2014-01-01,11,0.284400585299273,0.257663480480067,"instability_within_regime"
"Guinea-Bissau",2014-04-01,60,1.51269994512848,1.43250828405961,"instability_within_regime"
"Guinea-Bissau",2014-07-01,7,0.17169180211865,0.177156402235117,"instability_within_regime"
"Guinea-Bissau",2014-10-01,5,0.118861143201001,0.134496158844169,"instability_within_regime"
"Guinea-Bissau",2015-01-01,3,0.0700820221417592,0.0828268703601275,"instability_within_regime"
"Guinea-Bissau",2015-04-01,3,0.0713978648778115,0.0811334887951494,"instability_within_regime"
"Guinea-Bissau",2015-07-01,34,0.837175545860964,0.888850965297731,"instability_within_regime"
"Guinea-Bissau",2015-10-01,4,0.102131991356799,0.108527393301247,"instability_within_regime"
"Guinea-Bissau",2016-01-01,3,0.0787326079903858,0.0855248322128316,"instability_within_regime"
"Guinea-Bissau",2016-04-01,12,0.321885692554494,0.358075084908091,"instability_within_regime"
"Guinea-Bissau",2016-07-01,4,0.109390712877325,0.127984686312661,"instability_within_regime"
"Guinea-Bissau",2016-10-01,8,0.222648386685679,0.2812778290589,"instability_within_regime"
"Guinea-Bissau",2017-01-01,0,0,0,"instability_within_regime"
"Guinea-Bissau",2017-04-01,4,0.116963628578133,0.196332512855795,"instability_within_regime"
"Guinea-Bissau",2017-07-01,0,0,0,"instability_within_regime"
"Guinea-Bissau",2017-10-01,1,0.0308060103198678,0.0683710987388652,"instability_within_regime"
"Guinea-Bissau",2018-01-01,4,0.124893184438944,0.267952381908356,"instability_within_regime"
"Guinea-Bissau",2018-04-01,6,0.188936060155443,0.346799619033733,"instability_within_regime"
"Guinea-Bissau",2018-07-01,1,0.0316915620317535,0.0463453453701722,"instability_within_regime"
"Guinea-Bissau",2018-10-01,9,0.286837638392337,0.32306523682505,"instability_within_regime"
"Guinea-Bissau",2019-01-01,17,0.548580058563997,0.487270047323473,"instability_within_regime"
"Guinea-Bissau",2019-04-01,8,0.263837060962974,0.190359298366644,"instability_within_regime"
"Guinea-Bissau",2019-07-01,5,0.168118282340274,0.101542863083927,"instability_within_regime"
"Guinea-Bissau",2019-10-01,82,2.79203829372365,1.51855528700167,"instability_within_regime"
"Guinea-Bissau",2020-01-01,50,1.70188439079713,0.968168307876116,"instability_within_regime"
"Guinea-Bissau",2020-04-01,10,0.334822176156372,0.229257909432395,"instability_within_regime"
"Guinea-Bissau",2020-07-01,4,0.129612322966011,0.117638073347946,"instability_within_regime"
"Guinea-Bissau",2020-10-01,1,0.0309781443793073,0.0367492116796088,"instability_within_regime"
"Guinea-Bissau",2021-01-01,3,0.0880818256887939,0.117822155040467,"instability_within_regime"
"Guinea-Bissau",2021-04-01,1,0.0278126272629933,0.0346622213469701,"instability_within_regime"
"Guinea-Bissau",2021-07-01,1,0.0264231248034627,0.0274545370983729,"instability_within_regime"
"Guinea-Bissau",2021-10-01,0,0,0,"instability_within_regime"
"Guinea-Bissau",2022-01-01,63,1.5332099191869,1.17878585925043,"instability_within_regime"
"Guinea-Bissau",2022-04-01,13,0.315939169680975,0.256812950248387,"instability_within_regime"
"Guinea-Bissau",2022-07-01,4,0.0983599060965143,0.0916637595019535,"instability_within_regime"
"Guinea-Bissau",2022-10-01,4,0.0993842163781184,0.109000816123615,"instability_within_regime"
"Guinea-Bissau",2023-01-01,0,0,0,"instability_within_regime"
"Guinea-Bissau",2023-04-01,14,0.354890739366552,0.460250803704765,"instability_within_regime"
"Guinea-Bissau",2023-07-01,4,0.10252047224123,0.132010628665637,"instability_within_regime"
"Guinea-Bissau",2023-10-01,33,0.881792019657494,1.08933810738031,"instability_within_regime"
"Guinea-Bissau",2024-01-01,2,0.0568646118205875,0.0719971477921055,"instability_within_regime"
"Guinea-Bissau",2024-04-01,0,0,0,"instability_within_regime"
"Guinea-Bissau",2024-07-01,7,0.244032830465019,0.345559343709239,"instability_within_regime"
"Guinea-Bissau",2024-10-01,2,0.0795796535844889,0.13090983411539,"instability_within_regime"
"Guinea-Bissau",1991-10-01,3,0.0548601522950558,0.198762280868883,"mass_civil_protest"
"Guinea-Bissau",1992-01-01,2,0.0366590214195823,0.15487429573712,"mass_civil_protest"
"Guinea-Bissau",1992-04-01,0,0,0,"mass_civil_protest"
"Guinea-Bissau",1992-07-01,0,0,0,"mass_civil_protest"
"Guinea-Bissau",1992-10-01,1,0.0184605619825941,0.149172755181512,"mass_civil_protest"
"Guinea-Bissau",1993-01-01,2,0.0354703889255494,0.302295691211705,"mass_civil_protest"
"Guinea-Bissau",1993-04-01,0,0,0,"mass_civil_protest"
"Guinea-Bissau",1993-07-01,2,0.0312536341188985,0.216487270494255,"mass_civil_protest"
"Guinea-Bissau",1993-10-01,0,0,0,"mass_civil_protest"
"Guinea-Bissau",1994-01-01,0,0,0,"mass_civil_protest"
"Guinea-Bissau",1994-04-01,0,0,0,"mass_civil_protest"
"Guinea-Bissau",1994-07-01,0,0,0,"mass_civil_protest"
"Guinea-Bissau",1994-10-01,0,0,0,"mass_civil_protest"
"Guinea-Bissau",1995-01-01,0,0,0,"mass_civil_protest"
"Guinea-Bissau",1995-04-01,3,0.0353219261690996,0.2178563058444,"mass_civil_protest"
"Guinea-Bissau",1995-07-01,0,0,0,"mass_civil_protest"
"Guinea-Bissau",1995-10-01,0,0,0,"mass_civil_protest"
"Guinea-Bissau",1996-01-01,0,0,0,"mass_civil_protest"
"Guinea-Bissau",1996-04-01,0,0,0,"mass_civil_protest"
"Guinea-Bissau",1996-07-01,0,0,0,"mass_civil_protest"
"Guinea-Bissau",1996-10-01,0,0,0,"mass_civil_protest"
"Guinea-Bissau",1997-01-01,0,0,0,"mass_civil_protest"
"Guinea-Bissau",1997-04-01,0,0,0,"mass_civil_protest"
"Guinea-Bissau",1997-07-01,0,0,0,"mass_civil_protest"
"Guinea-Bissau",1997-10-01,0,0,0,"mass_civil_protest"
"Guinea-Bissau",1998-01-01,0,0,0,"mass_civil_protest"
"Guinea-Bissau",1998-04-01,12,0.0681244486955426,0.0923435876267448,"mass_civil_protest"
"Guinea-Bissau",1998-07-01,4,0.0207813159528981,0.0263613257537604,"mass_civil_protest"
"Guinea-Bissau",1998-10-01,10,0.0484542582461143,0.0626930927609495,"mass_civil_protest"
"Guinea-Bissau",1999-01-01,5,0.0228090332821875,0.0322465598584446,"mass_civil_protest"
"Guinea-Bissau",1999-04-01,11,0.0473706173092426,0.0752252339929965,"mass_civil_protest"
"Guinea-Bissau",1999-07-01,0,0,0,"mass_civil_protest"
"Guinea-Bissau",1999-10-01,6,0.022800886257156,0.0425584004911159,"mass_civil_protest"
"Guinea-Bissau",2000-01-01,11,0.0393694064542032,0.0728455785352794,"mass_civil_protest"
"Guinea-Bissau",2000-04-01,7,0.0242810231658284,0.0430896892970482,"mass_civil_protest"
"Guinea-Bissau",2000-07-01,8,0.0276034452267188,0.0475772401909977,"mass_civil_protest"
"Guinea-Bissau",2000-10-01,4,0.0139592698835192,0.0247572423683408,"mass_civil_protest"
"Guinea-Bissau",2001-01-01,9,0.0318282996567284,0.0636590922632232,"mass_civil_protest"
"Guinea-Bissau",2001-04-01,0,0,0,"mass_civil_protest"
"Guinea-Bissau",2001-07-01,4,0.0142100247919714,0.0506042736240285,"mass_civil_protest"
"Guinea-Bissau",2001-10-01,9,0.0311114051236145,0.157868215989849,"mass_civil_protest"
"Guinea-Bissau",2002-01-01,0,0,0,"mass_civil_protest"
"Guinea-Bissau",2002-04-01,0,0,0,"mass_civil_protest"
"Guinea-Bissau",2002-07-01,1,0.00303777309915055,0.0219409309862945,"mass_civil_protest"
"Guinea-Bissau",2002-10-01,2,0.00595034044462501,0.0355932425213855,"mass_civil_protest"
"Guinea-Bissau",2003-01-01,2,0.00600930446338461,0.0289603934793674,"mass_civil_protest"
"Guinea-Bissau",2003-04-01,0,0,0,"mass_civil_protest"
"Guinea-Bissau",2003-07-01,17,0.0552094154516493,0.178321767688238,"mass_civil_protest"
"Guinea-Bissau",2003-10-01,3,0.010196895134761,0.0308573540944918,"mass_civil_protest"
"Guinea-Bissau",2004-01-01,8,0.0280117097070492,0.0837636845678222,"mass_civil_protest"
"Guinea-Bissau",2004-04-01,4,0.0142124951126327,0.0430082470504171,"mass_civil_protest"
"Guinea-Bissau",2004-07-01,0,0,0,"mass_civil_protest"
"Guinea-Bissau",2004-10-01,9,0.0325098186496748,0.0903564695945235,"mass_civil_protest"
"Guinea-Bissau",2005-01-01,4,0.0147023041579866,0.0375343452232904,"mass_civil_protest"
"Guinea-Bissau",2005-04-01,33,0.123139658494971,0.289447439910749,"mass_civil_protest"
"Guinea-Bissau",2005-07-01,16,0.0597462416489635,0.137210958642138,"mass_civil_protest"
"Guinea-Bissau",2005-10-01,4,0.0146168808083299,0.0344403726410991,"mass_civil_protest"
"Guinea-Bissau",2006-01-01,4,0.0140495521440708,0.0326184768357258,"mass_civil_protest"
"Guinea-Bissau",2006-04-01,0,0,0,"mass_civil_protest"
"Guinea-Bissau",2006-07-01,0,0,0,"mass_civil_protest"
"Guinea-Bissau",2006-10-01,2,0.00672142542272105,0.0099377211571397,"mass_civil_protest"
"Guinea-Bissau",2007-01-01,7,0.0238730204689227,0.0313501547594972,"mass_civil_protest"
"Guinea-Bissau",2007-04-01,2,0.00699030556962017,0.00858469198576828,"mass_civil_protest"
"Guinea-Bissau",2007-07-01,1,0.00359869289174312,0.00442955067219367,"mass_civil_protest"
"Guinea-Bissau",2007-10-01,1,0.00370208196171603,0.00492426453484905,"mass_civil_protest"
"Guinea-Bissau",2008-01-01,1,0.00382301330611934,0.00575718035544234,"mass_civil_protest"
"Guinea-Bissau",2008-04-01,2,0.00797889074641188,0.0134703550275885,"mass_civil_protest"
"Guinea-Bissau",2008-07-01,0,0,0,"mass_civil_protest"
"Guinea-Bissau",2008-10-01,1,0.00431833440601262,0.0079297586070379,"mass_civil_protest"
"Guinea-Bissau",2009-01-01,7,0.0310422397443215,0.0581719313791454,"mass_civil_protest"
"Guinea-Bissau",2009-04-01,1,0.004457241324059,0.00925971757805678,"mass_civil_protest"
"Guinea-Bissau",2009-07-01,0,0,0,"mass_civil_protest"
"Guinea-Bissau",2009-10-01,0,0,0,"mass_civil_protest"
"Guinea-Bissau",2010-01-01,0,0,0,"mass_civil_protest"
"Guinea-Bissau",2010-04-01,9,0.0346183439729535,0.157076732446323,"mass_civil_protest"
"Guinea-Bissau",2010-07-01,2,0.00751428056375272,0.0374314313140283,"mass_civil_protest"
"Guinea-Bissau",2010-10-01,0,0,0,"mass_civil_protest"
"Guinea-Bissau",2011-01-01,1,0.00364447962746411,0.0166144517845057,"mass_civil_protest"
"Guinea-Bissau",2011-04-01,1,0.00364838100941482,0.0132849258038276,"mass_civil_protest"
"Guinea-Bissau",2011-07-01,1,0.00364470188398864,0.0101064420241864,"mass_civil_protest"
"Guinea-Bissau",2011-10-01,2,0.00715419159628642,0.0157709239993682,"mass_civil_protest"
"Guinea-Bissau",2012-01-01,10,0.0348056955365915,0.0664930054167295,"mass_civil_protest"
"Guinea-Bissau",2012-04-01,33,0.113411071958069,0.209383640039125,"mass_civil_protest"
"Guinea-Bissau",2012-07-01,2,0.00684178679464716,0.0145192843719736,"mass_civil_protest"
"Guinea-Bissau",2012-10-01,4,0.0136854636023633,0.0363142614943619,"mass_civil_protest"
"Guinea-Bissau",2013-01-01,1,0.00348436525627682,0.0118812204450687,"mass_civil_protest"
"Guinea-Bissau",2013-04-01,0,0,0,"mass_civil_protest"
"Guinea-Bissau",2013-07-01,1,0.00387684321080428,0.0191232165585679,"mass_civil_protest"
"Guinea-Bissau",2013-10-01,3,0.0119599459860456,0.0661578177274571,"mass_civil_protest"
"Guinea-Bissau",2014-01-01,2,0.00796359384183301,0.0468479055418303,"mass_civil_protest"
"Guinea-Bissau",2014-04-01,1,0.00388278055944072,0.0238751380676602,"mass_civil_protest"
"Guinea-Bissau",2014-07-01,0,0,0,"mass_civil_protest"
"Guinea-Bissau",2014-10-01,0,0,0,"mass_civil_protest"
"Guinea-Bissau",2015-01-01,0,0,0,"mass_civil_protest"
"Guinea-Bissau",2015-04-01,0,0,0,"mass_civil_protest"
"Guinea-Bissau",2015-07-01,4,0.0151683700071267,0.104570701799733,"mass_civil_protest"
"Guinea-Bissau",2015-10-01,0,0,0,"mass_civil_protest"
"Guinea-Bissau",2016-01-01,0,0,0,"mass_civil_protest"
"Guinea-Bissau",2016-04-01,0,0,0,"mass_civil_protest"
"Guinea-Bissau",2016-07-01,0,0,0,"mass_civil_protest"
"Guinea-Bissau",2016-10-01,2,0.00857236919520647,0.070319457264725,"mass_civil_protest"
"Guinea-Bissau",2017-01-01,2,0.00873102727870662,0.0803494303297988,"mass_civil_protest"
"Guinea-Bissau",2017-04-01,1,0.00450331314548551,0.0490831282139488,"mass_civil_protest"
"Guinea-Bissau",2017-07-01,0,0,0,"mass_civil_protest"
"Guinea-Bissau",2017-10-01,1,0.00474435045902325,0.0683710987388652,"mass_civil_protest"
"Guinea-Bissau",2018-01-01,0,0,0,"mass_civil_protest"
"Guinea-Bissau",2018-04-01,0,0,0,"mass_civil_protest"
"Guinea-Bissau",2018-07-01,0,0,0,"mass_civil_protest"
"Guinea-Bissau",2018-10-01,2,0.00981668668795212,0.0717922748500112,"mass_civil_protest"
"Guinea-Bissau",2019-01-01,2,0.00993945098846912,0.0573258879204086,"mass_civil_protest"
"Guinea-Bissau",2019-04-01,2,0.0101582083194959,0.0475898245916611,"mass_civil_protest"
"Guinea-Bissau",2019-07-01,0,0,0,"mass_civil_protest"
"Guinea-Bissau",2019-10-01,9,0.0471944939086097,0.16667070223189,"mass_civil_protest"
"Guinea-Bissau",2020-01-01,1,0.0052420523831841,0.0193633661575223,"mass_civil_protest"
"Guinea-Bissau",2020-04-01,0,0,0,"mass_civil_protest"
"Guinea-Bissau",2020-07-01,0,0,0,"mass_civil_protest"
"Guinea-Bissau",2020-10-01,0,0,0,"mass_civil_protest"
"Guinea-Bissau",2021-01-01,0,0,0,"mass_civil_protest"
"Guinea-Bissau",2021-04-01,0,0,0,"mass_civil_protest"
"Guinea-Bissau",2021-07-01,0,0,0,"mass_civil_protest"
"Guinea-Bissau",2021-10-01,0,0,0,"mass_civil_protest"
"Guinea-Bissau",2022-01-01,7,0.0262361688094283,0.130976206583382,"mass_civil_protest"
"Guinea-Bissau",2022-04-01,0,0,0,"mass_civil_protest"
"Guinea-Bissau",2022-07-01,0,0,0,"mass_civil_protest"
"Guinea-Bissau",2022-10-01,1,0.00382647369537088,0.0272502040309038,"mass_civil_protest"
"Guinea-Bissau",2023-01-01,0,0,0,"mass_civil_protest"
"Guinea-Bissau",2023-04-01,0,0,0,"mass_civil_protest"
"Guinea-Bissau",2023-07-01,2,0.00789445053881689,0.0660053143328184,"mass_civil_protest"
"Guinea-Bissau",2023-10-01,1,0.00411522447591101,0.0330102456781913,"mass_civil_protest"
"Guinea-Bissau",2024-01-01,0,0,0,"mass_civil_protest"
"Guinea-Bissau",2024-04-01,0,0,0,"mass_civil_protest"
"Guinea-Bissau",2024-07-01,2,0.0107379534912823,0.0987312410597826,"mass_civil_protest"
"Guinea-Bissau",1990-01-01,1,0.439871572253741,0.090314149119777,"political_violence"
"Guinea-Bissau",1990-04-01,1,0.399145937687279,0.094431232956883,"political_violence"
"Guinea-Bissau",1990-07-01,0,0,0,"political_violence"
"Guinea-Bissau",1990-10-01,1,0.335558424750317,0.0949102565260947,"political_violence"
"Guinea-Bissau",1991-01-01,6,1.8490546026589,0.507908183242621,"political_violence"
"Guinea-Bissau",1991-04-01,3,0.856603748709867,0.219128826312171,"political_violence"
"Guinea-Bissau",1991-07-01,8,2.1587212113779,0.524679971797972,"political_violence"
"Guinea-Bissau",1991-10-01,12,3.15036107737194,0.795049123475531,"political_violence"
"Guinea-Bissau",1992-01-01,5,1.31572222031095,0.387185739342801,"political_violence"
"Guinea-Bissau",1992-04-01,0,0,0,"political_violence"
"Guinea-Bissau",1992-07-01,0,0,0,"political_violence"
"Guinea-Bissau",1992-10-01,4,1.06010343579775,0.596691020726048,"political_violence"
"Guinea-Bissau",1993-01-01,5,1.27306122927459,0.755739228029262,"political_violence"
"Guinea-Bissau",1993-04-01,5,1.20374787566419,0.671809128451791,"political_violence"
"Guinea-Bissau",1993-07-01,1,0.22434369103883,0.108243635247128,"political_violence"
"Guinea-Bissau",1993-10-01,0,0,0,"political_violence"
"Guinea-Bissau",1994-01-01,5,0.973925556973732,0.332059622003129,"political_violence"
"Guinea-Bissau",1994-04-01,1,0.183412702511178,0.0556376505967636,"political_violence"
"Guinea-Bissau",1994-07-01,31,5.45199244023611,1.56867220510565,"political_violence"
"Guinea-Bissau",1994-10-01,7,1.21568860829136,0.366003245357826,"political_violence"
"Guinea-Bissau",1995-01-01,13,2.23460347703708,0.774248810498317,"political_violence"
"Guinea-Bissau",1995-04-01,6,1.01418622374992,0.4357126116888,"political_violence"
"Guinea-Bissau",1995-07-01,0,0,0,"political_violence"
"Guinea-Bissau",1995-10-01,0,0,0,"political_violence"
"Guinea-Bissau",1996-01-01,0,0,0,"political_violence"
"Guinea-Bissau",1996-04-01,0,0,0,"political_violence"
"Guinea-Bissau",1996-07-01,0,0,0,"political_violence"
"Guinea-Bissau",1996-10-01,1,0.116625579958212,0.226356801409991,"political_violence"
"Guinea-Bissau",1997-01-01,0,0,0,"political_violence"
"Guinea-Bissau",1997-04-01,3,0.319965427863803,0.150021170685681,"political_violence"
"Guinea-Bissau",1997-07-01,6,0.622641967067657,0.159208015018034,"political_violence"
"Guinea-Bissau",1997-10-01,6,0.589946465784475,0.094722548155687,"political_violence"
"Guinea-Bissau",1998-01-01,0,0,0,"political_violence"
"Guinea-Bissau",1998-04-01,181,14.7517540328718,1.39284911337007,"political_violence"
"Guinea-Bissau",1998-07-01,85,6.33979642433558,0.560178172267408,"political_violence"
"Guinea-Bissau",1998-10-01,127,8.8344395516771,0.796202278064058,"political_violence"
"Guinea-Bissau",1999-01-01,89,5.82868001783991,0.573988765480314,"political_violence"
"Guinea-Bissau",1999-04-01,98,6.05878815514473,0.670188448301241,"political_violence"
"Guinea-Bissau",1999-07-01,25,1.4549383799142,0.179902492198118,"political_violence"
"Guinea-Bissau",1999-10-01,55,3.00058891214041,0.390118671168562,"political_violence"
"Guinea-Bissau",2000-01-01,82,4.21330954692786,0.543030676353901,"political_violence"
"Guinea-Bissau",2000-04-01,79,3.93404539993515,0.486297922066687,"political_violence"
"Guinea-Bissau",2000-07-01,269,13.3250521164492,1.5997847014223,"political_violence"
"Guinea-Bissau",2000-10-01,273,13.677562010927,1.68968179163926,"political_violence"
"Guinea-Bissau",2001-01-01,364,18.4805820505933,2.57465662042369,"political_violence"
"Guinea-Bissau",2001-04-01,15,0.768386562884334,0.137261116301922,"political_violence"
"Guinea-Bissau",2001-07-01,7,0.357006577158258,0.0885574788420499,"political_violence"
"Guinea-Bissau",2001-10-01,73,3.62279124658793,1.28048664080655,"political_violence"
"Guinea-Bissau",2002-01-01,10,0.47372883626473,0.228255380340533,"political_violence"
"Guinea-Bissau",2002-04-01,23,1.04142322590799,0.566754277152477,"political_violence"
"Guinea-Bissau",2002-07-01,17,0.741391472054555,0.372995826767006,"political_violence"
"Guinea-Bissau",2002-10-01,47,2.0074882383501,0.836441199252558,"political_violence"
"Guinea-Bissau",2003-01-01,10,0.43135769068104,0.144801967396837,"political_violence"
"Guinea-Bissau",2003-04-01,24,1.06972604721418,0.287758197236778,"political_violence"
"Guinea-Bissau",2003-07-01,192,8.95176740131179,2.01398702330245,"political_violence"
"Guinea-Bissau",2003-10-01,20,0.975933052762402,0.205715693963279,"political_violence"
"Guinea-Bissau",2004-01-01,55,2.76474863550606,0.575875331403777,"political_violence"
"Guinea-Bissau",2004-04-01,29,1.47928436752302,0.311809791115524,"political_violence"
"Guinea-Bissau",2004-07-01,6,0.307993319166891,0.0640456068433728,"political_violence"
"Guinea-Bissau",2004-10-01,71,3.68191466774258,0.712812149023463,"political_violence"
"Guinea-Bissau",2005-01-01,34,1.7941041951638,0.319041934397968,"political_violence"
"Guinea-Bissau",2005-04-01,139,7.44632758428411,1.21918770144225,"political_violence"
"Guinea-Bissau",2005-07-01,135,7.2371522622044,1.15771746354304,"political_violence"
"Guinea-Bissau",2005-10-01,27,1.41645183481043,0.232472515327419,"political_violence"
"Guinea-Bissau",2006-01-01,50,2.5212495076992,0.407730960446573,"political_violence"
"Guinea-Bissau",2006-04-01,21,1.0249716892843,0.148542799861553,"political_violence"
"Guinea-Bissau",2006-07-01,30,1.44569725031946,0.175322144326835,"political_violence"
"Guinea-Bissau",2006-10-01,65,3.13608682662405,0.32297593760704,"political_violence"
"Guinea-Bissau",2007-01-01,62,3.03559866247745,0.277672799298404,"political_violence"
"Guinea-Bissau",2007-04-01,52,2.60923287335534,0.223201991629975,"political_violence"
"Guinea-Bissau",2007-07-01,38,1.9632324126368,0.16832292554336,"political_violence"
"Guinea-Bissau",2007-10-01,34,1.80704213624827,0.167424994184868,"political_violence"
"Guinea-Bissau",2008-01-01,30,1.64653284041632,0.17271541066327,"political_violence"
"Guinea-Bissau",2008-04-01,15,0.859106717143282,0.101027662706914,"political_violence"
"Guinea-Bissau",2008-07-01,19,1.13569531823886,0.142752162633935,"political_violence"
"Guinea-Bissau",2008-10-01,88,5.45559692013641,0.697818757419336,"political_violence"
"Guinea-Bissau",2009-01-01,204,12.987588173727,1.69529628590652,"political_violence"
"Guinea-Bissau",2009-04-01,140,8.95854577013663,1.29636046092795,"political_violence"
"Guinea-Bissau",2009-07-01,61,3.81600266617175,0.666093025619593,"political_violence"
"Guinea-Bissau",2009-10-01,8,0.479068250877441,0.106563858146294,"political_violence"
"Guinea-Bissau",2010-01-01,12,0.684845496141237,0.189261261398898,"political_violence"
"Guinea-Bissau",2010-04-01,93,5.13558664537914,1.62312623527868,"political_violence"
"Guinea-Bissau",2010-07-01,26,1.40240706727961,0.486608607082368,"political_violence"
"Guinea-Bissau",2010-10-01,28,1.48009620369603,0.52279057309867,"political_violence"
"Guinea-Bissau",2011-01-01,19,0.994105463715512,0.315674583905609,"political_violence"
"Guinea-Bissau",2011-04-01,6,0.314264098256594,0.0797095548229655,"political_violence"
"Guinea-Bissau",2011-07-01,13,0.680218902776809,0.131383746314424,"political_violence"
"Guinea-Bissau",2011-10-01,40,2.05415823709201,0.315418479987364,"political_violence"
"Guinea-Bissau",2012-01-01,99,4.94685116897798,0.658280753625622,"political_violence"
"Guinea-Bissau",2012-04-01,401,19.7846886885869,2.54432847441482,"political_violence"
"Guinea-Bissau",2012-07-01,11,0.540226095522157,0.0798560640458547,"political_violence"
"Guinea-Bissau",2012-10-01,79,3.88034148460423,0.717206664513647,"political_violence"
"Guinea-Bissau",2013-01-01,12,0.600272231674659,0.142574645340824,"political_violence"
"Guinea-Bissau",2013-04-01,32,1.68921272969844,0.492009997042823,"political_violence"
"Guinea-Bissau",2013-07-01,23,1.28011623737472,0.439833980847061,"political_violence"
"Guinea-Bissau",2013-10-01,14,0.801270829006711,0.308736482728133,"political_violence"
"Guinea-Bissau",2014-01-01,7,0.400147842241304,0.163967669396406,"political_violence"
"Guinea-Bissau",2014-04-01,60,3.34454797372324,1.43250828405961,"political_violence"
"Guinea-Bissau",2014-07-01,12,0.650754835396045,0.303696689545915,"political_violence"
"Guinea-Bissau",2014-10-01,15,0.78839851272733,0.403488476532508,"political_violence"
"Guinea-Bissau",2015-01-01,3,0.154949886726372,0.0828268703601275,"political_violence"
"Guinea-Bissau",2015-04-01,6,0.315718375047561,0.162266977590299,"political_violence"
"Guinea-Bissau",2015-07-01,69,3.75639580029643,1.80384460604539,"political_violence"
"Guinea-Bissau",2015-10-01,15,0.846793871393863,0.406977724879675,"political_violence"
"Guinea-Bissau",2016-01-01,11,0.638279221434553,0.313591051447049,"political_violence"
"Guinea-Bissau",2016-04-01,18,1.06752381158333,0.537112627362137,"political_violence"
"Guinea-Bissau",2016-07-01,9,0.54418630649225,0.287965544203488,"political_violence"
"Guinea-Bissau",2016-10-01,20,1.23067732788059,0.70319457264725,"political_violence"
"Guinea-Bissau",2017-01-01,3,0.188018220103371,0.120524145494698,"political_violence"
"Guinea-Bissau",2017-04-01,5,0.323255173820251,0.245415641069744,"political_violence"
"Guinea-Bissau",2017-07-01,1,0.0666590794662096,0.0603486288905574,"political_violence"
"Guinea-Bissau",2017-10-01,5,0.34055722592447,0.341855493694326,"political_violence"
"Guinea-Bissau",2018-01-01,3,0.207102166043727,0.200964286431267,"political_violence"
"Guinea-Bissau",2018-04-01,5,0.348111401290088,0.288999682528111,"political_violence"
"Guinea-Bissau",2018-07-01,1,0.0700693815179736,0.0463453453701722,"political_violence"
"Guinea-Bissau",2018-10-01,11,0.775123586801304,0.394857511675062,"political_violence"
"Guinea-Bissau",2019-01-01,18,1.28424605078097,0.515932991283677,"political_violence"
"Guinea-Bissau",2019-04-01,6,0.437503672065906,0.142769473774983,"political_violence"
"Guinea-Bissau",2019-07-01,5,0.371706009746194,0.101542863083927,"political_violence"
"Guinea-Bissau",2019-10-01,80,6.02257398356392,1.48151735317236,"political_violence"
"Guinea-Bissau",2020-01-01,24,1.80615879861672,0.464720787780536,"political_violence"
"Guinea-Bissau",2020-04-01,3,0.222085450804908,0.0687773728297184,"political_violence"
"Guinea-Bissau",2020-07-01,8,0.573140276155313,0.235276146695892,"political_violence"
"Guinea-Bissau",2020-10-01,1,0.0684920299939047,0.0367492116796088,"political_violence"
"Guinea-Bissau",2021-01-01,7,0.45440984469438,0.274918361761091,"political_violence"
"Guinea-Bissau",2021-04-01,3,0.184479413361378,0.10398666404091,"political_violence"
"Guinea-Bissau",2021-07-01,2,0.11684195376017,0.0549090741967457,"political_violence"
"Guinea-Bissau",2021-10-01,0,0,0,"political_violence"
"Guinea-Bissau",2022-01-01,214,11.5148817609506,4.00412974412052,"political_violence"
"Guinea-Bissau",2022-04-01,28,1.50453671463493,0.553135585150371,"political_violence"
"Guinea-Bissau",2022-07-01,9,0.489311319011265,0.206243458879395,"political_violence"
"Guinea-Bissau",2022-10-01,6,0.32960463895496,0.163501224185423,"political_violence"
"Guinea-Bissau",2023-01-01,0,0,0,"political_violence"
"Guinea-Bissau",2023-04-01,19,1.06489029925863,0.624626090742181,"political_violence"
"Guinea-Bissau",2023-07-01,4,0.226670622157278,0.132010628665637,"political_violence"
"Guinea-Bissau",2023-10-01,44,2.599498309486,1.45245080984042,"political_violence"
"Guinea-Bissau",2024-01-01,4,0.251452937317256,0.143994295584211,"political_violence"
"Guinea-Bissau",2024-04-01,7,0.482740853970531,0.289153857335544,"political_violence"
"Guinea-Bissau",2024-07-01,9,0.693709058007688,0.444290584769022,"political_violence"
"Mali",1991-01-01,5,0.351916209874815,0.122483548766564,"instability_of_regime"
"Mali",1991-04-01,4,0.260849187840794,0.0932036937058922,"instability_of_regime"
"Mali",1991-07-01,3,0.184883693324377,0.0708572549930216,"instability_of_regime"
"Mali",1991-10-01,1,0.0599583770263808,0.0249465733685651,"instability_of_regime"
"Mali",1992-01-01,3,0.180296062092998,0.0812520399303324,"instability_of_regime"
"Mali",1992-04-01,0,0,0,"instability_of_regime"
"Mali",1992-07-01,0,0,0,"instability_of_regime"
"Mali",1992-10-01,0,0,0,"instability_of_regime"
"Mali",1993-01-01,0,0,0,"instability_of_regime"
"Mali",1993-04-01,4,0.219935989917155,0.200777616160589,"instability_of_regime"
"Mali",1993-07-01,0,0,0,"instability_of_regime"
"Mali",1993-10-01,0,0,0,"instability_of_regime"
"Mali",1994-01-01,0,0,0,"instability_of_regime"
"Mali",1994-04-01,0,0,0,"instability_of_regime"
"Mali",1994-07-01,1,0.0401665316878966,0.0315379422461178,"instability_of_regime"
"Mali",1994-10-01,0,0,0,"instability_of_regime"
"Mali",1995-01-01,2,0.0785159509744465,0.0592312956564701,"instability_of_regime"
"Mali",1995-04-01,0,0,0,"instability_of_regime"
"Mali",1995-07-01,0,0,0,"instability_of_regime"
"Mali",1995-10-01,0,0,0,"instability_of_regime"
"Mali",1996-01-01,0,0,0,"instability_of_regime"
"Mali",1996-04-01,0,0,0,"instability_of_regime"
"Mali",1996-07-01,3,0.086866391640047,0.0655799362236056,"instability_of_regime"
"Mali",1996-10-01,2,0.0532714592821582,0.0392300576563197,"instability_of_regime"
"Mali",1997-01-01,2,0.0504785823738498,0.0362740476575522,"instability_of_regime"
"Mali",1997-04-01,2,0.0487172290111434,0.0344978150686941,"instability_of_regime"
"Mali",1997-07-01,1,0.0237005225096503,0.0169062553541762,"instability_of_regime"
"Mali",1997-10-01,0,0,0,"instability_of_regime"
"Mali",1998-01-01,0,0,0,"instability_of_regime"
"Mali",1998-04-01,0,0,0,"instability_of_regime"
"Mali",1998-07-01,0,0,0,"instability_of_regime"
"Mali",1998-10-01,1,0.0158871524936469,0.0143957393632063,"instability_of_regime"
"Mali",1999-01-01,2,0.0299144474069697,0.0265519096751646,"instability_of_regime"
"Mali",1999-04-01,0,0,0,"instability_of_regime"
"Mali",1999-07-01,0,0,0,"instability_of_regime"
"Mali",1999-10-01,3,0.0373797030508442,0.0319762761410666,"instability_of_regime"
"Mali",2000-01-01,4,0.0469396976606713,0.0392072817086989,"instability_of_regime"
"Mali",2000-04-01,0,0,0,"instability_of_regime"
"Mali",2000-07-01,4,0.0452530035068774,0.033071160866996,"instability_of_regime"
"Mali",2000-10-01,5,0.057211960663237,0.0371744354521235,"instability_of_regime"
"Mali",2001-01-01,1,0.0115953815358422,0.00655165683979055,"instability_of_regime"
"Mali",2001-04-01,0,0,0,"instability_of_regime"
"Mali",2001-07-01,0,0,0,"instability_of_regime"
"Mali",2001-10-01,3,0.0340026281405397,0.0134494369873152,"instability_of_regime"
"Mali",2002-01-01,1,0.010819335869928,0.00418766297268891,"instability_of_regime"
"Mali",2002-04-01,11,0.11375300806326,0.0492350546611828,"instability_of_regime"
"Mali",2002-07-01,3,0.029880695452297,0.0153076567487283,"instability_of_regime"
"Mali",2002-10-01,7,0.0682847892200652,0.0404857494849414,"instability_of_regime"
"Mali",2003-01-01,1,0.00985163532022494,0.0062035993228557,"instability_of_regime"
"Mali",2003-04-01,2,0.0203592655186412,0.0123229926168032,"instability_of_regime"
"Mali",2003-07-01,0,0,0,"instability_of_regime"
"Mali",2003-10-01,0,0,0,"instability_of_regime"
"Mali",2004-01-01,1,0.0114805777611751,0.00617959940154423,"instability_of_regime"
"Mali",2004-04-01,2,0.0232999209298301,0.0135713336920325,"instability_of_regime"
"Mali",2004-07-01,0,0,0,"instability_of_regime"
"Mali",2004-10-01,0,0,0,"instability_of_regime"
"Mali",2005-01-01,0,0,0,"instability_of_regime"
"Mali",2005-04-01,0,0,0,"instability_of_regime"
"Mali",2005-07-01,0,0,0,"instability_of_regime"
"Mali",2005-10-01,3,0.0359443044000193,0.0294209574704601,"instability_of_regime"
"Mali",2006-01-01,0,0,0,"instability_of_regime"
"Mali",2006-04-01,1,0.0111471374646801,0.00862137895016364,"instability_of_regime"
"Mali",2006-07-01,0,0,0,"instability_of_regime"
"Mali",2006-10-01,0,0,0,"instability_of_regime"
"Mali",2007-01-01,0,0,0,"instability_of_regime"
"Mali",2007-04-01,3,0.0343796565817775,0.0200860088130753,"instability_of_regime"
"Mali",2007-07-01,5,0.0589968609761051,0.0336417728233279,"instability_of_regime"
"Mali",2007-10-01,0,0,0,"instability_of_regime"
"Mali",2008-01-01,0,0,0,"instability_of_regime"
"Mali",2008-04-01,0,0,0,"instability_of_regime"
"Mali",2008-07-01,0,0,0,"instability_of_regime"
"Mali",2008-10-01,0,0,0,"instability_of_regime"
"Mali",2009-01-01,1,0.0145401579142775,0.01009778244129,"instability_of_regime"
"Mali",2009-04-01,0,0,0,"instability_of_regime"
"Mali",2009-07-01,0,0,0,"instability_of_regime"
"Mali",2009-10-01,0,0,0,"instability_of_regime"
"Mali",2010-01-01,1,0.0130341327403364,0.00872361343047767,"instability_of_regime"
"Mali",2010-04-01,0,0,0,"instability_of_regime"
"Mali",2010-07-01,0,0,0,"instability_of_regime"
"Mali",2010-10-01,2,0.0241453047182278,0.0167645345775077,"instability_of_regime"
"Mali",2011-01-01,3,0.0358484923909581,0.0201351697851617,"instability_of_regime"
"Mali",2011-04-01,4,0.0478491571635166,0.0186377808817393,"instability_of_regime"
"Mali",2011-07-01,2,0.0239004523939661,0.00602747217620344,"instability_of_regime"
"Mali",2011-10-01,4,0.046914239108421,0.00788239217522127,"instability_of_regime"
"Mali",2012-01-01,38,0.433658664497283,0.0525403857158427,"instability_of_regime"
"Mali",2012-04-01,146,1.64516130384651,0.157218470962898,"instability_of_regime"
"Mali",2012-07-01,67,0.751499088283722,0.0616228759853105,"instability_of_regime"
"Mali",2012-10-01,47,0.527243816547251,0.0392891847404378,"instability_of_regime"
"Mali",2013-01-01,21,0.239914824341358,0.0172360349042984,"instability_of_regime"
"Mali",2013-04-01,8,0.0964484240735146,0.00740173737135181,"instability_of_regime"
"Mali",2013-07-01,38,0.483032050744469,0.0428420611960813,"instability_of_regime"
"Mali",2013-10-01,26,0.339856379117064,0.0375331359971382,"instability_of_regime"
"Mali",2014-01-01,10,0.130554913378345,0.0185616275282227,"instability_of_regime"
"Mali",2014-04-01,10,0.127308370987495,0.0224179139446575,"instability_of_regime"
"Mali",2014-07-01,2,0.024770623312148,0.00493530196771972,"instability_of_regime"
"Mali",2014-10-01,8,0.0960318523235735,0.0198610322785054,"instability_of_regime"
"Mali",2015-01-01,3,0.035388491034628,0.00723676012141447,"instability_of_regime"
"Mali",2015-04-01,8,0.096141164268317,0.0189335285408744,"instability_of_regime"
"Mali",2015-07-01,3,0.0373004689535114,0.00712895548119319,"instability_of_regime"
"Mali",2015-10-01,3,0.038679289103216,0.00726674416308676,"instability_of_regime"
"Mali",2016-01-01,8,0.106017800546709,0.0203027220664087,"instability_of_regime"
"Mali",2016-04-01,0,0,0,"instability_of_regime"
"Mali",2016-07-01,5,0.0690471704373117,0.0136244247967168,"instability_of_regime"
"Mali",2016-10-01,4,0.0562140631456298,0.0109999395482629,"instability_of_regime"
"Mali",2017-01-01,2,0.0286272387244988,0.00561075880424055,"instability_of_regime"
"Mali",2017-04-01,11,0.162419790921433,0.0313191143760909,"instability_of_regime"
"Mali",2017-07-01,5,0.0761202310600019,0.0143816860496234,"instability_of_regime"
"Mali",2017-10-01,11,0.171113219249487,0.0318573104607987,"instability_of_regime"
"Mali",2018-01-01,1,0.0157664590815586,0.00295472693951464,"instability_of_regime"
"Mali",2018-04-01,3,0.0477024054571679,0.00901630954400703,"instability_of_regime"
"Mali",2018-07-01,4,0.0640116551754459,0.0122052741477516,"instability_of_regime"
"Mali",2018-10-01,2,0.032186892140972,0.00627890691855433,"instability_of_regime"
"Mali",2019-01-01,0,0,0,"instability_of_regime"
"Mali",2019-04-01,17,0.283106704971497,0.0556331310974299,"instability_of_regime"
"Mali",2019-07-01,1,0.0169785407028397,0.00313503735082925,"instability_of_regime"
"Mali",2019-10-01,2,0.0343868927440883,0.005657928950092,"instability_of_regime"
"Mali",2020-01-01,1,0.0171876092227682,0.002502904936849,"instability_of_regime"
"Mali",2020-04-01,8,0.135256959967702,0.0177145752535359,"instability_of_regime"
"Mali",2020-07-01,155,2.53614115399385,0.309923456979967,"instability_of_regime"
"Mali",2020-10-01,20,0.31285335415095,0.0384943305344944,"instability_of_regime"
"Mali",2021-01-01,5,0.0741293987492835,0.00931860180137659,"instability_of_regime"
"Mali",2021-04-01,106,1.48868667497678,0.1881650304461,"instability_of_regime"
"Mali",2021-07-01,36,0.480332637657336,0.0606752616665115,"instability_of_regime"
"Mali",2021-10-01,23,0.292281333376109,0.0367510398632173,"instability_of_regime"
"Mali",2022-01-01,40,0.491559939871302,0.0623496782846865,"instability_of_regime"
"Mali",2022-04-01,20,0.245440109527383,0.0327253067160605,"instability_of_regime"
"Mali",2022-07-01,4,0.0496676401263437,0.00721257496144831,"instability_of_regime"
"Mali",2022-10-01,11,0.138008403477679,0.0223629284193176,"instability_of_regime"
"Mali",2023-01-01,26,0.329879175776126,0.0590895911924631,"instability_of_regime"
"Mali",2023-04-01,72,0.921625638732497,0.179355320946594,"instability_of_regime"
"Mali",2023-07-01,20,0.258842760375543,0.053916171701638,"instability_of_regime"
"Mali",2023-10-01,4,0.0539718911492194,0.0116628873953948,"instability_of_regime"
"Mali",2024-01-01,2,0.0287142514456839,0.00627466127227678,"instability_of_regime"
"Mali",2024-04-01,17,0.267753845769131,0.0567214894034587,"instability_of_regime"
"Mali",2024-07-01,1,0.0176037680444081,0.00350215027468664,"instability_of_regime"
"Mali",2024-10-01,8,0.160737591259395,0.0298034651922381,"instability_of_regime"
"Mali",1990-07-01,1,0.347145098433388,0.0394149232895699,"instability_within_regime"
"Mali",1990-10-01,5,1.58880980012012,0.14635314237043,"instability_within_regime"
"Mali",1991-01-01,43,12.5487567241033,1.05335851939245,"instability_within_regime"
"Mali",1991-04-01,4,1.08156460426232,0.0932036937058922,"instability_within_regime"
"Mali",1991-07-01,13,3.32187803404978,0.30704810496976,"instability_within_regime"
"Mali",1991-10-01,2,0.497213419428611,0.0498931467371303,"instability_within_regime"
"Mali",1992-01-01,12,2.99026177787734,0.32500815972133,"instability_within_regime"
"Mali",1992-04-01,10,2.53568723783898,0.306712190784175,"instability_within_regime"
"Mali",1992-07-01,2,0.511227969133674,0.073275296829251,"instability_within_regime"
"Mali",1992-10-01,1,0.250970114845088,0.0432961774655764,"instability_within_regime"
"Mali",1993-01-01,0,0,0,"instability_within_regime"
"Mali",1993-04-01,8,1.82385066150157,0.401555232321179,"instability_within_regime"
"Mali",1993-07-01,1,0.212445540702984,0.0473135747916492,"instability_within_regime"
"Mali",1993-10-01,4,0.790976605982421,0.167664037063721,"instability_within_regime"
"Mali",1994-01-01,7,1.29118227856872,0.257284338020579,"instability_within_regime"
"Mali",1994-04-01,2,0.347370684473927,0.0670697942239844,"instability_within_regime"
"Mali",1994-07-01,3,0.499630065662209,0.0946138267383535,"instability_within_regime"
"Mali",1994-10-01,7,1.15121411491003,0.211460760313316,"instability_within_regime"
"Mali",1995-01-01,2,0.325552378164915,0.0592312956564701,"instability_within_regime"
"Mali",1995-04-01,0,0,0,"instability_within_regime"
"Mali",1995-07-01,1,0.155769571686666,0.0303775892384916,"instability_within_regime"
"Mali",1995-10-01,1,0.149089872409234,0.0299205308022071,"instability_within_regime"
"Mali",1996-01-01,1,0.140720365429473,0.0280093435773437,"instability_within_regime"
"Mali",1996-04-01,0,0,0,"instability_within_regime"
"Mali",1996-07-01,9,1.08052797030603,0.196739808670817,"instability_within_regime"
"Mali",1996-10-01,4,0.441761197371634,0.0784601153126395,"instability_within_regime"
"Mali",1997-01-01,8,0.837201732093837,0.145096190630209,"instability_within_regime"
"Mali",1997-04-01,43,4.34294185646305,0.741703023976922,"instability_within_regime"
"Mali",1997-07-01,27,2.65328964391618,0.456468894562758,"instability_within_regime"
"Mali",1997-10-01,1,0.0931097395912538,0.01691610472112,"instability_within_regime"
"Mali",1998-01-01,2,0.170811467929514,0.0332719082485015,"instability_within_regime"
"Mali",1998-04-01,2,0.15435789304969,0.0320183937661973,"instability_within_regime"
"Mali",1998-07-01,0,0,0,"instability_within_regime"
"Mali",1998-10-01,0,0,0,"instability_within_regime"
"Mali",1999-01-01,3,0.186052376121595,0.0398278645127469,"instability_within_regime"
"Mali",1999-04-01,5,0.292727453692725,0.061603528908429,"instability_within_regime"
"Mali",1999-07-01,5,0.275555037343926,0.0574399919658015,"instability_within_regime"
"Mali",1999-10-01,8,0.413302047028589,0.085270069709511,"instability_within_regime"
"Mali",2000-01-01,9,0.43791092805691,0.0882163838445725,"instability_within_regime"
"Mali",2000-04-01,4,0.188627941886674,0.0360641542979669,"instability_within_regime"
"Mali",2000-07-01,7,0.32835862998382,0.057874531517243,"instability_within_regime"
"Mali",2000-10-01,20,0.948876737643088,0.148697741808494,"instability_within_regime"
"Mali",2001-01-01,10,0.480781801388554,0.0655165683979055,"instability_within_regime"
"Mali",2001-04-01,14,0.67912590511155,0.0803821428226061,"instability_within_regime"
"Mali",2001-07-01,7,0.338072601764318,0.0353601816929522,"instability_within_regime"
"Mali",2001-10-01,12,0.563943316873924,0.0537977479492607,"instability_within_regime"
"Mali",2002-01-01,11,0.49346489812535,0.046064292699578,"instability_within_regime"
"Mali",2002-04-01,102,4.37354252405564,0.456543234130968,"instability_within_regime"
"Mali",2002-07-01,33,1.36284468053772,0.168384224236012,"instability_within_regime"
"Mali",2002-10-01,15,0.60670862545908,0.0867551774677316,"instability_within_regime"
"Mali",2003-01-01,7,0.285936333605583,0.0434251952599899,"instability_within_regime"
"Mali",2003-04-01,5,0.211040152511231,0.0308074815420081,"instability_within_regime"
"Mali",2003-07-01,12,0.529812944876245,0.0706656145619919,"instability_within_regime"
"Mali",2003-10-01,4,0.184834816726035,0.0237497587931522,"instability_within_regime"
"Mali",2004-01-01,11,0.52362383453543,0.0679755934169865,"instability_within_regime"
"Mali",2004-04-01,4,0.19321792771075,0.0271426673840649,"instability_within_regime"
"Mali",2004-07-01,5,0.243048983311918,0.0376687543404499,"instability_within_regime"
"Mali",2004-10-01,3,0.147322942241136,0.0251343100017155,"instability_within_regime"
"Mali",2005-01-01,2,0.0999384245857827,0.0183317368397052,"instability_within_regime"
"Mali",2005-04-01,3,0.152188680356468,0.0294152848594315,"instability_within_regime"
"Mali",2005-07-01,0,0,0,"instability_within_regime"
"Mali",2005-10-01,8,0.397431048805809,0.0784558865878936,"instability_within_regime"
"Mali",2006-01-01,0,0,0,"instability_within_regime"
"Mali",2006-04-01,5,0.231098080474049,0.0431068947508182,"instability_within_regime"
"Mali",2006-07-01,2,0.09126827758925,0.0158913780604465,"instability_within_regime"
"Mali",2006-10-01,2,0.0913773324914754,0.0146692736243642,"instability_within_regime"
"Mali",2007-01-01,7,0.324552128718172,0.0484176808806217,"instability_within_regime"
"Mali",2007-04-01,46,2.18575302556179,0.307985468467155,"instability_within_regime"
"Mali",2007-07-01,17,0.831707847038304,0.114382027599315,"instability_within_regime"
"Mali",2007-10-01,5,0.25164779273075,0.0347273393382381,"instability_within_regime"
"Mali",2008-01-01,8,0.415788897172563,0.0592330808734685,"instability_within_regime"
"Mali",2008-04-01,2,0.108472490103576,0.01650037258062,"instability_within_regime"
"Mali",2008-07-01,0,0,0,"instability_within_regime"
"Mali",2008-10-01,0,0,0,"instability_within_regime"
"Mali",2009-01-01,3,0.180864509534898,0.0302933473238701,"instability_within_regime"
"Mali",2009-04-01,2,0.121191799907943,0.0198573704315711,"instability_within_regime"
"Mali",2009-07-01,2,0.118479329783215,0.0189807273142365,"instability_within_regime"
"Mali",2009-10-01,6,0.340245517224089,0.0538180296858902,"instability_within_regime"
"Mali",2010-01-01,6,0.324262231427194,0.052341680582866,"instability_within_regime"
"Mali",2010-04-01,1,0.0522926765045921,0.00891122706306137,"instability_within_regime"
"Mali",2010-07-01,14,0.715093018559751,0.124336569501285,"instability_within_regime"
"Mali",2010-10-01,1,0.0500570984301895,0.00838226728875383,"instability_within_regime"
"Mali",2011-01-01,14,0.693650420894396,0.0939641256640878,"instability_within_regime"
"Mali",2011-04-01,4,0.198397990655929,0.0186377808817393,"instability_within_regime"
"Mali",2011-07-01,5,0.247747400990065,0.0150686804405086,"instability_within_regime"
"Mali",2011-10-01,10,0.48630379948256,0.0197059804380532,"instability_within_regime"
"Mali",2012-01-01,246,11.6402555670957,0.340129865423613,"instability_within_regime"
"Mali",2012-04-01,376,17.5673580113937,0.404891404671573,"instability_within_regime"
"Mali",2012-07-01,135,6.27842052138825,0.124165496388312,"instability_within_regime"
"Mali",2012-10-01,157,7.30257904541844,0.13124259583508,"instability_within_regime"
"Mali",2013-01-01,191,9.04761544782424,0.156765841272428,"instability_within_regime"
"Mali",2013-04-01,219,10.9474316092098,0.202622560540756,"instability_within_regime"
"Mali",2013-07-01,404,21.2929921556457,0.455478755874127,"instability_within_regime"
"Mali",2013-10-01,168,9.10530162339508,0.242521801827662,"instability_within_regime"
"Mali",2014-01-01,46,2.49008418312643,0.0853834866298246,"instability_within_regime"
"Mali",2014-04-01,54,2.85045177537686,0.12105673530115,"instability_within_regime"
"Mali",2014-07-01,15,0.770302266082363,0.0370147647578979,"instability_within_regime"
"Mali",2014-10-01,27,1.34385391267469,0.0670309839399557,"instability_within_regime"
"Mali",2015-01-01,14,0.684749624427127,0.0337715472332675,"instability_within_regime"
"Mali",2015-04-01,48,2.39179307735424,0.113601171245246,"instability_within_regime"
"Mali",2015-07-01,11,0.567085704503438,0.0261395034310417,"instability_within_regime"
"Mali",2015-10-01,23,1.22955523105407,0.0557117052503318,"instability_within_regime"
"Mali",2016-01-01,19,1.04401173691688,0.0482189649077208,"instability_within_regime"
"Mali",2016-04-01,13,0.730099711467655,0.0345591410375861,"instability_within_regime"
"Mali",2016-07-01,26,1.48871720159706,0.0708470089429275,"instability_within_regime"
"Mali",2016-10-01,27,1.57330066801289,0.0742495919507744,"instability_within_regime"
"Mali",2017-01-01,17,1.00893075886901,0.0476914498360447,"instability_within_regime"
"Mali",2017-04-01,28,1.71422281263174,0.0797213820482313,"instability_within_regime"
"Mali",2017-07-01,15,0.946856859293913,0.0431450581488702,"instability_within_regime"
"Mali",2017-10-01,26,1.67697736926513,0.0752990974527969,"instability_within_regime"
"Mali",2018-01-01,31,2.0265570721835,0.0915965351249537,"instability_within_regime"
"Mali",2018-04-01,58,3.82393054398883,0.174315317850802,"instability_within_regime"
"Mali",2018-07-01,196,13.0052323048553,0.598058433239828,"instability_within_regime"
"Mali",2018-10-01,6,0.400371611838772,0.018836720755663,"instability_within_regime"
"Mali",2019-01-01,19,1.28369867640213,0.0617179513656066,"instability_within_regime"
"Mali",2019-04-01,20,1.3810016785881,0.0654507424675646,"instability_within_regime"
"Mali",2019-07-01,4,0.281593955621996,0.012540149403317,"instability_within_regime"
"Mali",2019-10-01,11,0.784185126000799,0.031118609225506,"instability_within_regime"
"Mali",2020-01-01,41,2.92187952266874,0.102619102410809,"instability_within_regime"
"Mali",2020-04-01,70,4.90716489834992,0.155002533468439,"instability_within_regime"
"Mali",2020-07-01,357,24.2199318281738,0.713823704140956,"instability_within_regime"
"Mali",2020-10-01,70,4.54016709583649,0.13473015687073,"instability_within_regime"
"Mali",2021-01-01,33,2.02860452665578,0.0615027718890855,"instability_within_regime"
"Mali",2021-04-01,181,10.5399606076066,0.321300665195699,"instability_within_regime"
"Mali",2021-07-01,78,4.3151627095409,0.131463066944108,"instability_within_regime"
"Mali",2021-10-01,81,4.26796883802552,0.129427575170461,"instability_within_regime"
"Mali",2022-01-01,228,11.6175437100722,0.355393166222713,"instability_within_regime"
"Mali",2022-04-01,97,4.93571701362381,0.158717737572893,"instability_within_regime"
"Mali",2022-07-01,61,3.14055458724623,0.109991768162087,"instability_within_regime"
"Mali",2022-10-01,38,1.97678492453303,0.0772537527212789,"instability_within_regime"
"Mali",2023-01-01,33,1.73603497221289,0.0749983272827417,"instability_within_regime"
"Mali",2023-04-01,109,5.78510873817364,0.27152402754415,"instability_within_regime"
"Mali",2023-07-01,64,3.43438499475163,0.172531749445242,"instability_within_regime"
"Mali",2023-10-01,23,1.28676268290474,0.06706160252352,"instability_within_regime"
"Mali",2024-01-01,19,1.13105593104127,0.0596092820866294,"instability_within_regime"
"Mali",2024-04-01,72,4.70199615291393,0.240232190414648,"instability_within_regime"
"Mali",2024-07-01,18,1.31383588490119,0.0630387049443595,"instability_within_regime"
"Mali",2024-10-01,34,2.83249637676952,0.126664727067012,"instability_within_regime"
"Mali",1990-07-01,1,0.118565718483457,0.0394149232895699,"mass_civil_protest"
"Mali",1990-10-01,2,0.217060101191026,0.0585412569481719,"mass_civil_protest"
"Mali",1991-01-01,37,3.6879248971328,0.906378260872572,"mass_civil_protest"
"Mali",1991-04-01,3,0.277052344184066,0.0699027702794192,"mass_civil_protest"
"Mali",1991-07-01,7,0.610922992496557,0.165333594983717,"mass_civil_protest"
"Mali",1991-10-01,13,1.10383534945873,0.324305453791347,"mass_civil_protest"
"Mali",1992-01-01,8,0.680872902517597,0.216672106480886,"mass_civil_protest"
"Mali",1992-04-01,11,0.952656795721808,0.337383409862593,"mass_civil_protest"
"Mali",1992-07-01,4,0.349214848446456,0.146550593658502,"mass_civil_protest"
"Mali",1992-10-01,3,0.257152863042887,0.129888532396729,"mass_civil_protest"
"Mali",1993-01-01,0,0,0,"mass_civil_protest"
"Mali",1993-04-01,9,0.700793229391013,0.451749636361326,"mass_civil_protest"
"Mali",1993-07-01,1,0.0725597402519256,0.0473135747916492,"mass_civil_protest"
"Mali",1993-10-01,0,0,0,"mass_civil_protest"
"Mali",1994-01-01,3,0.188998723640937,0.110264716294534,"mass_civil_protest"
"Mali",1994-04-01,4,0.237285532594921,0.134139588447969,"mass_civil_protest"
"Mali",1994-07-01,4,0.227528289000817,0.126151768984471,"mass_civil_protest"
"Mali",1994-10-01,2,0.112340450539956,0.0604173600895189,"mass_civil_protest"
"Mali",1995-01-01,0,0,0,"mass_civil_protest"
"Mali",1995-04-01,0,0,0,"mass_civil_protest"
"Mali",1995-07-01,0,0,0,"mass_civil_protest"
"Mali",1995-10-01,0,0,0,"mass_civil_protest"
"Mali",1996-01-01,2,0.0961247115842634,0.0560186871546874,"mass_civil_protest"
"Mali",1996-04-01,0,0,0,"mass_civil_protest"
"Mali",1996-07-01,8,0.328043616264241,0.174879829929615,"mass_civil_protest"
"Mali",1996-10-01,3,0.113161039866729,0.0588450864844796,"mass_civil_protest"
"Mali",1997-01-01,1,0.0357427720171122,0.0181370238287761,"mass_civil_protest"
"Mali",1997-04-01,7,0.241469175554139,0.120742352740429,"mass_civil_protest"
"Mali",1997-07-01,7,0.23494544935216,0.118343787479234,"mass_civil_protest"
"Mali",1997-10-01,0,0,0,"mass_civil_protest"
"Mali",1998-01-01,4,0.11667965073782,0.0665438164970029,"mass_civil_protest"
"Mali",1998-04-01,0,0,0,"mass_civil_protest"
"Mali",1998-07-01,0,0,0,"mass_civil_protest"
"Mali",1998-10-01,0,0,0,"mass_civil_protest"
"Mali",1999-01-01,0,0,0,"mass_civil_protest"
"Mali",1999-04-01,1,0.0199959273649781,0.0123207057816858,"mass_civil_protest"
"Mali",1999-07-01,1,0.0188228963230991,0.0114879983931603,"mass_civil_protest"
"Mali",1999-10-01,3,0.0529354883351802,0.0319762761410666,"mass_civil_protest"
"Mali",2000-01-01,0,0,0,"mass_civil_protest"
"Mali",2000-04-01,0,0,0,"mass_civil_protest"
"Mali",2000-07-01,1,0.0160213273765967,0.008267790216749,"mass_civil_protest"
"Mali",2000-10-01,2,0.0324084230653424,0.0148697741808494,"mass_civil_protest"
"Mali",2001-01-01,2,0.0328417367680869,0.0131033136795811,"mass_civil_protest"
"Mali",2001-04-01,3,0.0497040314864991,0.0172247448905585,"mass_civil_protest"
"Mali",2001-07-01,2,0.0329905861173243,0.0101029090551292,"mass_civil_protest"
"Mali",2001-10-01,1,0.0160510078856673,0.00448314566243839,"mass_civil_protest"
"Mali",2002-01-01,0,0,0,"mass_civil_protest"
"Mali",2002-04-01,6,0.0878683622874217,0.0268554843606452,"mass_civil_protest"
"Mali",2002-07-01,1,0.0141052414052142,0.00510255224957612,"mass_civil_protest"
"Mali",2002-10-01,27,0.372993079672261,0.156159319441917,"mass_civil_protest"
"Mali",2003-01-01,1,0.0139514518311413,0.0062035993228557,"mass_civil_protest"
"Mali",2003-04-01,0,0,0,"mass_civil_protest"
"Mali",2003-07-01,12,0.180955032217291,0.0706656145619919,"mass_civil_protest"
"Mali",2003-10-01,1,0.0157823579713352,0.00593743969828805,"mass_civil_protest"
"Mali",2004-01-01,4,0.0650331533486151,0.0247183976061769,"mass_civil_protest"
"Mali",2004-04-01,0,0,0,"mass_civil_protest"
"Mali",2004-07-01,2,0.0332048788395391,0.01506750173618,"mass_civil_protest"
"Mali",2004-10-01,2,0.0335449558407422,0.0167562066678103,"mass_civil_protest"
"Mali",2005-01-01,0,0,0,"mass_civil_protest"
"Mali",2005-04-01,2,0.0346528686188096,0.0196101899062877,"mass_civil_protest"
"Mali",2005-07-01,2,0.0346773415099924,0.0200727240630646,"mass_civil_protest"
"Mali",2005-10-01,0,0,0,"mass_civil_protest"
"Mali",2006-01-01,1,0.0163090130631117,0.00930809832418997,"mass_civil_protest"
"Mali",2006-04-01,5,0.0789304244110222,0.0431068947508182,"mass_civil_protest"
"Mali",2006-07-01,0,0,0,"mass_civil_protest"
"Mali",2006-10-01,0,0,0,"mass_civil_protest"
"Mali",2007-01-01,3,0.047506799853758,0.0207504346631236,"mass_civil_protest"
"Mali",2007-04-01,3,0.0486869547218375,0.0200860088130753,"mass_civil_protest"
"Mali",2007-07-01,9,0.150387758703615,0.0605551910819902,"mass_civil_protest"
"Mali",2007-10-01,0,0,0,"mass_civil_protest"
"Mali",2008-01-01,4,0.0710053368939743,0.0296165404367343,"mass_civil_protest"
"Mali",2008-04-01,2,0.0370482509557544,0.01650037258062,"mass_civil_protest"
"Mali",2008-07-01,0,0,0,"mass_civil_protest"
"Mali",2008-10-01,0,0,0,"mass_civil_protest"
"Mali",2009-01-01,2,0.0411822618609879,0.0201955648825801,"mass_civil_protest"
"Mali",2009-04-01,0,0,0,"mass_civil_protest"
"Mali",2009-07-01,2,0.040466038335497,0.0189807273142365,"mass_civil_protest"
"Mali",2009-10-01,0,0,0,"mass_civil_protest"
"Mali",2010-01-01,16,0.295333831067312,0.139577814887643,"mass_civil_protest"
"Mali",2010-04-01,3,0.0535809273053556,0.0267336811891841,"mass_civil_protest"
"Mali",2010-07-01,4,0.06978186841399,0.0355247341432243,"mass_civil_protest"
"Mali",2010-10-01,2,0.0341935165863297,0.0167645345775077,"mass_civil_protest"
"Mali",2011-01-01,9,0.152301165812967,0.060405509355485,"mass_civil_protest"
"Mali",2011-04-01,8,0.135523735832371,0.0372755617634786,"mass_civil_protest"
"Mali",2011-07-01,5,0.0846169187851364,0.0150686804405086,"mass_civil_protest"
"Mali",2011-10-01,6,0.0996568172451648,0.0118235882628319,"mass_civil_protest"
"Mali",2012-01-01,76,1.22825658324363,0.105080771431685,"mass_civil_protest"
"Mali",2012-04-01,106,1.69150222031854,0.114144917274433,"mass_civil_protest"
"Mali",2012-07-01,50,0.79420887630227,0.04598722088456,"mass_civil_protest"
"Mali",2012-10-01,24,0.381272915822946,0.0200625624206491,"mass_civil_protest"
"Mali",2013-01-01,33,0.533903546718638,0.0270851977067546,"mass_civil_protest"
"Mali",2013-04-01,40,0.682930041009882,0.0370086868567591,"mass_civil_protest"
"Mali",2013-07-01,59,1.06207562185511,0.0665179371202314,"mass_civil_protest"
"Mali",2013-10-01,47,0.870023559095802,0.0678483612255959,"mass_civil_protest"
"Mali",2014-01-01,3,0.0554658346389707,0.00556848825846682,"mass_civil_protest"
"Mali",2014-04-01,13,0.234375056743403,0.0291432881280547,"mass_civil_protest"
"Mali",2014-07-01,12,0.210474391347376,0.0296118118063183,"mass_civil_protest"
"Mali",2014-10-01,21,0.356989703820275,0.0521352097310767,"mass_civil_protest"
"Mali",2015-01-01,46,0.768439531506302,0.110963655195022,"mass_civil_protest"
"Mali",2015-04-01,60,1.02113160303875,0.142001464056558,"mass_civil_protest"
"Mali",2015-07-01,16,0.281724162655809,0.038021095899697,"mass_civil_protest"
"Mali",2015-10-01,12,0.219103619346715,0.029066976652347,"mass_civil_protest"
"Mali",2016-01-01,12,0.225206606237407,0.0304540830996131,"mass_civil_protest"
"Mali",2016-04-01,16,0.306907079827403,0.0425343274308752,"mass_civil_protest"
"Mali",2016-07-01,45,0.880034042073821,0.122619823170451,"mass_civil_protest"
"Mali",2016-10-01,9,0.179117728134696,0.0247498639835915,"mass_civil_protest"
"Mali",2017-01-01,16,0.324325072247442,0.0448860704339244,"mass_civil_protest"
"Mali",2017-04-01,23,0.480933661021794,0.06548542096819,"mass_civil_protest"
"Mali",2017-07-01,32,0.689907948876669,0.0920427907175897,"mass_civil_protest"
"Mali",2017-10-01,7,0.154205546121671,0.0202728339295992,"mass_civil_protest"
"Mali",2018-01-01,10,0.223277646070035,0.0295472693951464,"mass_civil_protest"
"Mali",2018-04-01,30,0.675540446162244,0.0901630954400703,"mass_civil_protest"
"Mali",2018-07-01,33,0.747866504591605,0.100693511718951,"mass_civil_protest"
"Mali",2018-10-01,9,0.205117462549249,0.0282550811334945,"mass_civil_protest"
"Mali",2019-01-01,6,0.138455063349059,0.0194898793786126,"mass_civil_protest"
"Mali",2019-04-01,14,0.330172080468117,0.0458155197272952,"mass_civil_protest"
"Mali",2019-07-01,8,0.192354089512384,0.025080298806634,"mass_civil_protest"
"Mali",2019-10-01,11,0.267834612408235,0.031118609225506,"mass_civil_protest"
"Mali",2020-01-01,11,0.26774368295872,0.027531954305339,"mass_civil_protest"
"Mali",2020-04-01,26,0.622521076608623,0.0575723695739917,"mass_civil_protest"
"Mali",2020-07-01,230,5.32942845184921,0.459886420034789,"mass_civil_protest"
"Mali",2020-10-01,9,0.19937211046163,0.0173224487405225,"mass_civil_protest"
"Mali",2021-01-01,13,0.272944848849322,0.0242283646835791,"mass_civil_protest"
"Mali",2021-04-01,18,0.357998344058957,0.0319525523399038,"mass_civil_protest"
"Mali",2021-07-01,17,0.321217793542202,0.0286522068980749,"mass_civil_protest"
"Mali",2021-10-01,33,0.593879399402038,0.0527297528472248,"mass_civil_protest"
"Mali",2022-01-01,57,0.991978875125893,0.0888482915556782,"mass_civil_protest"
"Mali",2022-04-01,6,0.104274440360318,0.00981759201481814,"mass_civil_protest"
"Mali",2022-07-01,22,0.386854178464786,0.0396691622879657,"mass_civil_protest"
"Mali",2022-10-01,8,0.142139214331711,0.0162639479413219,"mass_civil_protest"
"Mali",2023-01-01,13,0.233580176353509,0.0295447955962316,"mass_civil_protest"
"Mali",2023-04-01,11,0.199400302813415,0.0274015073668408,"mass_civil_protest"
"Mali",2023-07-01,15,0.27492128356132,0.0404371287762285,"mass_civil_protest"
"Mali",2023-10-01,14,0.267514148966041,0.0408201058838817,"mass_civil_protest"
"Mali",2024-01-01,10,0.203319288062416,0.0313733063613839,"mass_civil_protest"
"Mali",2024-04-01,7,0.15613343442331,0.0233559074014242,"mass_civil_protest"
"Mali",2024-07-01,5,0.124648402998608,0.0175107513734332,"mass_civil_protest"
"Mali",2024-10-01,5,0.14226843367982,0.0186271657451488,"mass_civil_protest"
"Mali",1990-07-01,6,10.2961293167989,0.236489539737419,"political_violence"
"Mali",1990-10-01,17,26.7031519870878,0.497600684059461,"political_violence"
"Mali",1991-01-01,98,141.374154527358,2.40067755582465,"political_violence"
"Mali",1991-04-01,22,29.405384060424,0.512620315382407,"political_violence"
"Mali",1991-07-01,46,58.1045126451848,1.086477909893,"political_violence"
"Mali",1991-10-01,48,58.9882868873871,1.19743552169113,"political_violence"
"Mali",1992-01-01,23,28.3313650636011,0.622932306132548,"political_violence"
"Mali",1992-04-01,35,43.8707874552958,1.07349266774461,"political_violence"
"Mali",1992-07-01,13,16.4262967070891,0.476289429390132,"political_violence"
"Mali",1992-10-01,16,19.8496883580433,0.692738839449223,"political_violence"
"Mali",1993-01-01,2,2.3837172683807,0.0981124171483676,"political_violence"
"Mali",1993-04-01,27,30.4280942520232,1.35524890908398,"political_violence"
"Mali",1993-07-01,3,3.15050791401985,0.141940724374948,"political_violence"
"Mali",1993-10-01,5,4.88748404396213,0.209580046329651,"political_violence"
"Mali",1994-01-01,18,16.4124615800184,0.661588297767204,"political_violence"
"Mali",1994-04-01,39,33.4841652356155,1.3078609873677,"political_violence"
"Mali",1994-07-01,34,27.9909686267208,1.07229003636801,"political_violence"
"Mali",1994-10-01,38,30.8925218859898,1.14792984170086,"political_violence"
"Mali",1995-01-01,18,14.4835519791469,0.533081660908231,"political_violence"
"Mali",1995-04-01,2,1.58249341515965,0.0599759650444882,"political_violence"
"Mali",1995-07-01,4,3.08002553964916,0.121510356953966,"political_violence"
"Mali",1995-10-01,0,0,0,"political_violence"
"Mali",1996-01-01,2,1.39122909172331,0.0560186871546874,"political_violence"
"Mali",1996-04-01,0,0,0,"political_violence"
"Mali",1996-07-01,13,7.71522430617542,0.284179723635624,"political_violence"
"Mali",1996-10-01,8,4.36746328438129,0.156920230625279,"political_violence"
"Mali",1997-01-01,11,5.69042255341333,0.199507262116537,"political_violence"
"Mali",1997-04-01,26,12.9807745769081,0.448471595893023,"political_violence"
"Mali",1997-07-01,27,13.1158476248927,0.456468894562758,"political_violence"
"Mali",1997-10-01,1,0.460263793541156,0.01691610472112,"political_violence"
"Mali",1998-01-01,3,1.2665431332109,0.0499078623727522,"political_violence"
"Mali",1998-04-01,2,0.763028118540072,0.0320183937661973,"political_violence"
"Mali",1998-07-01,2,0.698283599322433,0.030631604606262,"political_violence"
"Mali",1998-10-01,1,0.325627250240395,0.0143957393632063,"political_violence"
"Mali",1999-01-01,17,5.21164215372429,0.225691232238899,"political_violence"
"Mali",1999-04-01,11,3.18344855848366,0.135527763598544,"political_violence"
"Mali",1999-07-01,9,2.45184245250072,0.103391985538443,"political_violence"
"Mali",1999-10-01,8,2.04305123050277,0.085270069709511,"political_violence"
"Mali",2000-01-01,15,3.60783139453535,0.147027306407621,"political_violence"
"Mali",2000-04-01,11,2.56419129002844,0.099176424319409,"political_violence"
"Mali",2000-07-01,17,3.94194914334481,0.140552433684733,"political_violence"
"Mali",2000-10-01,46,10.7882086257779,0.342004806159536,"political_violence"
"Mali",2001-01-01,32,7.60518353483814,0.209653018873298,"political_violence"
"Mali",2001-04-01,58,13.9079126811259,0.333011734550797,"political_violence"
"Mali",2001-07-01,15,3.58108719414915,0.075771817913469,"political_violence"
"Mali",2001-10-01,34,7.89850370040533,0.152426952522905,"political_violence"
"Mali",2002-01-01,6,1.33053569800911,0.0251259778361335,"political_violence"
"Mali",2002-04-01,25,5.2988898415395,0.111897851502688,"political_violence"
"Mali",2002-07-01,17,3.47050796522499,0.086743388242794,"political_violence"
"Mali",2002-10-01,104,20.7938041959207,0.601502563776272,"political_violence"
"Mali",2003-01-01,33,6.6634162662127,0.204718777654238,"political_violence"
"Mali",2003-04-01,16,3.33831082714178,0.0985839409344258,"political_violence"
"Mali",2003-07-01,186,40.5943847836978,1.09531702571087,"political_violence"
"Mali",2003-10-01,13,2.96946932157033,0.0771867160777447,"political_violence"
"Mali",2004-01-01,42,9.882975360095,0.259543174864858,"political_violence"
"Mali",2004-04-01,8,1.91024519623217,0.0542853347681298,"political_violence"
"Mali",2004-07-01,10,2.40289893552603,0.0753375086808998,"political_violence"
"Mali",2004-10-01,31,7.52527756904857,0.25972120335106,"political_violence"
"Mali",2005-01-01,3,0.741029434014762,0.0274976052595577,"political_violence"
"Mali",2005-04-01,25,6.2692098290319,0.245127373828596,"political_violence"
"Mali",2005-07-01,8,2.00756394634421,0.0802908962522583,"political_violence"
"Mali",2005-10-01,15,3.68361951843244,0.1471047873523,"political_violence"
"Mali",2006-01-01,4,0.94417233848579,0.0372323932967599,"political_violence"
"Mali",2006-04-01,58,13.2515301205402,0.500039979109491,"political_violence"
"Mali",2006-07-01,8,1.80464401930908,0.0635655122417861,"political_violence"
"Mali",2006-10-01,7,1.58095031285557,0.0513424576852748,"political_violence"
"Mali",2007-01-01,11,2.5211042687539,0.0760849270981198,"political_violence"
"Mali",2007-04-01,15,3.52327235526004,0.100430044065377,"political_violence"
"Mali",2007-07-01,52,12.5758376429962,0.34987443736261,"political_violence"
"Mali",2007-10-01,13,3.23428416178733,0.0902910822794189,"political_violence"
"Mali",2008-01-01,24,6.1660329831783,0.177699242620406,"political_violence"
"Mali",2008-04-01,26,6.97067224243452,0.21450484354806,"political_violence"
"Mali",2008-07-01,17,4.75666553628151,0.155729045567139,"political_violence"
"Mali",2008-10-01,18,5.22369206848825,0.17779799193125,"political_violence"
"Mali",2009-01-01,25,7.45047238890146,0.252444561032251,"political_violence"
"Mali",2009-04-01,59,17.6728646819245,0.585792427731348,"political_violence"
"Mali",2009-07-01,38,11.1277635874713,0.360633818970494,"political_violence"
"Mali",2009-10-01,42,11.7734068665948,0.376726207801232,"political_violence"
"Mali",2010-01-01,100,26.7151008036292,0.872361343047767,"political_violence"
"Mali",2010-04-01,24,6.20388606427203,0.213869449513473,"political_violence"
"Mali",2010-07-01,253,63.880267218783,2.24693943455894,"political_violence"
"Mali",2010-10-01,36,8.90799313002295,0.301761622395138,"political_violence"
"Mali",2011-01-01,137,33.5540452783326,0.919506086855716,"political_violence"
"Mali",2011-04-01,103,25.2537689873914,0.479922857704787,"political_violence"
"Mali",2011-07-01,39,9.55246401867085,0.117535707435967,"political_violence"
"Mali",2011-10-01,159,38.2222710264255,0.313325088965045,"political_violence"
"Mali",2012-01-01,863,201.859830753266,1.19321981244137,"political_violence"
"Mali",2012-04-01,1324,305.786489268252,1.4257346270882,"political_violence"
"Mali",2012-07-01,862,198.168945695631,0.792819688049815,"political_violence"
"Mali",2012-10-01,847,194.747425506022,0.708041265428741,"political_violence"
"Mali",2013-01-01,1732,405.564893427691,1.42156249782118,"political_violence"
"Mali",2013-04-01,629,155.428434225845,0.581961600822536,"political_violence"
"Mali",2013-07-01,767,199.830784602313,0.864733182563009,"political_violence"
"Mali",2013-10-01,565,151.37187958062,0.815623916860887,"political_violence"
"Mali",2014-01-01,215,57.5315875839878,0.399074991856789,"political_violence"
"Mali",2014-04-01,409,106.722243590677,0.91689268033649,"political_violence"
"Mali",2014-07-01,269,68.2863495833548,0.663798114658302,"political_violence"
"Mali",2014-10-01,332,81.6842038140601,0.824232839557974,"political_violence"
"Mali",2015-01-01,417,100.821121168287,1.00590965687661,"political_violence"
"Mali",2015-04-01,591,145.573240186998,1.3987144209571,"political_violence"
"Mali",2015-07-01,343,87.4101438463799,0.815077243349755,"political_violence"
"Mali",2015-10-01,606,160.141735437359,1.46788232094353,"political_violence"
"Mali",2016-01-01,378,102.672770384229,0.959303617637813,"political_violence"
"Mali",2016-04-01,233,64.6854265241562,0.61940614321212,"political_violence"
"Mali",2016-07-01,265,75.0060738407813,0.722094514225992,"political_violence"
"Mali",2016-10-01,284,81.8046523952774,0.780995707926664,"political_violence"
"Mali",2017-01-01,150,44.0063552840649,0.420806910318041,"political_violence"
"Mali",2017-04-01,349,105.620049472548,0.993670083386883,"political_violence"
"Mali",2017-07-01,262,81.7534450287768,0.753600349000266,"political_violence"
"Mali",2017-10-01,214,68.2306216036834,0.619769494419175,"political_violence"
"Mali",2018-01-01,236,76.2642227824556,0.697315557725454,"political_violence"
"Mali",2018-04-01,325,105.919778379659,0.976766867267428,"political_violence"
"Mali",2018-07-01,489,160.391962960246,1.49209476456263,"political_violence"
"Mali",2018-10-01,161,53.1067351093993,0.505452006943623,"political_violence"
"Mali",2019-01-01,343,114.555333268892,1.11417143781069,"political_violence"
"Mali",2019-04-01,333,113.663269669703,1.08975486208495,"political_violence"
"Mali",2019-07-01,122,42.4555888145018,0.382474556801169,"political_violence"
"Mali",2019-10-01,359,126.512099967685,1.01559824654151,"political_violence"
"Mali",2020-01-01,353,124.355458781809,0.883525442707698,"political_violence"
"Mali",2020-04-01,327,113.316216463751,0.72408326348828,"political_violence"
"Mali",2020-07-01,991,332.345693342578,1.98151061849772,"political_violence"
"Mali",2020-10-01,297,95.2230190777575,0.571640808437242,"political_violence"
"Mali",2021-01-01,282,85.6927853465538,0.52556914159764,"political_violence"
"Mali",2021-04-01,494,142.199825160263,0.876920047550693,"political_violence"
"Mali",2021-07-01,363,99.270657657176,0.611808888470657,"political_violence"
"Mali",2021-10-01,453,117.990250614598,0.72383569817554,"political_violence"
"Mali",2022-01-01,592,149.112096196408,0.92277523861336,"political_violence"
"Mali",2022-04-01,458,115.200853337931,0.749409523797785,"political_violence"
"Mali",2022-07-01,369,93.910591986299,0.665360040193607,"political_violence"
"Mali",2022-10-01,193,49.6300637879776,0.39236774408439,"political_violence"
"Mali",2023-01-01,278,72.2937955238599,0.631804090442491,"political_violence"
"Mali",2023-04-01,369,96.8106409178135,0.919196019851297,"political_violence"
"Mali",2023-07-01,376,99.7398129829262,1.01362402799079,"political_violence"
"Mali",2023-10-01,253,69.9685450805646,0.73767762775872,"political_violence"
"Mali",2024-01-01,146,42.9630432743509,0.458050272876205,"political_violence"
"Mali",2024-04-01,154,49.7143991047432,0.513829962831332,"political_violence"
"Mali",2024-07-01,219,79.0177083021842,0.766970910156374,"political_violence"
"Mali",2024-10-01,148,60.9486179257327,0.551364106056404,"political_violence"
"Mauritania",1991-04-01,5,0.0924732678114345,0.182821987560825,"instability_of_regime"
"Mauritania",1991-07-01,6,0.104868560585664,0.234435717003854,"instability_of_regime"
"Mauritania",1991-10-01,1,0.0170046059248106,0.0433749441663959,"instability_of_regime"
"Mauritania",1992-01-01,2,0.0340887977931498,0.0975048910070581,"instability_of_regime"
"Mauritania",1992-04-01,4,0.0693760233222573,0.226790145683874,"instability_of_regime"
"Mauritania",1992-07-01,0,0,0,"instability_of_regime"
"Mauritania",1992-10-01,0,0,0,"instability_of_regime"
"Mauritania",1993-01-01,0,0,0,"instability_of_regime"
"Mauritania",1993-04-01,1,0.0155938378534613,0.0953882223139082,"instability_of_regime"
"Mauritania",1993-07-01,0,0,0,"instability_of_regime"
"Mauritania",1993-10-01,0,0,0,"instability_of_regime"
"Mauritania",1994-01-01,0,0,0,"instability_of_regime"
"Mauritania",1994-04-01,0,0,0,"instability_of_regime"
"Mauritania",1994-07-01,0,0,0,"instability_of_regime"
"Mauritania",1994-10-01,0,0,0,"instability_of_regime"
"Mauritania",1995-01-01,0,0,0,"instability_of_regime"
"Mauritania",1995-04-01,0,0,0,"instability_of_regime"
"Mauritania",1995-07-01,1,0.0106545804200226,0.039717243598497,"instability_of_regime"
"Mauritania",1995-10-01,0,0,0,"instability_of_regime"
"Mauritania",1996-01-01,0,0,0,"instability_of_regime"
"Mauritania",1996-04-01,0,0,0,"instability_of_regime"
"Mauritania",1996-07-01,0,0,0,"instability_of_regime"
"Mauritania",1996-10-01,0,0,0,"instability_of_regime"
"Mauritania",1997-01-01,0,0,0,"instability_of_regime"
"Mauritania",1997-04-01,0,0,0,"instability_of_regime"
"Mauritania",1997-07-01,0,0,0,"instability_of_regime"
"Mauritania",1997-10-01,1,0.00636867134974151,0.0417759260014735,"instability_of_regime"
"Mauritania",1998-01-01,0,0,0,"instability_of_regime"
"Mauritania",1998-04-01,0,0,0,"instability_of_regime"
"Mauritania",1998-07-01,0,0,0,"instability_of_regime"
"Mauritania",1998-10-01,3,0.0135171154133961,0.0837973227868733,"instability_of_regime"
"Mauritania",1999-01-01,0,0,0,"instability_of_regime"
"Mauritania",1999-04-01,1,0.00400448966090926,0.0227048684917189,"instability_of_regime"
"Mauritania",1999-07-01,0,0,0,"instability_of_regime"
"Mauritania",1999-10-01,0,0,0,"instability_of_regime"
"Mauritania",2000-01-01,0,0,0,"instability_of_regime"
"Mauritania",2000-04-01,1,0.00322552016182207,0.0153906103168151,"instability_of_regime"
"Mauritania",2000-07-01,0,0,0,"instability_of_regime"
"Mauritania",2000-10-01,0,0,0,"instability_of_regime"
"Mauritania",2001-01-01,0,0,0,"instability_of_regime"
"Mauritania",2001-04-01,0,0,0,"instability_of_regime"
"Mauritania",2001-07-01,2,0.0066068684188935,0.0316973522528442,"instability_of_regime"
"Mauritania",2001-10-01,2,0.00642891864449401,0.032532500275678,"instability_of_regime"
"Mauritania",2002-01-01,1,0.0030684376722763,0.0164684994167985,"instability_of_regime"
"Mauritania",2002-04-01,0,0,0,"instability_of_regime"
"Mauritania",2002-07-01,0,0,0,"instability_of_regime"
"Mauritania",2002-10-01,0,0,0,"instability_of_regime"
"Mauritania",2003-01-01,1,0.00279399117593964,0.0101604378756573,"instability_of_regime"
"Mauritania",2003-04-01,4,0.0115480539745348,0.0342207487881498,"instability_of_regime"
"Mauritania",2003-07-01,3,0.00905975179816869,0.0228992162507152,"instability_of_regime"
"Mauritania",2003-10-01,4,0.012642632305551,0.0279973131461371,"instability_of_regime"
"Mauritania",2004-01-01,0,0,0,"instability_of_regime"
"Mauritania",2004-04-01,1,0.00330400849006205,0.00667648951363533,"instability_of_regime"
"Mauritania",2004-07-01,2,0.00664978380735506,0.012855179863817,"instability_of_regime"
"Mauritania",2004-10-01,1,0.00335894470879063,0.00618288307465899,"instability_of_regime"
"Mauritania",2005-01-01,0,0,0,"instability_of_regime"
"Mauritania",2005-04-01,11,0.0381687122405499,0.0636860560375661,"instability_of_regime"
"Mauritania",2005-07-01,32,0.111114670910677,0.185012251399146,"instability_of_regime"
"Mauritania",2005-10-01,5,0.016990084396237,0.0304910594268611,"instability_of_regime"
"Mauritania",2006-01-01,3,0.00979838639120851,0.0191712877379619,"instability_of_regime"
"Mauritania",2006-04-01,28,0.0885193245208912,0.185103612182976,"instability_of_regime"
"Mauritania",2006-07-01,4,0.012485432075626,0.0267589810841784,"instability_of_regime"
"Mauritania",2006-10-01,13,0.0406261397900853,0.0854941518382643,"instability_of_regime"
"Mauritania",2007-01-01,12,0.0380558471462457,0.0767912198168229,"instability_of_regime"
"Mauritania",2007-04-01,3,0.00975030581208402,0.0191587890997132,"instability_of_regime"
"Mauritania",2007-07-01,5,0.0167319133948222,0.0317346230448252,"instability_of_regime"
"Mauritania",2007-10-01,0,0,0,"instability_of_regime"
"Mauritania",2008-01-01,0,0,0,"instability_of_regime"
"Mauritania",2008-04-01,2,0.00741947773659823,0.0106177346034046,"instability_of_regime"
"Mauritania",2008-07-01,27,0.104534460781076,0.134853580547535,"instability_of_regime"
"Mauritania",2008-10-01,31,0.124482637635959,0.155422939204028,"instability_of_regime"
"Mauritania",2009-01-01,7,0.0288658178181863,0.0360246572811638,"instability_of_regime"
"Mauritania",2009-04-01,18,0.0746052639129966,0.0956582726937142,"instability_of_regime"
"Mauritania",2009-07-01,9,0.0364677382191946,0.0501432184460974,"instability_of_regime"
"Mauritania",2009-10-01,5,0.0193938883921242,0.0295164079713358,"instability_of_regime"
"Mauritania",2010-01-01,1,0.00369656921706826,0.006273791584356,"instability_of_regime"
"Mauritania",2010-04-01,1,0.00357679950688403,0.00658661137126892,"instability_of_regime"
"Mauritania",2010-07-01,1,0.00349372106482269,0.00683540590805799,"instability_of_regime"
"Mauritania",2010-10-01,2,0.00684777360613485,0.0148210832432608,"instability_of_regime"
"Mauritania",2011-01-01,1,0.00338895923216091,0.0080933218309404,"instability_of_regime"
"Mauritania",2011-04-01,2,0.00678517416375304,0.0178018050126438,"instability_of_regime"
"Mauritania",2011-07-01,2,0.0067783318118379,0.0192013529017159,"instability_of_regime"
"Mauritania",2011-10-01,2,0.00665259958545937,0.0199391293143261,"instability_of_regime"
"Mauritania",2012-01-01,5,0.0161827058013476,0.0498091285544503,"instability_of_regime"
"Mauritania",2012-04-01,1,0.00319574658220404,0.00994433653963653,"instability_of_regime"
"Mauritania",2012-07-01,2,0.0063620979926645,0.0198288277577086,"instability_of_regime"
"Mauritania",2012-10-01,9,0.028633395344641,0.0918685503563952,"instability_of_regime"
"Mauritania",2013-01-01,0,0,0,"instability_of_regime"
"Mauritania",2013-04-01,0,0,0,"instability_of_regime"
"Mauritania",2013-07-01,2,0.0072100628533558,0.0287650361336273,"instability_of_regime"
"Mauritania",2013-10-01,0,0,0,"instability_of_regime"
"Mauritania",2014-01-01,1,0.00370262666144174,0.0179163702513338,"instability_of_regime"
"Mauritania",2014-04-01,1,0.00361055249814292,0.0196175211220482,"instability_of_regime"
"Mauritania",2014-07-01,0,0,0,"instability_of_regime"
"Mauritania",2014-10-01,0,0,0,"instability_of_regime"
"Mauritania",2015-01-01,1,0.00334547272158913,0.022306490495613,"instability_of_regime"
"Mauritania",2015-04-01,4,0.0136331459640402,0.0854647179179013,"instability_of_regime"
"Mauritania",2015-07-01,0,0,0,"instability_of_regime"
"Mauritania",2015-10-01,0,0,0,"instability_of_regime"
"Mauritania",2016-01-01,0,0,0,"instability_of_regime"
"Mauritania",2016-04-01,2,0.00768285339807016,0.0373431324563447,"instability_of_regime"
"Mauritania",2016-07-01,1,0.00391644998327129,0.0186037162910009,"instability_of_regime"
"Mauritania",2016-10-01,0,0,0,"instability_of_regime"
"Mauritania",2017-01-01,0,0,0,"instability_of_regime"
"Mauritania",2017-04-01,1,0.00418757853513478,0.0205439925884336,"instability_of_regime"
"Mauritania",2017-07-01,10,0.0431764365973863,0.207305386553779,"instability_of_regime"
"Mauritania",2017-10-01,3,0.0132351489915458,0.0621188121652636,"instability_of_regime"
"Mauritania",2018-01-01,1,0.00447147566041678,0.0204359848327079,"instability_of_regime"
"Mauritania",2018-04-01,2,0.00901915235973087,0.0398307657748315,"instability_of_regime"
"Mauritania",2018-07-01,2,0.0090770716690213,0.0380250759650904,"instability_of_regime"
"Mauritania",2018-10-01,1,0.00456421140753023,0.0185424845411301,"instability_of_regime"
"Mauritania",2019-01-01,0,0,0,"instability_of_regime"
"Mauritania",2019-04-01,1,0.00472299990472486,0.0176409368757532,"instability_of_regime"
"Mauritania",2019-07-01,1,0.00481523030056526,0.0176674313884864,"instability_of_regime"
"Mauritania",2019-10-01,0,0,0,"instability_of_regime"
"Mauritania",2020-01-01,2,0.00974904712628293,0.0374693897737865,"instability_of_regime"
"Mauritania",2020-04-01,0,0,0,"instability_of_regime"
"Mauritania",2020-07-01,4,0.0185617285694535,0.082994290368011,"instability_of_regime"
"Mauritania",2020-10-01,1,0.0044363675798391,0.0221264828193884,"instability_of_regime"
"Mauritania",2021-01-01,0,0,0,"instability_of_regime"
"Mauritania",2021-04-01,1,0.00398303514855178,0.0246325558438174,"instability_of_regime"
"Mauritania",2021-07-01,0,0,0,"instability_of_regime"
"Mauritania",2021-10-01,0,0,0,"instability_of_regime"
"Mauritania",2022-01-01,0,0,0,"instability_of_regime"
"Mauritania",2022-04-01,0,0,0,"instability_of_regime"
"Mauritania",2022-07-01,0,0,0,"instability_of_regime"
"Mauritania",2022-10-01,0,0,0,"instability_of_regime"
"Mauritania",2023-01-01,1,0.00359830734963039,0.0225943551003207,"instability_of_regime"
"Mauritania",2023-04-01,0,0,0,"instability_of_regime"
"Mauritania",2023-07-01,0,0,0,"instability_of_regime"
"Mauritania",2023-10-01,0,0,0,"instability_of_regime"
"Mauritania",2024-01-01,1,0.00407177907805062,0.0182886383306143,"instability_of_regime"
"Mauritania",2024-04-01,1,0.004466871910309,0.0176758465323066,"instability_of_regime"
"Mauritania",2024-07-01,1,0.00499254905207366,0.0180651501531621,"instability_of_regime"
"Mauritania",1990-07-01,1,0.11603430960643,0.0345644046379773,"instability_within_regime"
"Mauritania",1990-10-01,0,0,0,"instability_within_regime"
"Mauritania",1991-01-01,3,0.29263676294212,0.104588567046583,"instability_within_regime"
"Mauritania",1991-04-01,5,0.451895341158084,0.182821987560825,"instability_within_regime"
"Mauritania",1991-07-01,13,1.11034788051802,0.50794405350835,"instability_within_regime"
"Mauritania",1991-10-01,3,0.249292656489237,0.130124832499188,"instability_within_regime"
"Mauritania",1992-01-01,21,1.74913223428063,1.02380135557411,"instability_within_regime"
"Mauritania",1992-04-01,8,0.678048964189975,0.453580291367748,"instability_within_regime"
"Mauritania",1992-07-01,1,0.0854397551882845,0.0687113178437149,"instability_within_regime"
"Mauritania",1992-10-01,0,0,0,"instability_within_regime"
"Mauritania",1993-01-01,0,0,0,"instability_within_regime"
"Mauritania",1993-04-01,3,0.228610370657272,0.286164666941725,"instability_within_regime"
"Mauritania",1993-07-01,1,0.0710105709562988,0.0864159072006082,"instability_within_regime"
"Mauritania",1993-10-01,0,0,0,"instability_within_regime"
"Mauritania",1994-01-01,10,0.616545172715962,0.586597369982541,"instability_within_regime"
"Mauritania",1994-04-01,2,0.116109712429598,0.10028888126659,"instability_within_regime"
"Mauritania",1994-07-01,0,0,0,"instability_within_regime"
"Mauritania",1994-10-01,1,0.0549709763750044,0.0415572913519123,"instability_within_regime"
"Mauritania",1995-01-01,2,0.108816876895486,0.0791187621830198,"instability_within_regime"
"Mauritania",1995-04-01,0,0,0,"instability_within_regime"
"Mauritania",1995-07-01,2,0.104132910358922,0.0794344871969941,"instability_within_regime"
"Mauritania",1995-10-01,0,0,0,"instability_within_regime"
"Mauritania",1996-01-01,0,0,0,"instability_within_regime"
"Mauritania",1996-04-01,1,0.0436833970627772,0.0398687398605969,"instability_within_regime"
"Mauritania",1996-07-01,3,0.120389924953293,0.115356958977834,"instability_within_regime"
"Mauritania",1996-10-01,13,0.479895096553498,0.495727269369203,"instability_within_regime"
"Mauritania",1997-01-01,3,0.104938963660166,0.120219919522716,"instability_within_regime"
"Mauritania",1997-04-01,4,0.135036426259936,0.169543946195551,"instability_within_regime"
"Mauritania",1997-07-01,2,0.0656940865718017,0.0864306581772605,"instability_within_regime"
"Mauritania",1997-10-01,15,0.466833223334942,0.626638890022102,"instability_within_regime"
"Mauritania",1998-01-01,4,0.114188509896908,0.157406856625455,"instability_within_regime"
"Mauritania",1998-04-01,0,0,0,"instability_within_regime"
"Mauritania",1998-07-01,1,0.0236083443196485,0.032065589381864,"instability_within_regime"
"Mauritania",1998-10-01,5,0.110091662628122,0.139662204644789,"instability_within_regime"
"Mauritania",1999-01-01,7,0.145106675161974,0.174367355356095,"instability_within_regime"
"Mauritania",1999-04-01,1,0.0195690091234869,0.0227048684917189,"instability_within_regime"
"Mauritania",1999-07-01,0,0,0,"instability_within_regime"
"Mauritania",1999-10-01,0,0,0,"instability_within_regime"
"Mauritania",2000-01-01,4,0.0650546957460271,0.0648321905262924,"instability_within_regime"
"Mauritania",2000-04-01,9,0.141861298036963,0.138515492851336,"instability_within_regime"
"Mauritania",2000-07-01,3,0.0470378036307697,0.0458176001331514,"instability_within_regime"
"Mauritania",2000-10-01,8,0.126865979270215,0.121361735762337,"instability_within_regime"
"Mauritania",2001-01-01,1,0.0160702785801141,0.0152054974111255,"instability_within_regime"
"Mauritania",2001-04-01,5,0.0810713958464151,0.0769319742013822,"instability_within_regime"
"Mauritania",2001-07-01,6,0.0968586856116251,0.0950920567585327,"instability_within_regime"
"Mauritania",2001-10-01,32,0.502666070381382,0.520520004410848,"instability_within_regime"
"Mauritania",2002-01-01,8,0.119957927003346,0.131747995334388,"instability_within_regime"
"Mauritania",2002-04-01,2,0.0286641166454063,0.0320652221134737,"instability_within_regime"
"Mauritania",2002-07-01,2,0.0276081816771417,0.0290703783952352,"instability_within_regime"
"Mauritania",2002-10-01,2,0.0270392281902142,0.0245909727539103,"instability_within_regime"
"Mauritania",2003-01-01,5,0.0682679235591909,0.0508021893782867,"instability_within_regime"
"Mauritania",2003-04-01,47,0.663083667204384,0.40209379826076,"instability_within_regime"
"Mauritania",2003-07-01,11,0.16233396235073,0.083963792919289,"instability_within_regime"
"Mauritania",2003-10-01,112,1.72988485941781,0.783924768091838,"instability_within_regime"
"Mauritania",2004-01-01,12,0.190934035913303,0.0813774131866314,"instability_within_regime"
"Mauritania",2004-04-01,1,0.0161459206443354,0.00667648951363533,"instability_within_regime"
"Mauritania",2004-07-01,10,0.162479730270797,0.0642758993190851,"instability_within_regime"
"Mauritania",2004-10-01,3,0.0492431434846209,0.018548649223977,"instability_within_regime"
"Mauritania",2005-01-01,3,0.0501070855629151,0.0178816477498117,"instability_within_regime"
"Mauritania",2005-04-01,5,0.0847825521891244,0.0289482072898028,"instability_within_regime"
"Mauritania",2005-07-01,77,1.30657339367367,0.445185729929195,"instability_within_regime"
"Mauritania",2005-10-01,17,0.282290402029195,0.103669602051328,"instability_within_regime"
"Mauritania",2006-01-01,4,0.0638432455973168,0.0255617169839492,"instability_within_regime"
"Mauritania",2006-04-01,30,0.463471436126118,0.198325298767475,"instability_within_regime"
"Mauritania",2006-07-01,8,0.122026802358193,0.0535179621683568,"instability_within_regime"
"Mauritania",2006-10-01,35,0.534505169165745,0.230176562641481,"instability_within_regime"
"Mauritania",2007-01-01,57,0.883357829479225,0.364758294129909,"instability_within_regime"
"Mauritania",2007-04-01,11,0.174707410519446,0.0702488933656151,"instability_within_regime"
"Mauritania",2007-07-01,16,0.261647895119658,0.101550793743441,"instability_within_regime"
"Mauritania",2007-10-01,6,0.100936852141431,0.0366825353738828,"instability_within_regime"
"Mauritania",2008-01-01,3,0.0521170158852483,0.0171582084355565,"instability_within_regime"
"Mauritania",2008-04-01,9,0.163157675299664,0.0477798057153208,"instability_within_regime"
"Mauritania",2008-07-01,119,2.25146053930046,0.594354669820619,"instability_within_regime"
"Mauritania",2008-10-01,68,1.33437427210884,0.340927737608835,"instability_within_regime"
"Mauritania",2009-01-01,37,0.745605682718035,0.190416045629009,"instability_within_regime"
"Mauritania",2009-04-01,134,2.71408486541965,0.712122696719872,"instability_within_regime"
"Mauritania",2009-07-01,85,1.68308831114981,0.473574840879809,"instability_within_regime"
"Mauritania",2009-10-01,23,0.435957730123415,0.135775476668145,"instability_within_regime"
"Mauritania",2010-01-01,4,0.0722570942715177,0.025095166337424,"instability_within_regime"
"Mauritania",2010-04-01,2,0.0349579737295184,0.0131732227425378,"instability_within_regime"
"Mauritania",2010-07-01,25,0.426825046271376,0.17088514770145,"instability_within_regime"
"Mauritania",2010-10-01,3,0.0501952141925116,0.0222316248648912,"instability_within_regime"
"Mauritania",2011-01-01,45,0.745247481877644,0.364199482392318,"instability_within_regime"
"Mauritania",2011-04-01,13,0.215524186932495,0.115711732582185,"instability_within_regime"
"Mauritania",2011-07-01,8,0.132496520955191,0.0768054116068636,"instability_within_regime"
"Mauritania",2011-10-01,9,0.146293677479342,0.0897260819144673,"instability_within_regime"
"Mauritania",2012-01-01,2,0.0316324470067301,0.0199236514217801,"instability_within_regime"
"Mauritania",2012-04-01,9,0.14055182903974,0.0894990288567288,"instability_within_regime"
"Mauritania",2012-07-01,3,0.0466351386338829,0.0297432416365629,"instability_within_regime"
"Mauritania",2012-10-01,26,0.404227026739004,0.265398034362919,"instability_within_regime"
"Mauritania",2013-01-01,3,0.0475004152145418,0.0332763133170343,"instability_within_regime"
"Mauritania",2013-04-01,3,0.0501261980475804,0.0378228429337662,"instability_within_regime"
"Mauritania",2013-07-01,9,0.158552547184723,0.129442662601323,"instability_within_regime"
"Mauritania",2013-10-01,31,0.561593579489765,0.500551987946336,"instability_within_regime"
"Mauritania",2014-01-01,11,0.199032623778541,0.197080072764672,"instability_within_regime"
"Mauritania",2014-04-01,49,0.864552564055383,0.961258534980364,"instability_within_regime"
"Mauritania",2014-07-01,3,0.0514951771098024,0.0646185839912334,"instability_within_regime"
"Mauritania",2014-10-01,1,0.016636565759327,0.0225802723747622,"instability_within_regime"
"Mauritania",2015-01-01,4,0.0653941867801344,0.0892259619824519,"instability_within_regime"
"Mauritania",2015-04-01,4,0.0666220118774273,0.0854647179179013,"instability_within_regime"
"Mauritania",2015-07-01,6,0.103390979485917,0.123030846552503,"instability_within_regime"
"Mauritania",2015-10-01,1,0.0178688083483376,0.0196816839457477,"instability_within_regime"
"Mauritania",2016-01-01,2,0.0367330644526487,0.0380011201418745,"instability_within_regime"
"Mauritania",2016-04-01,7,0.131405108616234,0.130700963597206,"instability_within_regime"
"Mauritania",2016-07-01,4,0.0765551188232199,0.0744148651640037,"instability_within_regime"
"Mauritania",2016-10-01,7,0.136339402988723,0.133786191904774,"instability_within_regime"
"Mauritania",2017-01-01,14,0.277725566771612,0.278900339136843,"instability_within_regime"
"Mauritania",2017-04-01,3,0.0613911655405025,0.0616319777653007,"instability_within_regime"
"Mauritania",2017-07-01,30,0.632979595334047,0.621916159661337,"instability_within_regime"
"Mauritania",2017-10-01,4,0.0862361243829377,0.0828250828870181,"instability_within_regime"
"Mauritania",2018-01-01,3,0.0655531831046936,0.0613079544981237,"instability_within_regime"
"Mauritania",2018-04-01,2,0.0440744988148169,0.0398307657748315,"instability_within_regime"
"Mauritania",2018-07-01,23,0.510111675516434,0.437288373598539,"instability_within_regime"
"Mauritania",2018-10-01,2,0.0446084781026512,0.0370849690822603,"instability_within_regime"
"Mauritania",2019-01-01,3,0.067749505897289,0.0546484062041627,"instability_within_regime"
"Mauritania",2019-04-01,22,0.507764432710674,0.388100611266569,"instability_within_regime"
"Mauritania",2019-07-01,9,0.211778189722809,0.159006882496377,"instability_within_regime"
"Mauritania",2019-10-01,3,0.0714862565143525,0.0539820692099157,"instability_within_regime"
"Mauritania",2020-01-01,5,0.119103311729001,0.0936734744344663,"instability_within_regime"
"Mauritania",2020-04-01,4,0.0937277061501376,0.0788563910759071,"instability_within_regime"
"Mauritania",2020-07-01,14,0.317473968641229,0.290480016288038,"instability_within_regime"
"Mauritania",2020-10-01,4,0.0867179840592227,0.0885059312775534,"instability_within_regime"
"Mauritania",2021-01-01,1,0.0205474927270829,0.0233066015118401,"instability_within_regime"
"Mauritania",2021-04-01,2,0.0389283318281715,0.0492651116876348,"instability_within_regime"
"Mauritania",2021-07-01,0,0,0,"instability_within_regime"
"Mauritania",2021-10-01,1,0.0176121187883309,0.0259369931120174,"instability_within_regime"
"Mauritania",2022-01-01,3,0.0510947299241812,0.0772402757551142,"instability_within_regime"
"Mauritania",2022-04-01,1,0.0170080256636948,0.0256137031385368,"instability_within_regime"
"Mauritania",2022-07-01,0,0,0,"instability_within_regime"
"Mauritania",2022-10-01,1,0.0173880631496381,0.0239581638166253,"instability_within_regime"
"Mauritania",2023-01-01,1,0.0175840906873608,0.0225943551003207,"instability_within_regime"
"Mauritania",2023-04-01,8,0.141922221506185,0.173640973517578,"instability_within_regime"
"Mauritania",2023-07-01,2,0.0358735523693016,0.0414551893923109,"instability_within_regime"
"Mauritania",2023-10-01,2,0.0374003789173527,0.038959210180723,"instability_within_regime"
"Mauritania",2024-01-01,4,0.0795913473869261,0.0731545533224572,"instability_within_regime"
"Mauritania",2024-04-01,39,0.851313979597346,0.689358014759957,"instability_within_regime"
"Mauritania",2024-07-01,26,0.634333061584144,0.469693903982215,"instability_within_regime"
"Mauritania",2024-10-01,1,0.0278461931357156,0.0194566213723798,"instability_within_regime"
"Mauritania",1990-07-01,1,0.0327350270051538,0.0345644046379773,"mass_civil_protest"
"Mauritania",1990-10-01,0,0,0,"mass_civil_protest"
"Mauritania",1991-01-01,6,0.165114479848299,0.209177134093166,"mass_civil_protest"
"Mauritania",1991-04-01,1,0.0254972968710512,0.036564397512165,"mass_civil_protest"
"Mauritania",1991-07-01,5,0.120479179414714,0.195363097503211,"mass_civil_protest"
"Mauritania",1991-10-01,1,0.0234430714790052,0.0433749441663959,"mass_civil_protest"
"Mauritania",1992-01-01,10,0.234979312908444,0.487524455035291,"mass_civil_protest"
"Mauritania",1992-04-01,1,0.0239109786028595,0.0566975364209685,"mass_civil_protest"
"Mauritania",1992-07-01,2,0.0482076844838181,0.13742263568743,"mass_civil_protest"
"Mauritania",1992-10-01,3,0.0709978063122523,0.245529216056919,"mass_civil_protest"
"Mauritania",1993-01-01,0,0,0,"mass_civil_protest"
"Mauritania",1993-04-01,0,0,0,"mass_civil_protest"
"Mauritania",1993-07-01,0,0,0,"mass_civil_protest"
"Mauritania",1993-10-01,0,0,0,"mass_civil_protest"
"Mauritania",1994-01-01,0,0,0,"mass_civil_protest"
"Mauritania",1994-04-01,0,0,0,"mass_civil_protest"
"Mauritania",1994-07-01,1,0.0157046758121686,0.0449533251412448,"mass_civil_protest"
"Mauritania",1994-10-01,0,0,0,"mass_civil_protest"
"Mauritania",1995-01-01,1,0.0153494402469079,0.0395593810915099,"mass_civil_protest"
"Mauritania",1995-04-01,0,0,0,"mass_civil_protest"
"Mauritania",1995-07-01,0,0,0,"mass_civil_protest"
"Mauritania",1995-10-01,0,0,0,"mass_civil_protest"
"Mauritania",1996-01-01,1,0.013269624094643,0.0404312760089758,"mass_civil_protest"
"Mauritania",1996-04-01,0,0,0,"mass_civil_protest"
"Mauritania",1996-07-01,0,0,0,"mass_civil_protest"
"Mauritania",1996-10-01,0,0,0,"mass_civil_protest"
"Mauritania",1997-01-01,0,0,0,"mass_civil_protest"
"Mauritania",1997-04-01,0,0,0,"mass_civil_protest"
"Mauritania",1997-07-01,0,0,0,"mass_civil_protest"
"Mauritania",1997-10-01,2,0.0175600914644479,0.0835518520029469,"mass_civil_protest"
"Mauritania",1998-01-01,0,0,0,"mass_civil_protest"
"Mauritania",1998-04-01,0,0,0,"mass_civil_protest"
"Mauritania",1998-07-01,0,0,0,"mass_civil_protest"
"Mauritania",1998-10-01,0,0,0,"mass_civil_protest"
"Mauritania",1999-01-01,1,0.00584811133653583,0.0249096221937279,"mass_civil_protest"
"Mauritania",1999-04-01,0,0,0,"mass_civil_protest"
"Mauritania",1999-07-01,0,0,0,"mass_civil_protest"
"Mauritania",1999-10-01,0,0,0,"mass_civil_protest"
"Mauritania",2000-01-01,1,0.00458822745893308,0.0162080476315731,"mass_civil_protest"
"Mauritania",2000-04-01,7,0.0311276074443853,0.107734272217706,"mass_civil_protest"
"Mauritania",2000-07-01,0,0,0,"mass_civil_protest"
"Mauritania",2000-10-01,7,0.0313169536888741,0.106191518792045,"mass_civil_protest"
"Mauritania",2001-01-01,2,0.00906733543009294,0.030410994822251,"mass_civil_protest"
"Mauritania",2001-04-01,2,0.00914858490175684,0.0307727896805529,"mass_civil_protest"
"Mauritania",2001-07-01,0,0,0,"mass_civil_protest"
"Mauritania",2001-10-01,1,0.0044315522506665,0.016266250137839,"mass_civil_protest"
"Mauritania",2002-01-01,8,0.0338419385891636,0.131747995334388,"mass_civil_protest"
"Mauritania",2002-04-01,2,0.0080865791820444,0.0320652221134737,"mass_civil_protest"
"Mauritania",2002-07-01,0,0,0,"mass_civil_protest"
"Mauritania",2002-10-01,0,0,0,"mass_civil_protest"
"Mauritania",2003-01-01,8,0.030815055703794,0.0812835030052587,"mass_civil_protest"
"Mauritania",2003-04-01,12,0.04776150461213,0.102662246364449,"mass_civil_protest"
"Mauritania",2003-07-01,4,0.0166534024115297,0.0305322883342869,"mass_civil_protest"
"Mauritania",2003-10-01,35,0.152508307082085,0.244976490028699,"mass_civil_protest"
"Mauritania",2004-01-01,2,0.00897756138252665,0.0135629021977719,"mass_civil_protest"
"Mauritania",2004-04-01,0,0,0,"mass_civil_protest"
"Mauritania",2004-07-01,2,0.00916759599164265,0.012855179863817,"mass_civil_protest"
"Mauritania",2004-10-01,3,0.0138922327133698,0.018548649223977,"mass_civil_protest"
"Mauritania",2005-01-01,2,0.00942397586032998,0.0119210984998744,"mass_civil_protest"
"Mauritania",2005-04-01,6,0.0287021224486836,0.0347378487477634,"mass_civil_protest"
"Mauritania",2005-07-01,4,0.0191482618300824,0.0231265314248932,"mass_civil_protest"
"Mauritania",2005-10-01,1,0.00468461033083013,0.00609821188537222,"mass_civil_protest"
"Mauritania",2006-01-01,0,0,0,"mass_civil_protest"
"Mauritania",2006-04-01,1,0.00435840917201301,0.00661084329224916,"mass_civil_protest"
"Mauritania",2006-07-01,1,0.0043031999372609,0.0066897452710446,"mass_civil_protest"
"Mauritania",2006-10-01,0,0,0,"mass_civil_protest"
"Mauritania",2007-01-01,1,0.00437207987837896,0.00639926831806858,"mass_civil_protest"
"Mauritania",2007-04-01,0,0,0,"mass_civil_protest"
"Mauritania",2007-07-01,0,0,0,"mass_civil_protest"
"Mauritania",2007-10-01,3,0.0142379033919889,0.0183412676869414,"mass_civil_protest"
"Mauritania",2008-01-01,0,0,0,"mass_civil_protest"
"Mauritania",2008-04-01,4,0.020457439317918,0.0212354692068092,"mass_civil_protest"
"Mauritania",2008-07-01,27,0.144114415055892,0.134853580547535,"mass_civil_protest"
"Mauritania",2008-10-01,35,0.19375953002504,0.175477512004548,"mass_civil_protest"
"Mauritania",2009-01-01,1,0.00568504316169959,0.00514637961159483,"mass_civil_protest"
"Mauritania",2009-04-01,13,0.0742827987331676,0.0690865302787936,"mass_civil_protest"
"Mauritania",2009-07-01,0,0,0,"mass_civil_protest"
"Mauritania",2009-10-01,4,0.0213896076788964,0.0236131263770686,"mass_civil_protest"
"Mauritania",2010-01-01,15,0.076443056163138,0.09410687376534,"mass_civil_protest"
"Mauritania",2010-04-01,6,0.0295865132811846,0.0395196682276135,"mass_civil_protest"
"Mauritania",2010-07-01,4,0.0192662042301947,0.027341623632232,"mass_civil_protest"
"Mauritania",2010-10-01,8,0.0377622032125871,0.0592843329730431,"mass_civil_protest"
"Mauritania",2011-01-01,32,0.149507941780531,0.258986298590093,"mass_civil_protest"
"Mauritania",2011-04-01,21,0.0982196175570242,0.18691895263276,"mass_civil_protest"
"Mauritania",2011-07-01,7,0.0327068567519805,0.0672047351560057,"mass_civil_protest"
"Mauritania",2011-10-01,4,0.0183429558194671,0.0398782586286521,"mass_civil_protest"
"Mauritania",2012-01-01,12,0.053543939401197,0.119541908530681,"mass_civil_protest"
"Mauritania",2012-04-01,10,0.0440575429308166,0.0994433653963653,"mass_civil_protest"
"Mauritania",2012-07-01,4,0.0175419670009355,0.0396576555154171,"mass_civil_protest"
"Mauritania",2012-10-01,4,0.0175443899459849,0.0408304668250645,"mass_civil_protest"
"Mauritania",2013-01-01,3,0.0134005828110505,0.0332763133170343,"mass_civil_protest"
"Mauritania",2013-04-01,3,0.0141413557103829,0.0378228429337662,"mass_civil_protest"
"Mauritania",2013-07-01,1,0.00497000693772983,0.0143825180668136,"mass_civil_protest"
"Mauritania",2013-10-01,4,0.0204430980889696,0.0645873532833982,"mass_civil_protest"
"Mauritania",2014-01-01,0,0,0,"mass_civil_protest"
"Mauritania",2014-04-01,2,0.00995523691250825,0.0392350422440965,"mass_civil_protest"
"Mauritania",2014-07-01,0,0,0,"mass_civil_protest"
"Mauritania",2014-10-01,0,0,0,"mass_civil_protest"
"Mauritania",2015-01-01,16,0.0737947414859835,0.356903847929808,"mass_civil_protest"
"Mauritania",2015-04-01,4,0.0187950733308315,0.0854647179179013,"mass_civil_protest"
"Mauritania",2015-07-01,3,0.0145840765418457,0.0615154232762513,"mass_civil_protest"
"Mauritania",2015-10-01,1,0.00504106006074202,0.0196816839457477,"mass_civil_protest"
"Mauritania",2016-01-01,1,0.00518147546582582,0.0190005600709373,"mass_civil_protest"
"Mauritania",2016-04-01,7,0.0370713609945002,0.130700963597206,"mass_civil_protest"
"Mauritania",2016-07-01,7,0.0377953668055735,0.130226014037006,"mass_civil_protest"
"Mauritania",2016-10-01,5,0.0274738569864159,0.0955615656462671,"mass_civil_protest"
"Mauritania",2017-01-01,0,0,0,"mass_civil_protest"
"Mauritania",2017-04-01,1,0.00577312425569817,0.0205439925884336,"mass_civil_protest"
"Mauritania",2017-07-01,27,0.160715772735901,0.559724543695203,"mass_civil_protest"
"Mauritania",2017-10-01,5,0.0304106374880653,0.103531353608773,"mass_civil_protest"
"Mauritania",2018-01-01,1,0.00616451354340636,0.0204359848327079,"mass_civil_protest"
"Mauritania",2018-04-01,1,0.00621704008855368,0.0199153828874158,"mass_civil_protest"
"Mauritania",2018-07-01,2,0.012513929514029,0.0380250759650904,"mass_civil_protest"
"Mauritania",2018-10-01,0,0,0,"mass_civil_protest"
"Mauritania",2019-01-01,0,0,0,"mass_civil_protest"
"Mauritania",2019-04-01,0,0,0,"mass_civil_protest"
"Mauritania",2019-07-01,3,0.0199152727131395,0.0530022941654591,"mass_civil_protest"
"Mauritania",2019-10-01,0,0,0,"mass_civil_protest"
"Mauritania",2020-01-01,0,0,0,"mass_civil_protest"
"Mauritania",2020-04-01,0,0,0,"mass_civil_protest"
"Mauritania",2020-07-01,4,0.0255897685339885,0.082994290368011,"mass_civil_protest"
"Mauritania",2020-10-01,2,0.0122322249326067,0.0442529656387767,"mass_civil_protest"
"Mauritania",2021-01-01,0,0,0,"mass_civil_protest"
"Mauritania",2021-04-01,0,0,0,"mass_civil_protest"
"Mauritania",2021-07-01,0,0,0,"mass_civil_protest"
"Mauritania",2021-10-01,1,0.0049686440683751,0.0259369931120174,"mass_civil_protest"
"Mauritania",2022-01-01,0,0,0,"mass_civil_protest"
"Mauritania",2022-04-01,0,0,0,"mass_civil_protest"
"Mauritania",2022-07-01,0,0,0,"mass_civil_protest"
"Mauritania",2022-10-01,1,0.00490543459689943,0.0239581638166253,"mass_civil_protest"
"Mauritania",2023-01-01,0,0,0,"mass_civil_protest"
"Mauritania",2023-04-01,0,0,0,"mass_civil_protest"
"Mauritania",2023-07-01,0,0,0,"mass_civil_protest"
"Mauritania",2023-10-01,2,0.010551210396435,0.038959210180723,"mass_civil_protest"
"Mauritania",2024-01-01,1,0.0056134795710958,0.0182886383306143,"mass_civil_protest"
"Mauritania",2024-04-01,0,0,0,"mass_civil_protest"
"Mauritania",2024-07-01,5,0.0344144065460037,0.0903257507658107,"mass_civil_protest"
"Mauritania",1990-01-01,3,0.957697832141666,0.100832411667895,"political_violence"
"Mauritania",1990-04-01,4,1.15870547479027,0.137553781929442,"political_violence"
"Mauritania",1990-07-01,1,0.266047163463766,0.0345644046379773,"political_violence"
"Mauritania",1990-10-01,7,1.70469835097239,0.242844417485561,"political_violence"
"Mauritania",1991-01-01,22,4.92042391410185,0.766982825008276,"political_violence"
"Mauritania",1991-04-01,3,0.621672024965985,0.109693192536495,"political_violence"
"Mauritania",1991-07-01,35,6.85418733709196,1.36754168252248,"political_violence"
"Mauritania",1991-10-01,10,1.90528716193993,0.433749441663959,"political_violence"
"Mauritania",1992-01-01,24,4.58338987131652,1.1700586920847,"political_violence"
"Mauritania",1992-04-01,9,1.74898381135865,0.510277827788716,"political_violence"
"Mauritania",1992-07-01,5,0.979494969719803,0.343556589218574,"political_violence"
"Mauritania",1992-10-01,3,0.577019990805285,0.245529216056919,"political_violence"
"Mauritania",1993-01-01,1,0.184782416257409,0.0931548983383813,"political_violence"
"Mauritania",1993-04-01,1,0.174721714804478,0.0953882223139082,"political_violence"
"Mauritania",1993-07-01,0,0,0,"political_violence"
"Mauritania",1993-10-01,2,0.303096721424974,0.143273571994809,"political_violence"
"Mauritania",1994-01-01,7,0.989544096339319,0.410618158987779,"political_violence"
"Mauritania",1994-04-01,17,2.26287042041054,0.852455490766012,"political_violence"
"Mauritania",1994-07-01,5,0.638182527279978,0.224766625706224,"political_violence"
"Mauritania",1994-10-01,2,0.252078413479752,0.0831145827038246,"political_violence"
"Mauritania",1995-01-01,16,1.99599042960483,0.632950097464159,"political_violence"
"Mauritania",1995-04-01,0,0,0,"political_violence"
"Mauritania",1995-07-01,3,0.358138883898043,0.119151730795491,"political_violence"
"Mauritania",1995-10-01,0,0,0,"political_violence"
"Mauritania",1996-01-01,1,0.107846126109943,0.0404312760089758,"political_violence"
"Mauritania",1996-04-01,0,0,0,"political_violence"
"Mauritania",1996-07-01,2,0.184022571439304,0.0769046393185558,"political_violence"
"Mauritania",1996-10-01,8,0.677119245061916,0.305062934996433,"political_violence"
"Mauritania",1997-01-01,5,0.40101233438785,0.20036653253786,"political_violence"
"Mauritania",1997-04-01,7,0.541827688827916,0.296701905842214,"political_violence"
"Mauritania",1997-07-01,4,0.301250991160331,0.172861316354521,"political_violence"
"Mauritania",1997-10-01,14,0.999012087719245,0.584862964020628,"political_violence"
"Mauritania",1998-01-01,1,0.0654537637645045,0.0393517141563638,"political_violence"
"Mauritania",1998-04-01,3,0.177446605710869,0.108313612893752,"political_violence"
"Mauritania",1998-07-01,1,0.0541299643322938,0.032065589381864,"political_violence"
"Mauritania",1998-10-01,1,0.0504843346120079,0.0279324409289578,"political_violence"
"Mauritania",1999-01-01,1,0.0475293156917419,0.0249096221937279,"political_violence"
"Mauritania",1999-04-01,0,0,0,"political_violence"
"Mauritania",1999-07-01,0,0,0,"political_violence"
"Mauritania",1999-10-01,0,0,0,"political_violence"
"Mauritania",2000-01-01,26,0.969536619449609,0.4214092384209,"political_violence"
"Mauritania",2000-04-01,14,0.505966386689615,0.215468544435412,"political_violence"
"Mauritania",2000-07-01,0,0,0,"political_violence"
"Mauritania",2000-10-01,24,0.872647082730345,0.364085207287012,"political_violence"
"Mauritania",2001-01-01,4,0.147385787766171,0.0608219896445021,"political_violence"
"Mauritania",2001-04-01,9,0.334589544739489,0.138477553562488,"political_violence"
"Mauritania",2001-07-01,10,0.370134469296277,0.158486761264221,"political_violence"
"Mauritania",2001-10-01,20,0.720330492377886,0.32532500275678,"political_violence"
"Mauritania",2002-01-01,29,0.997032174526647,0.477586483087158,"political_violence"
"Mauritania",2002-04-01,8,0.262888001060068,0.128260888453895,"political_violence"
"Mauritania",2002-07-01,3,0.0949513783704475,0.0436055675928527,"political_violence"
"Mauritania",2002-10-01,9,0.278983819009666,0.110659377392596,"political_violence"
"Mauritania",2003-01-01,24,0.751328981095535,0.243850509015776,"political_violence"
"Mauritania",2003-04-01,171,5.53144748361318,1.4629370106934,"political_violence"
"Mauritania",2003-07-01,21,0.710572194816901,0.160294513755006,"political_violence"
"Mauritania",2003-10-01,124,4.39129962242869,0.867916707530249,"political_violence"
"Mauritania",2004-01-01,41,1.49574711441277,0.278039495054324,"political_violence"
"Mauritania",2004-04-01,3,0.111059644432058,0.020029468540906,"political_violence"
"Mauritania",2004-07-01,47,1.75093191036307,0.3020967267997,"political_violence"
"Mauritania",2004-10-01,45,1.69359373385671,0.278229738359655,"political_violence"
"Mauritania",2005-01-01,1,0.0382957076191973,0.00596054924993722,"political_violence"
"Mauritania",2005-04-01,89,3.46018005569241,0.51527808975849,"political_violence"
"Mauritania",2005-07-01,91,3.54043550763004,0.526128589916321,"political_violence"
"Mauritania",2005-10-01,13,0.494951623938006,0.0792767545098388,"political_violence"
"Mauritania",2006-01-01,10,0.365954571003572,0.0639042924598731,"political_violence"
"Mauritania",2006-04-01,24,0.850129664896967,0.15866023901398,"political_violence"
"Mauritania",2006-07-01,16,0.559573883691239,0.107035924336714,"political_violence"
"Mauritania",2006-10-01,14,0.490212195326016,0.0920706250565923,"political_violence"
"Mauritania",2007-01-01,35,1.24366113235162,0.2239743911324,"political_violence"
"Mauritania",2007-04-01,6,0.218495301460024,0.0383175781994264,"political_violence"
"Mauritania",2007-07-01,8,0.299957316758113,0.0507753968717203,"political_violence"
"Mauritania",2007-10-01,40,1.54287487854662,0.244550235825885,"political_violence"
"Mauritania",2008-01-01,28,1.11529184819528,0.160143278731861,"political_violence"
"Mauritania",2008-04-01,41,1.70420198338083,0.217663559369795,"political_violence"
"Mauritania",2008-07-01,147,6.37686060037752,0.73420282742547,"political_violence"
"Mauritania",2008-10-01,73,3.28445879305426,0.365995953609485,"political_violence"
"Mauritania",2009-01-01,29,1.33991637171806,0.14924500873625,"political_violence"
"Mauritania",2009-04-01,139,6.45513955073184,0.738694439134793,"political_violence"
"Mauritania",2009-07-01,94,4.26764260456975,0.523718059325906,"political_violence"
"Mauritania",2009-10-01,81,3.52025217837652,0.47816580913564,"political_violence"
"Mauritania",2010-01-01,96,3.97616085165333,0.602283992098176,"political_violence"
"Mauritania",2010-04-01,38,1.52290237147766,0.250291232108219,"political_violence"
"Mauritania",2010-07-01,332,12.9963135751818,2.26935476147525,"political_violence"
"Mauritania",2010-10-01,53,2.03324230346319,0.392758705946411,"political_violence"
"Mauritania",2011-01-01,149,5.65778555141343,1.20590495281012,"political_violence"
"Mauritania",2011-04-01,94,3.57316216733116,0.836684835594257,"political_violence"
"Mauritania",2011-07-01,65,2.46831200158936,0.624043969305767,"political_violence"
"Mauritania",2011-10-01,49,1.82621261365205,0.488508668200989,"political_violence"
"Mauritania",2012-01-01,84,3.04617107457557,0.836793359714765,"political_violence"
"Mauritania",2012-04-01,39,1.39646742505872,0.387829125045825,"political_violence"
"Mauritania",2012-07-01,70,2.4949524197791,0.6940089715198,"political_violence"
"Mauritania",2012-10-01,86,3.0656506362612,0.877855036738887,"political_violence"
"Mauritania",2013-01-01,60,2.17820931999231,0.665526266340686,"political_violence"
"Mauritania",2013-04-01,23,0.881137241715683,0.289975129158874,"political_violence"
"Mauritania",2013-07-01,38,1.53492274262866,0.546535686538918,"political_violence"
"Mauritania",2013-10-01,46,1.91069110675988,0.742754562759079,"political_violence"
"Mauritania",2014-01-01,15,0.622293195857762,0.268745553770008,"political_violence"
"Mauritania",2014-04-01,50,2.02272823981909,0.980876056102412,"political_violence"
"Mauritania",2014-07-01,11,0.432922539131041,0.236934807967856,"political_violence"
"Mauritania",2014-10-01,13,0.495883027061395,0.293543540871909,"political_violence"
"Mauritania",2015-01-01,32,1.19950300623224,0.713807695859615,"political_violence"
"Mauritania",2015-04-01,40,1.5275307229696,0.854647179179013,"political_violence"
"Mauritania",2015-07-01,22,0.869213154988222,0.451113104025843,"political_violence"
"Mauritania",2015-10-01,21,0.860373639703875,0.413315362860701,"political_violence"
"Mauritania",2016-01-01,60,2.52668222944742,1.14003360425624,"political_violence"
"Mauritania",2016-04-01,4,0.17216561220101,0.0746862649126894,"political_violence"
"Mauritania",2016-07-01,38,1.66751615678157,0.706941219058035,"political_violence"
"Mauritania",2016-10-01,19,0.848494749495043,0.363133949455815,"political_violence"
"Mauritania",2017-01-01,19,0.86419875707443,0.378507603114286,"political_violence"
"Mauritania",2017-04-01,12,0.563038484364976,0.246527911061203,"political_violence"
"Mauritania",2017-07-01,31,1.49969298438484,0.642646698316714,"political_violence"
"Mauritania",2017-10-01,22,1.08748714039013,0.4555379558786,"political_violence"
"Mauritania",2018-01-01,12,0.601209710478879,0.245231817992495,"political_violence"
"Mauritania",2018-04-01,13,0.656860201939581,0.258899977536405,"political_violence"
"Mauritania",2018-07-01,45,2.28834842981945,0.855564209214533,"political_violence"
"Mauritania",2018-10-01,10,0.511398702069246,0.185424845411301,"political_violence"
"Mauritania",2019-01-01,6,0.310676453045343,0.109296812408325,"political_violence"
"Mauritania",2019-04-01,16,0.846704345785401,0.28225499001205,"political_violence"
"Mauritania",2019-07-01,4,0.215809681541994,0.0706697255539455,"political_violence"
"Mauritania",2019-10-01,10,0.546353224800351,0.179940230699719,"political_violence"
"Mauritania",2020-01-01,19,1.03771870352874,0.355959202850972,"political_violence"
"Mauritania",2020-04-01,27,1.45058763649796,0.532280639762373,"political_violence"
"Mauritania",2020-07-01,9,0.467944993445485,0.186737153328025,"political_violence"
"Mauritania",2020-10-01,9,0.447366955141439,0.199138345374495,"political_violence"
"Mauritania",2021-01-01,5,0.235559731206856,0.116533007559201,"political_violence"
"Mauritania",2021-04-01,4,0.178512239981257,0.0985302233752696,"political_violence"
"Mauritania",2021-07-01,23,0.975164773912518,0.587618223875774,"political_violence"
"Mauritania",2021-10-01,2,0.0807632546290029,0.0518739862240347,"political_violence"
"Mauritania",2022-01-01,7,0.273353792433407,0.180227310095267,"political_violence"
"Mauritania",2022-04-01,25,0.974913583597128,0.64034257846342,"political_violence"
"Mauritania",2022-07-01,8,0.315656032700615,0.20038975189618,"political_violence"
"Mauritania",2022-10-01,5,0.199339527023553,0.119790819083126,"political_violence"
"Mauritania",2023-01-01,13,0.524125726686232,0.293726616304169,"political_violence"
"Mauritania",2023-04-01,8,0.325403793001105,0.173640973517578,"political_violence"
"Mauritania",2023-07-01,3,0.123378036422074,0.0621827840884663,"political_violence"
"Mauritania",2023-10-01,4,0.171505561711556,0.077918420361446,"political_violence"
"Mauritania",2024-01-01,2,0.0912447890644299,0.0365772766612286,"political_violence"
"Mauritania",2024-04-01,45,2.25221518456124,0.795413093953797,"political_violence"
"Mauritania",2024-07-01,36,2.01381100878163,0.650345405513837,"political_violence"
"Mauritania",2024-10-01,5,0.319233195860321,0.0972831068618989,"political_violence"
"Niger",1990-10-01,1,0.0479428176381087,0.0416460628279282,"instability_of_regime"
"Niger",1991-01-01,2,0.0880610559190927,0.0737475620566648,"instability_of_regime"
"Niger",1991-04-01,1,0.0407956749936819,0.0333474237427373,"instability_of_regime"
"Niger",1991-07-01,2,0.0771066748254172,0.0610263716753291,"instability_of_regime"
"Niger",1991-10-01,2,0.0750178287328167,0.056442200368135,"instability_of_regime"
"Niger",1992-01-01,3,0.112790070196053,0.0796725963536477,"instability_of_regime"
"Niger",1992-04-01,0,0,0,"instability_of_regime"
"Niger",1992-07-01,0,0,0,"instability_of_regime"
"Niger",1992-10-01,13,0.492251457098283,0.357516841991013,"instability_of_regime"
"Niger",1993-01-01,8,0.291021236746703,0.228671565808076,"instability_of_regime"
"Niger",1993-04-01,2,0.0687940586539236,0.0588650261630747,"instability_of_regime"
"Niger",1993-07-01,0,0,0,"instability_of_regime"
"Niger",1993-10-01,0,0,0,"instability_of_regime"
"Niger",1994-01-01,0,0,0,"instability_of_regime"
"Niger",1994-04-01,0,0,0,"instability_of_regime"
"Niger",1994-07-01,1,0.0251274812994698,0.0217004333066005,"instability_of_regime"
"Niger",1994-10-01,4,0.0992521002997257,0.0814139203799037,"instability_of_regime"
"Niger",1995-01-01,11,0.27015014834558,0.213581537578551,"instability_of_regime"
"Niger",1995-04-01,0,0,0,"instability_of_regime"
"Niger",1995-07-01,4,0.0940078814767574,0.0727730504655511,"instability_of_regime"
"Niger",1995-10-01,0,0,0,"instability_of_regime"
"Niger",1996-01-01,28,0.594479159440006,0.463898373605054,"instability_of_regime"
"Niger",1996-04-01,9,0.17746192051498,0.148011535846497,"instability_of_regime"
"Niger",1996-07-01,21,0.380394691260285,0.351536214768597,"instability_of_regime"
"Niger",1996-10-01,7,0.11663993360396,0.125671891140452,"instability_of_regime"
"Niger",1997-01-01,0,0,0,"instability_of_regime"
"Niger",1997-04-01,1,0.0152383241656432,0.0205154609386738,"instability_of_regime"
"Niger",1997-07-01,0,0,0,"instability_of_regime"
"Niger",1997-10-01,1,0.0140480731715583,0.0183042449413281,"instability_of_regime"
"Niger",1998-01-01,0,0,0,"instability_of_regime"
"Niger",1998-04-01,0,0,0,"instability_of_regime"
"Niger",1998-07-01,1,0.010656431415459,0.0119353296526916,"instability_of_regime"
"Niger",1998-10-01,1,0.00993872536189695,0.0105333092140993,"instability_of_regime"
"Niger",1999-01-01,0,0,0,"instability_of_regime"
"Niger",1999-04-01,14,0.123663955878143,0.118116810847629,"instability_of_regime"
"Niger",1999-07-01,9,0.0748346115015087,0.0715414602093912,"instability_of_regime"
"Niger",1999-10-01,2,0.0155893932903821,0.0151879556128831,"instability_of_regime"
"Niger",2000-01-01,4,0.0293646557371717,0.029608623858106,"instability_of_regime"
"Niger",2000-04-01,2,0.0142297634031476,0.0148375661605125,"instability_of_regime"
"Niger",2000-07-01,3,0.0212321169811111,0.0225361006879587,"instability_of_regime"
"Niger",2000-10-01,1,0.00715816084317122,0.00772549664636076,"instability_of_regime"
"Niger",2001-01-01,0,0,0,"instability_of_regime"
"Niger",2001-04-01,1,0.00731886792140547,0.00864005272276012,"instability_of_regime"
"Niger",2001-07-01,4,0.0291469808650876,0.037183591815064,"instability_of_regime"
"Niger",2001-10-01,1,0.0070904836010664,0.00990207913737774,"instability_of_regime"
"Niger",2002-01-01,2,0.0135367754356654,0.0203665023771263,"instability_of_regime"
"Niger",2002-04-01,1,0.00646926334563552,0.00990816061987643,"instability_of_regime"
"Niger",2002-07-01,4,0.0249237888574113,0.0375354143351527,"instability_of_regime"
"Niger",2002-10-01,2,0.012205077867157,0.0183447616349433,"instability_of_regime"
"Niger",2003-01-01,1,0.0061630111407588,0.00908709366852743,"instability_of_regime"
"Niger",2003-04-01,2,0.0127364012299013,0.0184532549833447,"instability_of_regime"
"Niger",2003-07-01,0,0,0,"instability_of_regime"
"Niger",2003-10-01,1,0.00697180832375246,0.00977332199678483,"instability_of_regime"
"Niger",2004-01-01,2,0.0143640982120426,0.0198254181406273,"instability_of_regime"
"Niger",2004-04-01,0,0,0,"instability_of_regime"
"Niger",2004-07-01,0,0,0,"instability_of_regime"
"Niger",2004-10-01,6,0.0444551446827834,0.0434784022469169,"instability_of_regime"
"Niger",2005-01-01,0,0,0,"instability_of_regime"
"Niger",2005-04-01,0,0,0,"instability_of_regime"
"Niger",2005-07-01,2,0.015318609464066,0.0111428155013667,"instability_of_regime"
"Niger",2005-10-01,0,0,0,"instability_of_regime"
"Niger",2006-01-01,1,0.00720445659844394,0.00616714794849543,"instability_of_regime"
"Niger",2006-04-01,1,0.00697345467522082,0.00649203027037944,"instability_of_regime"
"Niger",2006-07-01,1,0.00688511989961744,0.00670226860152826,"instability_of_regime"
"Niger",2006-10-01,0,0,0,"instability_of_regime"
"Niger",2007-01-01,0,0,0,"instability_of_regime"
"Niger",2007-04-01,7,0.0501837308390078,0.0513210546697907,"instability_of_regime"
"Niger",2007-07-01,1,0.00738148134085076,0.00776289577565432,"instability_of_regime"
"Niger",2007-10-01,1,0.00759354847572742,0.00855753227941869,"instability_of_regime"
"Niger",2008-01-01,2,0.0156831951121426,0.0186666026246792,"instability_of_regime"
"Niger",2008-04-01,1,0.00818297572716719,0.0094853303412968,"instability_of_regime"
"Niger",2008-07-01,0,0,0,"instability_of_regime"
"Niger",2008-10-01,0,0,0,"instability_of_regime"
"Niger",2009-01-01,0,0,0,"instability_of_regime"
"Niger",2009-04-01,45,0.411412423752928,0.235967825539117,"instability_of_regime"
"Niger",2009-07-01,72,0.643526948427348,0.33025480204131,"instability_of_regime"
"Niger",2009-10-01,13,0.111225959930261,0.0552989532872782,"instability_of_regime"
"Niger",2010-01-01,83,0.676775857230982,0.34187462075294,"instability_of_regime"
"Niger",2010-04-01,13,0.102566579374773,0.0545433120346422,"instability_of_regime"
"Niger",2010-07-01,9,0.0693583352287008,0.0389866401126071,"instability_of_regime"
"Niger",2010-10-01,40,0.302097625700697,0.183542456822468,"instability_of_regime"
"Niger",2011-01-01,12,0.0897047650683186,0.058522330268572,"instability_of_regime"
"Niger",2011-04-01,9,0.0673505948962452,0.0479341455133579,"instability_of_regime"
"Niger",2011-07-01,64,0.478454590200401,0.376005253121781,"instability_of_regime"
"Niger",2011-10-01,3,0.0220115469833605,0.0204100073498912,"instability_of_regime"
"Niger",2012-01-01,1,0.0071391919201596,0.00799718742496903,"instability_of_regime"
"Niger",2012-04-01,0,0,0,"instability_of_regime"
"Niger",2012-07-01,1,0.00701678680037419,0.00994712112779706,"instability_of_regime"
"Niger",2012-10-01,0,0,0,"instability_of_regime"
"Niger",2013-01-01,1,0.00714697749922695,0.00985584321728392,"instability_of_regime"
"Niger",2013-04-01,2,0.0150841127577418,0.019444395536125,"instability_of_regime"
"Niger",2013-07-01,4,0.0318080444014709,0.0399353389311385,"instability_of_regime"
"Niger",2013-10-01,0,0,0,"instability_of_regime"
"Niger",2014-01-01,1,0.00816728755661216,0.00973087664179379,"instability_of_regime"
"Niger",2014-04-01,2,0.0159283790600132,0.0176950170594039,"instability_of_regime"
"Niger",2014-07-01,0,0,0,"instability_of_regime"
"Niger",2014-10-01,0,0,0,"instability_of_regime"
"Niger",2015-01-01,5,0.0368973707429918,0.027114251139133,"instability_of_regime"
"Niger",2015-04-01,1,0.00751802933233259,0.00520383019137005,"instability_of_regime"
"Niger",2015-07-01,0,0,0,"instability_of_regime"
"Niger",2015-10-01,0,0,0,"instability_of_regime"
"Niger",2016-01-01,4,0.0331614429812853,0.0211019010338087,"instability_of_regime"
"Niger",2016-04-01,5,0.0423672697080002,0.0278702784563063,"instability_of_regime"
"Niger",2016-07-01,3,0.0259168229523933,0.0184534712334475,"instability_of_regime"
"Niger",2016-10-01,3,0.0263749027069592,0.0204896538005493,"instability_of_regime"
"Niger",2017-01-01,0,0,0,"instability_of_regime"
"Niger",2017-04-01,1,0.00923699880911706,0.00728458972945641,"instability_of_regime"
"Niger",2017-07-01,2,0.0190477952872179,0.0138957164401087,"instability_of_regime"
"Niger",2017-10-01,7,0.0681198279732664,0.0467771610275819,"instability_of_regime"
"Niger",2018-01-01,1,0.00986322166945018,0.0070231317674326,"instability_of_regime"
"Niger",2018-04-01,1,0.00994726414168589,0.00771314857357602,"instability_of_regime"
"Niger",2018-07-01,1,0.0100111436112232,0.00863632115047862,"instability_of_regime"
"Niger",2018-10-01,0,0,0,"instability_of_regime"
"Niger",2019-01-01,0,0,0,"instability_of_regime"
"Niger",2019-04-01,2,0.0208360722691494,0.0195381242293883,"instability_of_regime"
"Niger",2019-07-01,0,0,0,"instability_of_regime"
"Niger",2019-10-01,0,0,0,"instability_of_regime"
"Niger",2020-01-01,0,0,0,"instability_of_regime"
"Niger",2020-04-01,0,0,0,"instability_of_regime"
"Niger",2020-07-01,2,0.0204718148271908,0.0133048188235393,"instability_of_regime"
"Niger",2020-10-01,1,0.00978577994608533,0.00609347399454043,"instability_of_regime"
"Niger",2021-01-01,6,0.0556488699184802,0.034446852301545,"instability_of_regime"
"Niger",2021-04-01,2,0.017571630294289,0.011484158302669,"instability_of_regime"
"Niger",2021-07-01,2,0.016693762005148,0.0118466620246346,"instability_of_regime"
"Niger",2021-10-01,2,0.0158996610188003,0.0123321115905957,"instability_of_regime"
"Niger",2022-01-01,11,0.084565613119935,0.0690879394752462,"instability_of_regime"
"Niger",2022-04-01,1,0.00767715247386857,0.00583345312949815,"instability_of_regime"
"Niger",2022-07-01,0,0,0,"instability_of_regime"
"Niger",2022-10-01,0,0,0,"instability_of_regime"
"Niger",2023-01-01,1,0.00793717907007642,0.00246765766375568,"instability_of_regime"
"Niger",2023-04-01,1,0.00800767939998834,0.00186753601311358,"instability_of_regime"
"Niger",2023-07-01,95,0.769155691336364,0.150287434922776,"instability_of_regime"
"Niger",2023-10-01,14,0.118173556440072,0.0232840008132057,"instability_of_regime"
"Niger",2024-01-01,3,0.0269447019412599,0.00590600541419416,"instability_of_regime"
"Niger",2024-04-01,4,0.039412266702408,0.0101963076660291,"instability_of_regime"
"Niger",2024-07-01,0,0,0,"instability_of_regime"
"Niger",2024-10-01,2,0.0251386580367189,0.0135772376607659,"instability_of_regime"
"Niger",1990-01-01,1,0.22803485348333,0.0769179527646402,"instability_within_regime"
"Niger",1990-04-01,1,0.20692218174645,0.0595311993841873,"instability_within_regime"
"Niger",1990-07-01,0,0,0,"instability_within_regime"
"Niger",1990-10-01,5,0.869788150106864,0.208230314139641,"instability_within_regime"
"Niger",1991-01-01,8,1.27809697798724,0.294990248226659,"instability_within_regime"
"Niger",1991-04-01,3,0.444073958518161,0.100042271228212,"instability_within_regime"
"Niger",1991-07-01,19,2.65788085028121,0.579750530915626,"instability_within_regime"
"Niger",1991-10-01,8,1.0887907168257,0.22576880147254,"instability_within_regime"
"Niger",1992-01-01,17,2.31909458360044,0.451478046004003,"instability_within_regime"
"Niger",1992-04-01,7,0.971706933188584,0.183391912457278,"instability_within_regime"
"Niger",1992-07-01,5,0.699674733756756,0.132789169102125,"instability_within_regime"
"Niger",1992-10-01,13,1.78610480297092,0.357516841991013,"instability_within_regime"
"Niger",1993-01-01,30,3.9598239468698,0.857518371780285,"instability_within_regime"
"Niger",1993-04-01,12,1.49769062302363,0.353190156978448,"instability_within_regime"
"Niger",1993-07-01,3,0.34890761719722,0.0869775965328589,"instability_within_regime"
"Niger",1993-10-01,5,0.541271584902141,0.13590820312016,"instability_within_regime"
"Niger",1994-01-01,6,0.605874038779837,0.151215019563005,"instability_within_regime"
"Niger",1994-04-01,1,0.0950834093001848,0.0233161422030504,"instability_within_regime"
"Niger",1994-07-01,12,1.09408265361215,0.260405199679206,"instability_within_regime"
"Niger",1994-10-01,27,2.43087936223326,0.54954396256435,"instability_within_regime"
"Niger",1995-01-01,39,3.47533808926538,0.757243633233043,"instability_within_regime"
"Niger",1995-04-01,4,0.350511106007122,0.0755477537079931,"instability_within_regime"
"Niger",1995-07-01,5,0.426377429161253,0.0909663130819389,"instability_within_regime"
"Niger",1995-10-01,1,0.0816187087420357,0.0174016692514125,"instability_within_regime"
"Niger",1996-01-01,32,2.46517928215215,0.530169569834347,"instability_within_regime"
"Niger",1996-04-01,20,1.43091089819416,0.328914524103326,"instability_within_regime"
"Niger",1996-07-01,57,3.74636369581871,0.954169725800479,"instability_within_regime"
"Niger",1996-10-01,24,1.45104337078668,0.430875055338691,"instability_within_regime"
"Niger",1997-01-01,7,0.40103266454422,0.137071957511769,"instability_within_regime"
"Niger",1997-04-01,1,0.0552913426441089,0.0205154609386738,"instability_within_regime"
"Niger",1997-07-01,1,0.0537975470906093,0.0200705284299229,"instability_within_regime"
"Niger",1997-10-01,9,0.458753296555051,0.164738204471953,"instability_within_regime"
"Niger",1998-01-01,5,0.233775293141158,0.0796087601959269,"instability_within_regime"
"Niger",1998-04-01,13,0.549267338708235,0.177048829298553,"instability_within_regime"
"Niger",1998-07-01,4,0.154664881610549,0.0477413186107664,"instability_within_regime"
"Niger",1998-10-01,6,0.216372402945457,0.0631998552845958,"instability_within_regime"
"Niger",1999-01-01,11,0.373463555846037,0.102557267405034,"instability_within_regime"
"Niger",1999-04-01,36,1.15381857978104,0.303728942179618,"instability_within_regime"
"Niger",1999-07-01,22,0.663747055896734,0.17487912495629,"instability_within_regime"
"Niger",1999-10-01,40,1.13130351692568,0.303759112257662,"instability_within_regime"
"Niger",2000-01-01,19,0.506102463474417,0.140640963326003,"instability_within_regime"
"Niger",2000-04-01,10,0.258159202913513,0.0741878308025625,"instability_within_regime"
"Niger",2000-07-01,19,0.487916575858907,0.142728637690405,"instability_within_regime"
"Niger",2000-10-01,8,0.207783648427048,0.0618039731708861,"instability_within_regime"
"Niger",2001-01-01,12,0.315842699562791,0.0970780918170236,"instability_within_regime"
"Niger",2001-04-01,2,0.0531121440403256,0.0172801054455202,"instability_within_regime"
"Niger",2001-07-01,3,0.0793185501503352,0.027887693861298,"instability_within_regime"
"Niger",2001-10-01,7,0.180091752758507,0.0693145539616442,"instability_within_regime"
"Niger",2002-01-01,0,0,0,"instability_within_regime"
"Niger",2002-04-01,0,0,0,"instability_within_regime"
"Niger",2002-07-01,52,1.17564809302002,0.487960386356985,"instability_within_regime"
"Niger",2002-10-01,12,0.265712345405742,0.11006856980966,"instability_within_regime"
"Niger",2003-01-01,16,0.3577938434689,0.145393498696439,"instability_within_regime"
"Niger",2003-04-01,8,0.184853063053499,0.0738130199333787,"instability_within_regime"
"Niger",2003-07-01,5,0.12085173788364,0.0469607546953277,"instability_within_regime"
"Niger",2003-10-01,2,0.0505935742916883,0.0195466439935697,"instability_within_regime"
"Niger",2004-01-01,7,0.182417432247712,0.0693889634921956,"instability_within_regime"
"Niger",2004-04-01,4,0.105776452221222,0.0376010912110814,"instability_within_regime"
"Niger",2004-07-01,20,0.53222512994128,0.16700978159136,"instability_within_regime"
"Niger",2004-10-01,58,1.55926057871554,0.420291221720197,"instability_within_regime"
"Niger",2005-01-01,6,0.164132781856879,0.0381822598575859,"instability_within_regime"
"Niger",2005-04-01,5,0.138858566482124,0.0290358592054278,"instability_within_regime"
"Niger",2005-07-01,2,0.0555826530202452,0.0111428155013667,"instability_within_regime"
"Niger",2005-10-01,1,0.0271965228869514,0.00582442574859303,"instability_within_regime"
"Niger",2006-01-01,3,0.078422812250043,0.0185014438454863,"instability_within_regime"
"Niger",2006-04-01,2,0.0506055216662369,0.0129840605407589,"instability_within_regime"
"Niger",2006-07-01,8,0.199857947305692,0.0536181488122261,"instability_within_regime"
"Niger",2006-10-01,7,0.175084659876897,0.0481078103268079,"instability_within_regime"
"Niger",2007-01-01,2,0.0507642523406392,0.0141565810573821,"instability_within_regime"
"Niger",2007-04-01,28,0.728354595116255,0.205284218679163,"instability_within_regime"
"Niger",2007-07-01,13,0.348182393603191,0.100917645083506,"instability_within_regime"
"Niger",2007-10-01,5,0.137763669446907,0.0427876613970934,"instability_within_regime"
"Niger",2008-01-01,2,0.0569055301143276,0.0186666026246792,"instability_within_regime"
"Niger",2008-04-01,2,0.0593828704339197,0.0189706606825936,"instability_within_regime"
"Niger",2008-07-01,2,0.0619745761770737,0.0176933674579671,"instability_within_regime"
"Niger",2008-10-01,7,0.224974335995931,0.053367776821664,"instability_within_regime"
"Niger",2009-01-01,6,0.198027236685538,0.0378793039708114,"instability_within_regime"
"Niger",2009-04-01,61,2.02355331581129,0.319867496841914,"instability_within_regime"
"Niger",2009-07-01,109,3.53492877519309,0.499969075312539,"instability_within_regime"
"Niger",2009-10-01,64,1.98683916467027,0.272241000798908,"instability_within_regime"
"Niger",2010-01-01,163,4.82252288929375,0.671392327502762,"instability_within_regime"
"Niger",2010-04-01,26,0.744313327686112,0.109086624069284,"instability_within_regime"
"Niger",2010-07-01,44,1.23035023196508,0.190601351661635,"instability_within_regime"
"Niger",2010-10-01,45,1.23316094651537,0.206485263925276,"instability_within_regime"
"Niger",2011-01-01,78,2.11567423778783,0.380395146745718,"instability_within_regime"
"Niger",2011-04-01,27,0.733132747252269,0.143802436540074,"instability_within_regime"
"Niger",2011-07-01,33,0.895147533492446,0.193877708640918,"instability_within_regime"
"Niger",2011-10-01,13,0.34609282164729,0.0884433651828619,"instability_within_regime"
"Niger",2012-01-01,4,0.103616513828885,0.0319887496998761,"instability_within_regime"
"Niger",2012-04-01,6,0.15346573866883,0.0551770711818042,"instability_within_regime"
"Niger",2012-07-01,6,0.152759933056763,0.0596827267667824,"instability_within_regime"
"Niger",2012-10-01,4,0.101854021787769,0.0404054596001286,"instability_within_regime"
"Niger",2013-01-01,4,0.103729511850246,0.0394233728691357,"instability_within_regime"
"Niger",2013-04-01,15,0.410488468698098,0.145832966520937,"instability_within_regime"
"Niger",2013-07-01,1,0.0288533939612271,0.00998383473278461,"instability_within_regime"
"Niger",2013-10-01,6,0.178023724213898,0.0600170465456541,"instability_within_regime"
"Niger",2014-01-01,7,0.207441581436252,0.0681161364925565,"instability_within_regime"
"Niger",2014-04-01,12,0.346770991927616,0.106170102356424,"instability_within_regime"
"Niger",2014-07-01,13,0.365472618931364,0.0974084832510296,"instability_within_regime"
"Niger",2014-10-01,9,0.245229313294942,0.0560168883934991,"instability_within_regime"
"Niger",2015-01-01,123,3.29344530261551,0.667010578022671,"instability_within_regime"
"Niger",2015-04-01,23,0.627410496061798,0.119688094401511,"instability_within_regime"
"Niger",2015-07-01,15,0.423339555955204,0.0782882634328821,"instability_within_regime"
"Niger",2015-10-01,36,1.05357215282369,0.188246557830333,"instability_within_regime"
"Niger",2016-01-01,156,4.69264774618893,0.82297414031854,"instability_within_regime"
"Niger",2016-04-01,17,0.522672105076147,0.0947589467514414,"instability_within_regime"
"Niger",2016-07-01,6,0.18807526635223,0.036906942466895,"instability_within_regime"
"Niger",2016-10-01,1,0.0318999160039628,0.0068298846001831,"instability_within_regime"
"Niger",2017-01-01,4,0.129961288636421,0.0292542968564048,"instability_within_regime"
"Niger",2017-04-01,5,0.167579472849652,0.036422948647282,"instability_within_regime"
"Niger",2017-07-01,2,0.0691137794676228,0.0138957164401087,"instability_within_regime"
"Niger",2017-10-01,13,0.459027582682937,0.0868718704797949,"instability_within_regime"
"Niger",2018-01-01,7,0.25051674585776,0.0491619223720282,"instability_within_regime"
"Niger",2018-04-01,5,0.180465248032148,0.0385657428678801,"instability_within_regime"
"Niger",2018-07-01,2,0.0726496648385433,0.0172726423009572,"instability_within_regime"
"Niger",2018-10-01,1,0.0365303306066194,0.00948733665174694,"instability_within_regime"
"Niger",2019-01-01,6,0.221923002454189,0.0594626271487144,"instability_within_regime"
"Niger",2019-04-01,11,0.415813392120657,0.107459683261636,"instability_within_regime"
"Niger",2019-07-01,1,0.0385393968685259,0.00930511120388784,"instability_within_regime"
"Niger",2019-10-01,9,0.35124487927469,0.0780151244407966,"instability_within_regime"
"Niger",2020-01-01,5,0.195069795646988,0.0402422694073804,"instability_within_regime"
"Niger",2020-04-01,4,0.153509119265878,0.0294578005618149,"instability_within_regime"
"Niger",2020-07-01,11,0.408544117922072,0.0731765035294663,"instability_within_regime"
"Niger",2020-10-01,46,1.63332724013729,0.28029980374886,"instability_within_regime"
"Niger",2021-01-01,96,3.23069723518015,0.55114963682472,"instability_within_regime"
"Niger",2021-04-01,22,0.701333639409253,0.126325741329359,"instability_within_regime"
"Niger",2021-07-01,7,0.212003089548667,0.041463317086221,"instability_within_regime"
"Niger",2021-10-01,6,0.173072890908388,0.0369963347717871,"instability_within_regime"
"Niger",2022-01-01,29,0.808945088728694,0.182140931343831,"instability_within_regime"
"Niger",2022-04-01,28,0.779970407099091,0.163336687625948,"instability_within_regime"
"Niger",2022-07-01,7,0.197295022213319,0.0332283897738903,"instability_within_regime"
"Niger",2022-10-01,2,0.0569570379875662,0.00691440112592622,"instability_within_regime"
"Niger",2023-01-01,18,0.518392382966412,0.0444178379476023,"instability_within_regime"
"Niger",2023-04-01,4,0.116221532151725,0.00747014405245434,"instability_within_regime"
"Niger",2023-07-01,350,10.2820242774053,0.55369054971549,"instability_within_regime"
"Niger",2023-10-01,40,1.22510183245416,0.0665257166091592,"instability_within_regime"
"Niger",2024-01-01,25,0.814726918832584,0.0492167117849513,"instability_within_regime"
"Niger",2024-04-01,17,0.607771416034872,0.0433343075806237,"instability_within_regime"
"Niger",2024-07-01,13,0.51946171310876,0.0480383025198031,"instability_within_regime"
"Niger",2024-10-01,10,0.456070542932514,0.0678861883038295,"instability_within_regime"
"Niger",1990-01-01,5,0.379114012977077,0.384589763823201,"mass_civil_protest"
"Niger",1990-04-01,0,0,0,"mass_civil_protest"
"Niger",1990-07-01,1,0.0631904162650313,0.0487926825364179,"mass_civil_protest"
"Niger",1990-10-01,6,0.347051027672164,0.249876376967569,"mass_civil_protest"
"Niger",1991-01-01,8,0.42497404839391,0.294990248226659,"mass_civil_protest"
"Niger",1991-04-01,3,0.147656954979247,0.100042271228212,"mass_civil_protest"
"Niger",1991-07-01,6,0.279081956973609,0.183079115025987,"mass_civil_protest"
"Niger",1991-10-01,3,0.135760765835568,0.0846633005522025,"mass_civil_protest"
"Niger",1992-01-01,20,0.907189756954706,0.531150642357651,"mass_civil_protest"
"Niger",1992-04-01,6,0.276940909377787,0.157193067820524,"mass_civil_protest"
"Niger",1992-07-01,12,0.55834937589503,0.318694005845099,"mass_civil_protest"
"Niger",1992-10-01,10,0.456837964836968,0.275012955377702,"mass_civil_protest"
"Niger",1993-01-01,10,0.438887513392123,0.285839457260095,"mass_civil_protest"
"Niger",1993-04-01,3,0.124497526062202,0.0882975392446121,"mass_civil_protest"
"Niger",1993-07-01,1,0.0386712133089419,0.0289925321776196,"mass_civil_protest"
"Niger",1993-10-01,0,0,0,"mass_civil_protest"
"Niger",1994-01-01,7,0.235032400068426,0.176417522823506,"mass_civil_protest"
"Niger",1994-04-01,5,0.158078698570392,0.116580711015252,"mass_civil_protest"
"Niger",1994-07-01,3,0.0909470765112303,0.0651012999198016,"mass_civil_protest"
"Niger",1994-10-01,5,0.149681542097926,0.10176740047488,"mass_civil_protest"
"Niger",1995-01-01,8,0.237039674593122,0.155332027329855,"mass_civil_protest"
"Niger",1995-04-01,5,0.145683510614209,0.0944346921349913,"mass_civil_protest"
"Niger",1995-07-01,5,0.141772764770793,0.0909663130819389,"mass_civil_protest"
"Niger",1995-10-01,1,0.0271386551069153,0.0174016692514125,"mass_civil_protest"
"Niger",1996-01-01,2,0.0512303270798564,0.0331355981146467,"mass_civil_protest"
"Niger",1996-04-01,0,0,0,"mass_civil_protest"
"Niger",1996-07-01,11,0.240395518862472,0.184138017259742,"mass_civil_protest"
"Niger",1996-10-01,3,0.06030995557253,0.0538593819173364,"mass_civil_protest"
"Niger",1997-01-01,7,0.133345495627372,0.137071957511769,"mass_civil_protest"
"Niger",1997-04-01,0,0,0,"mass_civil_protest"
"Niger",1997-07-01,0,0,0,"mass_civil_protest"
"Niger",1997-10-01,3,0.0508459710045047,0.0549127348239843,"mass_civil_protest"
"Niger",1998-01-01,4,0.062185223470054,0.0636870081567415,"mass_civil_protest"
"Niger",1998-04-01,9,0.12643914034303,0.12257226643746,"mass_civil_protest"
"Niger",1998-07-01,0,0,0,"mass_civil_protest"
"Niger",1998-10-01,1,0.011990829285539,0.0105333092140993,"mass_civil_protest"
"Niger",1999-01-01,0,0,0,"mass_civil_protest"
"Niger",1999-04-01,4,0.0426278688295417,0.0337476602421798,"mass_civil_protest"
"Niger",1999-07-01,0,0,0,"mass_civil_protest"
"Niger",1999-10-01,6,0.0564246661830748,0.0455638668386493,"mass_civil_protest"
"Niger",2000-01-01,8,0.0708554791790413,0.059217247716212,"mass_civil_protest"
"Niger",2000-04-01,9,0.077255378217518,0.0667690477223063,"mass_civil_protest"
"Niger",2000-07-01,9,0.0768480909233529,0.0676083020638761,"mass_civil_protest"
"Niger",2000-10-01,12,0.103633753677862,0.0927059597563291,"mass_civil_protest"
"Niger",2001-01-01,15,0.131274223514166,0.12134761477128,"mass_civil_protest"
"Niger",2001-04-01,5,0.0441501765132941,0.0432002636138006,"mass_civil_protest"
"Niger",2001-07-01,5,0.0439564002193424,0.0464794897688301,"mass_civil_protest"
"Niger",2001-10-01,2,0.0171089904019792,0.0198041582747555,"mass_civil_protest"
"Niger",2002-01-01,6,0.0489953663317933,0.0610995071313788,"mass_civil_protest"
"Niger",2002-04-01,9,0.070245073287058,0.0891734455788879,"mass_civil_protest"
"Niger",2002-07-01,65,0.488636561018344,0.609950482946231,"mass_civil_protest"
"Niger",2002-10-01,10,0.0736256410117047,0.0917238081747163,"mass_civil_protest"
"Niger",2003-01-01,9,0.0669197010728627,0.0817838430167468,"mass_civil_protest"
"Niger",2003-04-01,7,0.0537815489960922,0.0645863924417064,"mass_civil_protest"
"Niger",2003-07-01,2,0.0160735384523734,0.0187843018781311,"mass_civil_protest"
"Niger",2003-10-01,5,0.0420565818943505,0.0488666099839241,"mass_civil_protest"
"Niger",2004-01-01,6,0.0519898004712886,0.0594762544218819,"mass_civil_protest"
"Niger",2004-04-01,4,0.0351712334035787,0.0376010912110814,"mass_civil_protest"
"Niger",2004-07-01,3,0.0265451533049137,0.025051467238704,"mass_civil_protest"
"Niger",2004-10-01,7,0.062573053374827,0.0507248026214031,"mass_civil_protest"
"Niger",2005-01-01,1,0.00909583727229097,0.00636370997626431,"mass_civil_protest"
"Niger",2005-04-01,2,0.0184684849955642,0.0116143436821711,"mass_civil_protest"
"Niger",2005-07-01,0,0,0,"mass_civil_protest"
"Niger",2005-10-01,1,0.00904298862493735,0.00582442574859303,"mass_civil_protest"
"Niger",2006-01-01,1,0.00869200083727115,0.00616714794849543,"mass_civil_protest"
"Niger",2006-04-01,4,0.0336532106467452,0.0259681210815178,"mass_civil_protest"
"Niger",2006-07-01,1,0.00830672891347736,0.00670226860152826,"mass_civil_protest"
"Niger",2006-10-01,6,0.0498999268897857,0.0412352659944067,"mass_civil_protest"
"Niger",2007-01-01,4,0.0337587682350453,0.0283131621147642,"mass_civil_protest"
"Niger",2007-04-01,0,0,0,"mass_civil_protest"
"Niger",2007-07-01,6,0.0534334611791544,0.0465773746539259,"mass_civil_protest"
"Niger",2007-10-01,5,0.0458071533966472,0.0427876613970934,"mass_civil_protest"
"Niger",2008-01-01,1,0.00946069583341464,0.00933330131233959,"mass_civil_protest"
"Niger",2008-04-01,3,0.0296176807646821,0.0284559910238904,"mass_civil_protest"
"Niger",2008-07-01,2,0.0206068764648396,0.0176933674579671,"mass_civil_protest"
"Niger",2008-10-01,7,0.0748051642399531,0.053367776821664,"mass_civil_protest"
"Niger",2009-01-01,1,0.0109741850469807,0.00631321732846857,"mass_civil_protest"
"Niger",2009-04-01,30,0.330906023964534,0.157311883692745,"mass_civil_protest"
"Niger",2009-07-01,25,0.269583172914938,0.114671806264344,"mass_civil_protest"
"Niger",2009-10-01,18,0.185803480700678,0.0765677814746928,"mass_civil_protest"
"Niger",2010-01-01,13,0.127887661950753,0.053546627346846,"mass_civil_protest"
"Niger",2010-04-01,4,0.0380750989813773,0.0167825575491207,"mass_civil_protest"
"Niger",2010-07-01,2,0.01859536369042,0.00866369780280158,"mass_civil_protest"
"Niger",2010-10-01,0,0,0,"mass_civil_protest"
"Niger",2011-01-01,6,0.0541133035105967,0.029261165134286,"mass_civil_protest"
"Niger",2011-04-01,4,0.0361141542031583,0.0213040646726035,"mass_civil_protest"
"Niger",2011-07-01,26,0.234505282178882,0.152752134080724,"mass_civil_protest"
"Niger",2011-10-01,7,0.0619649183049783,0.0476233504830795,"mass_civil_protest"
"Niger",2012-01-01,6,0.051679563586408,0.0479831245498142,"mass_civil_protest"
"Niger",2012-04-01,1,0.00850469583230977,0.0091961785303007,"mass_civil_protest"
"Niger",2012-07-01,1,0.00846558181181612,0.00994712112779706,"mass_civil_protest"
"Niger",2012-10-01,1,0.00846675110141406,0.0101013649000322,"mass_civil_protest"
"Niger",2013-01-01,1,0.00862265370863031,0.00985584321728392,"mass_civil_protest"
"Niger",2013-04-01,4,0.0363972268909503,0.03888879107225,"mass_civil_protest"
"Niger",2013-07-01,0,0,0,"mass_civil_protest"
"Niger",2013-10-01,7,0.0690594752258669,0.0700198876365964,"mass_civil_protest"
"Niger",2014-01-01,8,0.0788290628838155,0.0778470131343503,"mass_civil_protest"
"Niger",2014-04-01,5,0.0480430002714952,0.0442375426485098,"mass_civil_protest"
"Niger",2014-07-01,4,0.0373912588239,0.0299718410003168,"mass_civil_protest"
"Niger",2014-10-01,13,0.11778007512206,0.0809132832350542,"mass_civil_protest"
"Niger",2015-01-01,75,0.667736642609085,0.406713767086994,"mass_civil_protest"
"Niger",2015-04-01,13,0.11791414281681,0.0676497924878107,"mass_civil_protest"
"Niger",2015-07-01,4,0.0375367082025102,0.0208768702487686,"mass_civil_protest"
"Niger",2015-10-01,9,0.0875795872246096,0.0470616394575832,"mass_civil_protest"
"Niger",2016-01-01,4,0.040008470620908,0.0211019010338087,"mass_civil_protest"
"Niger",2016-04-01,3,0.0306690453673663,0.0167221670737838,"mass_civil_protest"
"Niger",2016-07-01,4,0.0416906847816512,0.0246046283112633,"mass_civil_protest"
"Niger",2016-10-01,2,0.0212137837442961,0.0136597692003662,"mass_civil_protest"
"Niger",2017-01-01,6,0.0648192303685204,0.0438814452846071,"mass_civil_protest"
"Niger",2017-04-01,11,0.122586346817698,0.0801304870240205,"mass_civil_protest"
"Niger",2017-07-01,2,0.0229806995603842,0.0138957164401087,"mass_civil_protest"
"Niger",2017-10-01,5,0.058703505619631,0.0334122578768442,"mass_civil_protest"
"Niger",2018-01-01,3,0.035699207776851,0.0210693953022978,"mass_civil_protest"
"Niger",2018-04-01,5,0.0600056555734998,0.0385657428678801,"mass_civil_protest"
"Niger",2018-07-01,1,0.0120782001337323,0.00863632115047862,"mass_civil_protest"
"Niger",2018-10-01,3,0.0364395881246299,0.0284620099552408,"mass_civil_protest"
"Niger",2019-01-01,4,0.0491937197302047,0.0396417514324763,"mass_civil_protest"
"Niger",2019-04-01,3,0.0377073180608803,0.0293071863440825,"mass_civil_protest"
"Niger",2019-07-01,1,0.0128145546010677,0.00930511120388784,"mass_civil_protest"
"Niger",2019-10-01,3,0.0389302640028843,0.0260050414802655,"mass_civil_protest"
"Niger",2020-01-01,6,0.0778340944731983,0.0482907232888564,"mass_civil_protest"
"Niger",2020-04-01,5,0.063803249091611,0.0368222507022686,"mass_civil_protest"
"Niger",2020-07-01,6,0.0740962330136746,0.039914456470618,"mass_civil_protest"
"Niger",2020-10-01,2,0.0236126087575005,0.0121869479890809,"mass_civil_protest"
"Niger",2021-01-01,8,0.0895186689544534,0.04592913640206,"mass_civil_protest"
"Niger",2021-04-01,1,0.0105998712840582,0.00574207915133448,"mass_civil_protest"
"Niger",2021-07-01,5,0.0503515398223414,0.0296166550615864,"mass_civil_protest"
"Niger",2021-10-01,11,0.105504038714973,0.0678266137482764,"mass_civil_protest"
"Niger",2022-01-01,49,0.454480994821474,0.30775536675337,"mass_civil_protest"
"Niger",2022-04-01,3,0.0277868905803957,0.0175003593884944,"mass_civil_protest"
"Niger",2022-07-01,2,0.0187433271635283,0.00949382564968293,"mass_civil_protest"
"Niger",2022-10-01,0,0,0,"mass_civil_protest"
"Niger",2023-01-01,2,0.0191520251888466,0.00493531532751137,"mass_civil_protest"
"Niger",2023-04-01,2,0.0193221390394192,0.00373507202622717,"mass_civil_protest"
"Niger",2023-07-01,51,0.498172051246443,0.0806806229585428,"mass_civil_protest"
"Niger",2023-10-01,1,0.0101838220103757,0.00166314291522898,"mass_civil_protest"
"Niger",2024-01-01,0,0,0,"mass_civil_protest"
"Niger",2024-04-01,5,0.0594374208684377,0.0127453845825364,"mass_civil_protest"
"Niger",2024-07-01,3,0.0398593349224416,0.0110857621199546,"mass_civil_protest"
"Niger",2024-10-01,2,0.0303291766307854,0.0135772376607659,"mass_civil_protest"
"Niger",1990-01-01,7,6.02584932558186,0.538425669352482,"political_violence"
"Niger",1990-04-01,12,9.37361889035657,0.714374392610248,"political_violence"
"Niger",1990-07-01,0,0,0,"political_violence"
"Niger",1990-10-01,15,9.85039709812294,0.624690942418922,"political_violence"
"Niger",1991-01-01,15,9.04657269239811,0.553106715424986,"political_violence"
"Niger",1991-04-01,5,2.79397845440987,0.166737118713687,"political_violence"
"Niger",1991-07-01,17,8.97738448787784,0.518724159240297,"political_violence"
"Niger",1991-10-01,28,14.3857149608131,0.79019080515389,"political_violence"
"Niger",1992-01-01,63,32.4436036271346,1.6731245234266,"political_violence"
"Niger",1992-04-01,32,16.7689641776501,0.838363028376129,"political_violence"
"Niger",1992-07-01,48,25.35633152944,1.2747760233804,"political_violence"
"Niger",1992-10-01,43,22.3023711427144,1.18255570812412,"political_violence"
"Niger",1993-01-01,48,23.9174490542518,1.37202939484846,"political_violence"
"Niger",1993-04-01,20,9.42301445926506,0.588650261630748,"political_violence"
"Niger",1993-07-01,6,2.63426489123068,0.173955193065718,"political_violence"
"Niger",1993-10-01,14,5.72126754312602,0.380542968736447,"political_violence"
"Niger",1994-01-01,17,6.48035819831905,0.428442555428515,"political_violence"
"Niger",1994-04-01,33,11.8450713869649,0.769432692700663,"political_violence"
"Niger",1994-07-01,52,17.8974528623893,1.12842253194323,"political_violence"
"Niger",1994-10-01,28,9.51648726904092,0.569897442659326,"political_violence"
"Niger",1995-01-01,43,14.4650488937874,0.83490964689797,"political_violence"
"Niger",1995-04-01,25,8.2699102770222,0.472173460674957,"political_violence"
"Niger",1995-07-01,16,5.15066355306448,0.291092201862204,"political_violence"
"Niger",1995-10-01,12,3.69734488402176,0.20882003101695,"political_violence"
"Niger",1996-01-01,53,15.4132207215593,0.878093350038138,"political_violence"
"Niger",1996-04-01,1,0.270085701472488,0.0164457262051663,"political_violence"
"Niger",1996-07-01,25,6.2028900981347,0.41849549377214,"political_violence"
"Niger",1996-10-01,10,2.28238102945775,0.179531273057788,"political_violence"
"Niger",1997-01-01,5,1.08136101729226,0.097908541079835,"political_violence"
"Niger",1997-04-01,1,0.208725799520238,0.0205154609386738,"political_violence"
"Niger",1997-07-01,0,0,0,"political_violence"
"Niger",1997-10-01,14,2.69391396429844,0.256259429178593,"political_violence"
"Niger",1998-01-01,24,4.2360282216079,0.382122048940449,"political_violence"
"Niger",1998-04-01,24,3.82798882951021,0.326859377166559,"political_violence"
"Niger",1998-07-01,5,0.729828340389025,0.0596766482634581,"political_violence"
"Niger",1998-10-01,6,0.816809660232,0.0631998552845958,"political_violence"
"Niger",1999-01-01,28,3.58866212654119,0.26105486248554,"political_violence"
"Niger",1999-04-01,67,8.10641488708125,0.565273309056512,"political_violence"
"Niger",1999-07-01,22,2.50565691292741,0.17487912495629,"political_violence"
"Niger",1999-10-01,24,2.56241450952209,0.182255467354597,"political_violence"
"Niger",2000-01-01,71,7.13940791261627,0.525553073481381,"political_violence"
"Niger",2000-04-01,36,3.50840005753663,0.267076190889225,"political_violence"
"Niger",2000-07-01,29,2.81131148417363,0.217848973316934,"political_violence"
"Niger",2000-10-01,31,3.03949946819442,0.239490396037184,"political_violence"
"Niger",2001-01-01,44,4.37180991453024,0.355953003329087,"political_violence"
"Niger",2001-04-01,13,1.30324535981419,0.112320685395882,"political_violence"
"Niger",2001-07-01,28,2.79467005228051,0.260285142705448,"political_violence"
"Niger",2001-10-01,34,3.30212644422234,0.336670690670843,"political_violence"
"Niger",2002-01-01,14,1.29793274609154,0.142565516639884,"political_violence"
"Niger",2002-04-01,15,1.32918372399097,0.148622409298146,"political_violence"
"Niger",2002-07-01,306,26.1164668787558,2.87145919663918,"political_violence"
"Niger",2002-10-01,44,3.67791900102782,0.403584755968752,"political_violence"
"Niger",2003-01-01,60,5.06504290297484,0.545225620111646,"political_violence"
"Niger",2003-04-01,36,3.14020616800357,0.332158589700204,"political_violence"
"Niger",2003-07-01,19,1.73362632821271,0.178450867842245,"political_violence"
"Niger",2003-10-01,9,0.859462382866363,0.0879598979710634,"political_violence"
"Niger",2004-01-01,50,4.91877888130174,0.495635453515683,"political_violence"
"Niger",2004-04-01,16,1.59723193574075,0.150404364844325,"political_violence"
"Niger",2004-07-01,41,4.11877658312507,0.342370052262288,"political_violence"
"Niger",2004-10-01,48,4.87136801440275,0.347827217975335,"political_violence"
"Niger",2005-01-01,33,3.40782290051957,0.210002429216722,"political_violence"
"Niger",2005-04-01,25,2.62096776124349,0.145179296027139,"political_violence"
"Niger",2005-07-01,50,5.24563753397239,0.278570387534168,"political_violence"
"Niger",2005-10-01,12,1.23200827737994,0.0698931089831163,"political_violence"
"Niger",2006-01-01,50,4.93412512843599,0.308357397424771,"political_violence"
"Niger",2006-04-01,45,4.29832669922715,0.292141362167075,"political_violence"
"Niger",2006-07-01,50,4.7154206073411,0.335113430076413,"political_violence"
"Niger",2006-10-01,78,7.36484577299469,0.536058457927288,"political_violence"
"Niger",2007-01-01,31,2.97035727615176,0.219427006389423,"political_violence"
"Niger",2007-04-01,35,3.43693939977232,0.256605273348954,"political_violence"
"Niger",2007-07-01,90,9.09965571009356,0.698660619808889,"political_violence"
"Niger",2007-10-01,34,3.53641001629458,0.290956097500235,"political_violence"
"Niger",2008-01-01,29,3.11488109498408,0.270665738057848,"political_violence"
"Niger",2008-04-01,45,5.04385626426929,0.426839865358356,"political_violence"
"Niger",2008-07-01,59,6.90167617830569,0.521954340010031,"political_violence"
"Niger",2008-10-01,28,3.39712844048931,0.213471107286656,"political_violence"
"Niger",2009-01-01,30,3.73778166050524,0.189396519854057,"political_violence"
"Niger",2009-04-01,136,17.0311009064077,0.713147206073775,"political_violence"
"Niger",2009-07-01,124,15.1808067615867,0.568772159071145,"political_violence"
"Niger",2009-10-01,86,10.0785994771533,0.365823844823532,"political_violence"
"Niger",2010-01-01,177,19.7687385080276,0.729057926183981,"political_violence"
"Niger",2010-04-01,42,4.53890126053453,0.176216854265767,"political_violence"
"Niger",2010-07-01,209,22.0618212903873,0.905356420392765,"political_violence"
"Niger",2010-10-01,77,7.96557206431159,0.35331922938325,"political_violence"
"Niger",2011-01-01,287,29.3869889057318,1.39965906559001,"political_violence"
"Niger",2011-04-01,57,5.84268816103316,0.3035829215846,"political_violence"
"Niger",2011-07-01,233,23.8591846192355,1.36889412464649,"political_violence"
"Niger",2011-10-01,83,8.34154177116234,0.564676870013657,"political_violence"
"Niger",2012-01-01,44,4.30269595998171,0.351876246698637,"political_violence"
"Niger",2012-04-01,39,3.76568326179332,0.358650962681727,"political_violence"
"Niger",2012-07-01,27,2.59502155974461,0.268572270450521,"political_violence"
"Niger",2012-10-01,28,2.69150517617033,0.2828382172009,"political_violence"
"Niger",2013-01-01,52,5.09054972030446,0.512503847298764,"political_violence"
"Niger",2013-04-01,202,20.8679635358906,1.96388394914862,"political_violence"
"Niger",2013-07-01,11,1.19814281566887,0.109822182060631,"political_violence"
"Niger",2013-10-01,68,7.61648413276239,0.68019319418408,"political_violence"
"Niger",2014-01-01,38,4.2510906745471,0.369773312388164,"political_violence"
"Niger",2014-04-01,32,3.49084439283272,0.283120272950463,"political_violence"
"Niger",2014-07-01,33,3.50222811503879,0.247267688252614,"political_violence"
"Niger",2014-10-01,134,13.783314575642,0.834029227192097,"political_violence"
"Niger",2015-01-01,542,54.7852474280881,2.93918482348201,"political_violence"
"Niger",2015-04-01,242,24.9205892464515,1.25932690631155,"political_violence"
"Niger",2015-07-01,84,8.94944027644009,0.43841427522414,"political_violence"
"Niger",2015-10-01,147,16.2404520796423,0.768673444473859,"political_violence"
"Niger",2016-01-01,256,29.070487801253,1.35052166616376,"political_violence"
"Niger",2016-04-01,214,24.837802628339,1.19284791792991,"political_violence"
"Niger",2016-07-01,133,15.7380555298982,0.818103891349506,"political_violence"
"Niger",2016-10-01,129,15.5345346103869,0.881055113423619,"political_violence"
"Niger",2017-01-01,31,3.80219782149945,0.226720800637137,"political_violence"
"Niger",2017-04-01,48,6.07310864048123,0.349660307013908,"political_violence"
"Niger",2017-07-01,57,7.43581369777583,0.396027918543099,"political_violence"
"Niger",2017-10-01,348,46.3867207445056,2.32549314822835,"political_violence"
"Niger",2018-01-01,90,12.1590663499512,0.632081859068934,"political_violence"
"Niger",2018-04-01,82,11.1726560186239,0.632478183033234,"political_violence"
"Niger",2018-07-01,51,6.99347123175543,0.44045237867441,"political_violence"
"Niger",2018-10-01,62,8.54996406443558,0.58821487240831,"political_violence"
"Niger",2019-01-01,59,8.23800550664491,0.584715833629025,"political_violence"
"Niger",2019-04-01,93,13.2711247977385,0.908522776666557,"political_violence"
"Niger",2019-07-01,29,4.21912030260254,0.269848224912747,"political_violence"
"Niger",2019-10-01,113,16.6481098457073,0.979523229090002,"political_violence"
"Niger",2020-01-01,76,11.1931574835374,0.611682494992181,"political_violence"
"Niger",2020-04-01,81,11.7348678913044,0.596520461376751,"political_violence"
"Niger",2020-07-01,121,16.9648742338556,0.804941538824129,"political_violence"
"Niger",2020-10-01,89,11.9295586684332,0.542319185514098,"political_violence"
"Niger",2021-01-01,223,28.3301508638283,1.28027467720742,"political_violence"
"Niger",2021-04-01,141,16.9683689770473,0.809633160338162,"political_violence"
"Niger",2021-07-01,202,23.0948165394394,1.19651286448809,"political_violence"
"Niger",2021-10-01,216,23.5207164249125,1.33186805178434,"political_violence"
"Niger",2022-01-01,243,25.5885876324208,1.52621539022589,"political_violence"
"Niger",2022-04-01,177,18.6128277242911,1.03252120392117,"political_violence"
"Niger",2022-07-01,42,4.46875325686008,0.199370338643342,"political_violence"
"Niger",2022-10-01,43,4.62279732342164,0.148659624207414,"political_violence"
"Niger",2023-01-01,69,7.50160503370735,0.170268378799142,"political_violence"
"Niger",2023-04-01,57,6.25202143051039,0.106449552747474,"political_violence"
"Niger",2023-07-01,746,82.7310250433194,1.18015185739359,"political_violence"
"Niger",2023-10-01,127,14.6836801658376,0.211219150234081,"political_violence"
"Niger",2024-01-01,78,9.59589875199716,0.153556140769048,"political_violence"
"Niger",2024-04-01,121,16.3303584347943,0.308438306897381,"political_violence"
"Niger",2024-07-01,128,19.3080830408508,0.472992517118061,"political_violence"
"Niger",2024-10-01,53,9.12487427583224,0.359796798010296,"political_violence"
"Nigeria",1990-01-01,1,0.228601299180415,0.00547358635740271,"instability_of_regime"
"Nigeria",1990-04-01,2,0.414872365815274,0.00995566256580207,"instability_of_regime"
"Nigeria",1990-07-01,0,0,0,"instability_of_regime"
"Nigeria",1990-10-01,3,0.523169238619991,0.0129358493696382,"instability_of_regime"
"Nigeria",1991-01-01,2,0.320317952698185,0.00811416333461367,"instability_of_regime"
"Nigeria",1991-04-01,11,1.6323158576948,0.0420921355173643,"instability_of_regime"
"Nigeria",1991-07-01,12,1.68283143746093,0.0439527543929388,"instability_of_regime"
"Nigeria",1991-10-01,14,1.910116787192,0.0496143499373013,"instability_of_regime"
"Nigeria",1992-01-01,6,0.820537160105777,0.0207882635997353,"instability_of_regime"
"Nigeria",1992-04-01,12,1.66992117180842,0.0405581307100444,"instability_of_regime"
"Nigeria",1992-07-01,6,0.841695297173671,0.0194449778335325,"instability_of_regime"
"Nigeria",1992-10-01,7,0.964137753964893,0.0209608387076765,"instability_of_regime"
"Nigeria",1993-01-01,8,1.05857607285613,0.0214792531047159,"instability_of_regime"
"Nigeria",1993-04-01,21,2.62746913327646,0.0501243890175338,"instability_of_regime"
"Nigeria",1993-07-01,49,5.71298047202805,0.105984323179967,"instability_of_regime"
"Nigeria",1993-10-01,49,5.31763798013334,0.0997066587708527,"instability_of_regime"
"Nigeria",1994-01-01,8,0.809838731749723,0.0154644219829272,"instability_of_regime"
"Nigeria",1994-04-01,42,4.00342317724163,0.0770720758862572,"instability_of_regime"
"Nigeria",1994-07-01,12,1.09680038908954,0.0212546896975363,"instability_of_regime"
"Nigeria",1994-10-01,13,1.17333076489783,0.0231527563933753,"instability_of_regime"
"Nigeria",1995-01-01,8,0.71466070515002,0.0142661392549518,"instability_of_regime"
"Nigeria",1995-04-01,5,0.439227233175178,0.00876000217658155,"instability_of_regime"
"Nigeria",1995-07-01,3,0.256461938406076,0.00506253195755077,"instability_of_regime"
"Nigeria",1995-10-01,4,0.327285808653301,0.00647137703272068,"instability_of_regime"
"Nigeria",1996-01-01,5,0.386141072573624,0.00791928742219886,"instability_of_regime"
"Nigeria",1996-04-01,17,1.21929552671708,0.026549657147088,"instability_of_regime"
"Nigeria",1996-07-01,8,0.527111548102441,0.0123950535564085,"instability_of_regime"
"Nigeria",1996-10-01,5,0.303051626631799,0.00768096575957102,"instability_of_regime"
"Nigeria",1997-01-01,17,0.97635575964393,0.025519653085426,"instability_of_regime"
"Nigeria",1997-04-01,14,0.776001632922111,0.0199707965650572,"instability_of_regime"
"Nigeria",1997-07-01,3,0.161793545632688,0.00392783221831991,"instability_of_regime"
"Nigeria",1997-10-01,7,0.357694442054102,0.00814020238495624,"instability_of_regime"
"Nigeria",1998-01-01,15,0.703067994808841,0.0152469914646118,"instability_of_regime"
"Nigeria",1998-04-01,35,1.4824700582731,0.031268720909528,"instability_of_regime"
"Nigeria",1998-07-01,73,2.82964560061528,0.0589864814834298,"instability_of_regime"
"Nigeria",1998-10-01,31,1.1207010402146,0.0231801650736419,"instability_of_regime"
"Nigeria",1999-01-01,18,0.612640228878346,0.012559037431838,"instability_of_regime"
"Nigeria",1999-04-01,59,1.8956777046862,0.0384303698654418,"instability_of_regime"
"Nigeria",1999-07-01,27,0.816622148017991,0.0162955143114003,"instability_of_regime"
"Nigeria",1999-10-01,31,0.87893812539715,0.0171633453957618,"instability_of_regime"
"Nigeria",2000-01-01,48,1.28175066391115,0.0244079975643022,"instability_of_regime"
"Nigeria",2000-04-01,26,0.67288124393178,0.0125612653664213,"instability_of_regime"
"Nigeria",2000-07-01,59,1.51887294612236,0.0281454487715799,"instability_of_regime"
"Nigeria",2000-10-01,18,0.468674526371336,0.0087455160507941,"instability_of_regime"
"Nigeria",2001-01-01,20,0.527712104485973,0.00994483039106732,"instability_of_regime"
"Nigeria",2001-04-01,19,0.505818724514634,0.00954421476869751,"instability_of_regime"
"Nigeria",2001-07-01,14,0.371072706227319,0.00701439578540602,"instability_of_regime"
"Nigeria",2001-10-01,34,0.876904230581698,0.0169290468536525,"instability_of_regime"
"Nigeria",2002-01-01,47,1.15712553623334,0.0232741035243249,"instability_of_regime"
"Nigeria",2002-04-01,36,0.847139090868469,0.0179339914249441,"instability_of_regime"
"Nigeria",2002-07-01,22,0.498625109059849,0.011102323131271,"instability_of_regime"
"Nigeria",2002-10-01,24,0.532744766338695,0.0122316046806574,"instability_of_regime"
"Nigeria",2003-01-01,12,0.269011960911899,0.00609355583927317,"instability_of_regime"
"Nigeria",2003-04-01,62,1.43616988971879,0.0310358765592319,"instability_of_regime"
"Nigeria",2003-07-01,30,0.726911624246875,0.01489044336021,"instability_of_regime"
"Nigeria",2003-10-01,20,0.507192503101559,0.0100044675553385,"instability_of_regime"
"Nigeria",2004-01-01,13,0.339616759570984,0.00658653186043157,"instability_of_regime"
"Nigeria",2004-04-01,14,0.371137214810976,0.00718420865268806,"instability_of_regime"
"Nigeria",2004-07-01,13,0.346805675959785,0.00676496241454751,"instability_of_regime"
"Nigeria",2004-10-01,20,0.539011665753579,0.0106169849813993,"instability_of_regime"
"Nigeria",2005-01-01,30,0.822702464062603,0.01618401478922,"instability_of_regime"
"Nigeria",2005-04-01,21,0.584654681089567,0.0113302272427207,"instability_of_regime"
"Nigeria",2005-07-01,14,0.390045054462508,0.00740320679155571,"instability_of_regime"
"Nigeria",2005-10-01,20,0.545281597981815,0.0102139848112995,"instability_of_regime"
"Nigeria",2006-01-01,24,0.628940935717165,0.0118678363222192,"instability_of_regime"
"Nigeria",2006-04-01,27,0.684871569391805,0.0132657080407879,"instability_of_regime"
"Nigeria",2006-07-01,19,0.475841701633829,0.00941687155123676,"instability_of_regime"
"Nigeria",2006-10-01,45,1.12834012911135,0.0226695505136152,"instability_of_regime"
"Nigeria",2007-01-01,40,1.01780704657421,0.0207858220241389,"instability_of_regime"
"Nigeria",2007-04-01,114,2.97280996346434,0.0624897570714617,"instability_of_regime"
"Nigeria",2007-07-01,43,1.15454103463852,0.0255157113326391,"instability_of_regime"
"Nigeria",2007-10-01,25,0.690529393519362,0.0161672703975808,"instability_of_regime"
"Nigeria",2008-01-01,23,0.656039180123924,0.0159755220003556,"instability_of_regime"
"Nigeria",2008-04-01,5,0.148825948346188,0.00361162445339912,"instability_of_regime"
"Nigeria",2008-07-01,5,0.155321307399071,0.003667333220169,"instability_of_regime"
"Nigeria",2008-10-01,15,0.483285384154294,0.0110336550271042,"instability_of_regime"
"Nigeria",2009-01-01,8,0.264692190033899,0.00576489440561063,"instability_of_regime"
"Nigeria",2009-04-01,12,0.399064895496183,0.00827492160474962,"instability_of_regime"
"Nigeria",2009-07-01,26,0.845288540047052,0.016959663432934,"instability_of_regime"
"Nigeria",2009-10-01,9,0.280093294012496,0.00555605694160698,"instability_of_regime"
"Nigeria",2010-01-01,55,1.6312737439946,0.0326126138320364,"instability_of_regime"
"Nigeria",2010-04-01,55,1.57842009184405,0.0321998925474132,"instability_of_regime"
"Nigeria",2010-07-01,33,0.925054845271827,0.0193928700391817,"instability_of_regime"
"Nigeria",2010-10-01,17,0.467018014796947,0.0100541851250563,"instability_of_regime"
"Nigeria",2011-01-01,29,0.788550763092429,0.0173154382689403,"instability_of_regime"
"Nigeria",2011-04-01,28,0.762174385664307,0.0167679104612496,"instability_of_regime"
"Nigeria",2011-07-01,22,0.598247405279432,0.0131680960043169,"instability_of_regime"
"Nigeria",2011-10-01,19,0.507084462573519,0.0113447628716365,"instability_of_regime"
"Nigeria",2012-01-01,34,0.882928154122107,0.0204112677007263,"instability_of_regime"
"Nigeria",2012-04-01,14,0.358976222164196,0.00867850358295663,"instability_of_regime"
"Nigeria",2012-07-01,17,0.433894948252368,0.0110289872137471,"instability_of_regime"
"Nigeria",2012-10-01,11,0.280794333486064,0.00743962388401075,"instability_of_regime"
"Nigeria",2013-01-01,9,0.23397115319309,0.00626845297043005,"instability_of_regime"
"Nigeria",2013-04-01,13,0.356640383556604,0.0091888378491735,"instability_of_regime"
"Nigeria",2013-07-01,5,0.144625333464277,0.0034725045816888,"instability_of_regime"
"Nigeria",2013-10-01,7,0.208210264154828,0.0045755514860789,"instability_of_regime"
"Nigeria",2014-01-01,20,0.594162493721395,0.0118907894133157,"instability_of_regime"
"Nigeria",2014-04-01,18,0.5214485728507,0.00967658838535068,"instability_of_regime"
"Nigeria",2014-07-01,7,0.197281788485225,0.00351689020012699,"instability_of_regime"
"Nigeria",2014-10-01,13,0.35510001304143,0.00625953634310549,"instability_of_regime"
"Nigeria",2015-01-01,33,0.885802184378967,0.015649593190865,"instability_of_regime"
"Nigeria",2015-04-01,61,1.66813518273597,0.0297826316546665,"instability_of_regime"
"Nigeria",2015-07-01,44,1.24488069092103,0.0226539050279305,"instability_of_regime"
"Nigeria",2015-10-01,14,0.410740267370249,0.00763936144675145,"instability_of_regime"
"Nigeria",2016-01-01,12,0.361869571517818,0.00684805627668958,"instability_of_regime"
"Nigeria",2016-04-01,13,0.400683276811286,0.00765990151661012,"instability_of_regime"
"Nigeria",2016-07-01,40,1.2569496745802,0.024412272186357,"instability_of_regime"
"Nigeria",2016-10-01,15,0.479687345872223,0.00951751655301729,"instability_of_regime"
"Nigeria",2017-01-01,17,0.553707495277159,0.0111851701697319,"instability_of_regime"
"Nigeria",2017-04-01,13,0.436788938282715,0.00890803428675683,"instability_of_regime"
"Nigeria",2017-07-01,13,0.450355491651605,0.00926475004698198,"instability_of_regime"
"Nigeria",2017-10-01,6,0.212385148399732,0.00441458084964302,"instability_of_regime"
"Nigeria",2018-01-01,10,0.358770053253661,0.00749870907661188,"instability_of_regime"
"Nigeria",2018-04-01,5,0.180913529343796,0.00381400309566396,"instability_of_regime"
"Nigeria",2018-07-01,16,0.582641030997544,0.0124546327120408,"instability_of_regime"
"Nigeria",2018-10-01,8,0.292968584708871,0.00635212038845575,"instability_of_regime"
"Nigeria",2019-01-01,23,0.852818020136086,0.0186096516850827,"instability_of_regime"
"Nigeria",2019-04-01,5,0.189475584350741,0.00417296513802664,"instability_of_regime"
"Nigeria",2019-07-01,9,0.347716169404638,0.00774472144223776,"instability_of_regime"
"Nigeria",2019-10-01,3,0.11737246084114,0.00266093084850117,"instability_of_regime"
"Nigeria",2020-01-01,6,0.234665226133175,0.00536894376266479,"instability_of_regime"
"Nigeria",2020-04-01,8,0.30778088142378,0.00705841513228305,"instability_of_regime"
"Nigeria",2020-07-01,6,0.2233957932376,0.0051197572648992,"instability_of_regime"
"Nigeria",2020-10-01,26,0.925478182090936,0.0211344848712252,"instability_of_regime"
"Nigeria",2021-01-01,12,0.404840298499996,0.00932365812364638,"instability_of_regime"
"Nigeria",2021-04-01,23,0.735033763801152,0.0171950494811231,"instability_of_regime"
"Nigeria",2021-07-01,8,0.242891099249715,0.00581049761724875,"instability_of_regime"
"Nigeria",2021-10-01,33,0.954265451557516,0.0238022175198539,"instability_of_regime"
"Nigeria",2022-01-01,18,0.50335108981491,0.0131488764860183,"instability_of_regime"
"Nigeria",2022-04-01,18,0.502655064394565,0.0135212579072384,"instability_of_regime"
"Nigeria",2022-07-01,7,0.19778510920959,0.00548370855724947,"instability_of_regime"
"Nigeria",2022-10-01,7,0.19984482367,0.00569145066773457,"instability_of_regime"
"Nigeria",2023-01-01,53,1.53016914162223,0.0443786295739455,"instability_of_regime"
"Nigeria",2023-04-01,14,0.407785805234274,0.0120503743927995,"instability_of_regime"
"Nigeria",2023-07-01,31,0.912955770144751,0.0275122255613162,"instability_of_regime"
"Nigeria",2023-10-01,5,0.153518127957905,0.00471151566118119,"instability_of_regime"
"Nigeria",2024-01-01,4,0.130680116150578,0.00406379959449232,"instability_of_regime"
"Nigeria",2024-04-01,5,0.179200335062259,0.00556917593651625,"instability_of_regime"
"Nigeria",2024-07-01,12,0.480694220516105,0.0147927318918067,"instability_of_regime"
"Nigeria",2024-10-01,4,0.182881374561299,0.00553375954549108,"instability_of_regime"
"Nigeria",1990-01-01,7,11.0966712058797,0.038315104501819,"instability_within_regime"
"Nigeria",1990-04-01,15,21.5770344592599,0.0746674692435155,"instability_within_regime"
"Nigeria",1990-07-01,16,21.1381046682086,0.0735915504606125,"instability_within_regime"
"Nigeria",1990-10-01,19,22.9768521895866,0.0819270460077084,"instability_within_regime"
"Nigeria",1991-01-01,15,16.6593682124534,0.0608562250096025,"instability_within_regime"
"Nigeria",1991-04-01,43,44.2482352066411,0.164541984295151,"instability_within_regime"
"Nigeria",1991-07-01,35,34.0363827461677,0.128195533646072,"instability_within_regime"
"Nigeria",1991-10-01,72,68.1208982553368,0.255159513963264,"instability_within_regime"
"Nigeria",1992-01-01,50,47.4168819069976,0.173235529997794,"instability_within_regime"
"Nigeria",1992-04-01,49,47.2853696764196,0.165612367066015,"instability_within_regime"
"Nigeria",1992-07-01,79,76.8505049474304,0.256025541474844,"instability_within_regime"
"Nigeria",1992-10-01,80,76.4094406075237,0.239552442373446,"instability_within_regime"
"Nigeria",1993-01-01,56,51.3849688038094,0.150354771733012,"instability_within_regime"
"Nigeria",1993-04-01,172,149.232274676652,0.410542614810277,"instability_within_regime"
"Nigeria",1993-07-01,347,280.551191938734,0.750542043743851,"instability_within_regime"
"Nigeria",1993-10-01,150,112.883360698009,0.305224465625059,"instability_within_regime"
"Nigeria",1994-01-01,31,21.7613700621367,0.0599246351838431,"instability_within_regime"
"Nigeria",1994-04-01,136,89.8953237735714,0.249566721917404,"instability_within_regime"
"Nigeria",1994-07-01,96,60.8462148595091,0.170037517580291,"instability_within_regime"
"Nigeria",1994-10-01,43,26.91296491292,0.0765821942242414,"instability_within_regime"
"Nigeria",1995-01-01,46,28.4959888424287,0.0820303007159728,"instability_within_regime"
"Nigeria",1995-04-01,42,25.5849474627875,0.073584018283285,"instability_within_regime"
"Nigeria",1995-07-01,20,11.8562581082597,0.0337502130503384,"instability_within_regime"
"Nigeria",1995-10-01,51,28.9369892537546,0.0825100571671887,"instability_within_regime"
"Nigeria",1996-01-01,97,51.947387634448,0.153634175990658,"instability_within_regime"
"Nigeria",1996-04-01,73,36.3077137718332,0.114007351278672,"instability_within_regime"
"Nigeria",1996-07-01,54,24.6730186847632,0.0836666115057572,"instability_within_regime"
"Nigeria",1996-10-01,67,28.1603080710113,0.102924941178252,"instability_within_regime"
"Nigeria",1997-01-01,92,36.6406342215734,0.13810635787407,"instability_within_regime"
"Nigeria",1997-04-01,78,29.9809359073993,0.111265866576747,"instability_within_regime"
"Nigeria",1997-07-01,58,21.6912168045749,0.075938089554185,"instability_within_regime"
"Nigeria",1997-10-01,83,29.4108941565971,0.0965195425644812,"instability_within_regime"
"Nigeria",1998-01-01,107,34.7780983117087,0.108761872447564,"instability_within_regime"
"Nigeria",1998-04-01,191,56.1005652828306,0.170637876963424,"instability_within_regime"
"Nigeria",1998-07-01,209,56.1786702827259,0.168879104521053,"instability_within_regime"
"Nigeria",1998-10-01,146,36.6013345493506,0.109171100024249,"instability_within_regime"
"Nigeria",1999-01-01,362,85.4392761909361,0.252576197240297,"instability_within_regime"
"Nigeria",1999-04-01,223,49.6859202061555,0.145253770847348,"instability_within_regime"
"Nigeria",1999-07-01,99,20.7638827936751,0.0597502191418012,"instability_within_regime"
"Nigeria",1999-10-01,108,21.2342217603798,0.0597948807336218,"instability_within_regime"
"Nigeria",2000-01-01,221,40.9232928232323,0.112378488785641,"instability_within_regime"
"Nigeria",2000-04-01,193,34.6368483151034,0.0932432390661272,"instability_within_regime"
"Nigeria",2000-07-01,182,32.4905308213333,0.0868215538377549,"instability_within_regime"
"Nigeria",2000-10-01,126,22.7502080712571,0.0612186123555587,"instability_within_regime"
"Nigeria",2001-01-01,119,21.7735882318362,0.0591717408268506,"instability_within_regime"
"Nigeria",2001-04-01,103,19.0149203123222,0.0517396905882023,"instability_within_regime"
"Nigeria",2001-07-01,164,30.1433008257619,0.0821686363433277,"instability_within_regime"
"Nigeria",2001-10-01,222,39.7047262958375,0.110536717691496,"instability_within_regime"
"Nigeria",2002-01-01,272,46.4373585186115,0.13469268422588,"instability_within_regime"
"Nigeria",2002-04-01,209,34.1047202668012,0.10411678355037,"instability_within_regime"
"Nigeria",2002-07-01,333,52.3373441705334,0.168048800123329,"instability_within_regime"
"Nigeria",2002-10-01,229,35.2500239486679,0.116709894661273,"instability_within_regime"
"Nigeria",2003-01-01,350,54.4094545720483,0.177728711978801,"instability_within_regime"
"Nigeria",2003-04-01,624,100.233916751955,0.312361080209043,"instability_within_regime"
"Nigeria",2003-07-01,173,29.068488240547,0.0858682233772111,"instability_within_regime"
"Nigeria",2003-10-01,124,21.80622550149,0.0620276988430985,"instability_within_regime"
"Nigeria",2004-01-01,146,26.4493254926986,0.0739718193556161,"instability_within_regime"
"Nigeria",2004-04-01,183,33.641359822526,0.0939078702458511,"instability_within_regime"
"Nigeria",2004-07-01,56,10.3596922737896,0.0291413765549739,"instability_within_regime"
"Nigeria",2004-10-01,151,28.2202658114868,0.0801582366095649,"instability_within_regime"
"Nigeria",2005-01-01,106,20.1578120911452,0.0571835189219106,"instability_within_regime"
"Nigeria",2005-04-01,139,26.8355759486507,0.0749953136541989,"instability_within_regime"
"Nigeria",2005-07-01,118,22.7973691225442,0.0623984572431125,"instability_within_regime"
"Nigeria",2005-10-01,154,29.1157210918127,0.0786476830470064,"instability_within_regime"
"Nigeria",2006-01-01,158,28.7125451777357,0.0781299224546096,"instability_within_regime"
"Nigeria",2006-04-01,170,29.9026914132485,0.0835248284049611,"instability_within_regime"
"Nigeria",2006-07-01,192,33.344646027411,0.0951599651493399,"instability_within_regime"
"Nigeria",2006-10-01,252,43.8171417784182,0.126949482876245,"instability_within_regime"
"Nigeria",2007-01-01,253,44.6418277055251,0.131470324302678,"instability_within_regime"
"Nigeria",2007-04-01,514,92.9482889387142,0.281752062585362,"instability_within_regime"
"Nigeria",2007-07-01,111,20.6671161507398,0.0658661385563476,"instability_within_regime"
"Nigeria",2007-10-01,94,18.0047045237545,0.0607889366949037,"instability_within_regime"
"Nigeria",2008-01-01,84,16.6148800807191,0.058345384696951,"instability_within_regime"
"Nigeria",2008-04-01,46,9.49472673222541,0.0332269449712719,"instability_within_regime"
"Nigeria",2008-07-01,39,8.40120580997978,0.0286051991173182,"instability_within_regime"
"Nigeria",2008-10-01,111,24.7999819466589,0.081649047200571,"instability_within_regime"
"Nigeria",2009-01-01,41,9.40699646519146,0.0295450838287545,"instability_within_regime"
"Nigeria",2009-04-01,40,9.224402717133,0.0275830720158321,"instability_within_regime"
"Nigeria",2009-07-01,73,16.4577506121863,0.0476175165616992,"instability_within_regime"
"Nigeria",2009-10-01,68,14.6752361384435,0.0419790968921416,"instability_within_regime"
"Nigeria",2010-01-01,233,47.9221243201998,0.138158891324809,"instability_within_regime"
"Nigeria",2010-04-01,170,33.8317775180578,0.0995269406010952,"instability_within_regime"
"Nigeria",2010-07-01,215,41.7934271929004,0.126347486618911,"instability_within_regime"
"Nigeria",2010-10-01,285,54.2932145614487,0.168555456508297,"instability_within_regime"
"Nigeria",2011-01-01,457,86.1715376037128,0.272867423755369,"instability_within_regime"
"Nigeria",2011-04-01,650,122.694659163798,0.389255064279007,"instability_within_regime"
"Nigeria",2011-07-01,100,18.8570662420339,0.059854981837804,"instability_within_regime"
"Nigeria",2011-10-01,104,19.2475752336988,0.0620976494026418,"instability_within_regime"
"Nigeria",2012-01-01,142,25.5711804328349,0.0852470592206803,"instability_within_regime"
"Nigeria",2012-04-01,143,25.4266806443518,0.0886447151687713,"instability_within_regime"
"Nigeria",2012-07-01,76,13.4513306560345,0.049306060484987,"instability_within_regime"
"Nigeria",2012-10-01,94,16.639470099477,0.0635749677360919,"instability_within_regime"
"Nigeria",2013-01-01,66,11.8981578292812,0.045968655116487,"instability_within_regime"
"Nigeria",2013-04-01,43,8.18034472148608,0.0303938482703431,"instability_within_regime"
"Nigeria",2013-07-01,84,16.8488257511841,0.0583380769723718,"instability_within_regime"
"Nigeria",2013-10-01,85,17.5323044934216,0.0555602680452438,"instability_within_regime"
"Nigeria",2014-01-01,142,29.2536166687487,0.0844246048345412,"instability_within_regime"
"Nigeria",2014-04-01,162,32.543928452852,0.0870892954681561,"instability_within_regime"
"Nigeria",2014-07-01,109,21.3025423904114,0.0547630045448345,"instability_within_regime"
"Nigeria",2014-10-01,213,40.3462265872725,0.102560095467805,"instability_within_regime"
"Nigeria",2015-01-01,1091,203.078310410882,0.517385035491932,"instability_within_regime"
"Nigeria",2015-04-01,357,67.6995227508357,0.174301631159278,"instability_within_regime"
"Nigeria",2015-07-01,148,29.0370674561638,0.0761994987303116,"instability_within_regime"
"Nigeria",2015-10-01,82,16.6828053273886,0.0447448313309728,"instability_within_regime"
"Nigeria",2016-01-01,125,26.1394723673822,0.0713339195488498,"instability_within_regime"
"Nigeria",2016-04-01,115,24.5794232856176,0.0677606672623203,"instability_within_regime"
"Nigeria",2016-07-01,52,11.3312344646138,0.0317359538422641,"instability_within_regime"
"Nigeria",2016-10-01,91,20.1801494893912,0.0577396004216382,"instability_within_regime"
"Nigeria",2017-01-01,111,25.0709299615873,0.0730325816964845,"instability_within_regime"
"Nigeria",2017-04-01,78,18.1735121436284,0.053448205720541,"instability_within_regime"
"Nigeria",2017-07-01,66,15.8552111470668,0.047036423315447,"instability_within_regime"
"Nigeria",2017-10-01,58,14.236947098215,0.0426742815465492,"instability_within_regime"
"Nigeria",2018-01-01,110,27.3668526639403,0.0824857998427306,"instability_within_regime"
"Nigeria",2018-04-01,147,36.8836897598025,0.11213169101252,"instability_within_regime"
"Nigeria",2018-07-01,163,41.1608818794342,0.126881570753915,"instability_within_regime"
"Nigeria",2018-10-01,152,38.6002962529164,0.120690287380659,"instability_within_regime"
"Nigeria",2019-01-01,606,155.817825914065,0.490323866137397,"instability_within_regime"
"Nigeria",2019-04-01,68,17.8693249858626,0.0567523258771623,"instability_within_regime"
"Nigeria",2019-07-01,47,12.5920436049531,0.040444656420575,"instability_within_regime"
"Nigeria",2019-10-01,33,8.95312976518842,0.0292702393335129,"instability_within_regime"
"Nigeria",2020-01-01,54,14.6456021308107,0.0483204938639831,"instability_within_regime"
"Nigeria",2020-04-01,33,8.80403125725801,0.0291159624206676,"instability_within_regime"
"Nigeria",2020-07-01,34,8.77846619727644,0.0290119578344288,"instability_within_regime"
"Nigeria",2020-10-01,59,14.5633347534721,0.0479590233616264,"instability_within_regime"
"Nigeria",2021-01-01,37,8.65605880713133,0.028747945881243,"instability_within_regime"
"Nigeria",2021-04-01,84,18.6155007366006,0.0627993111484495,"instability_within_regime"
"Nigeria",2021-07-01,68,14.3168181917049,0.0493892297466144,"instability_within_regime"
"Nigeria",2021-10-01,51,10.226839045284,0.036785245257956,"instability_within_regime"
"Nigeria",2022-01-01,65,12.6045646060141,0.0474820539772882,"instability_within_regime"
"Nigeria",2022-04-01,170,32.9201998220889,0.127700769123918,"instability_within_regime"
"Nigeria",2022-07-01,57,11.1682825029939,0.0446530553947457,"instability_within_regime"
"Nigeria",2022-10-01,105,20.7873987382052,0.0853717600160185,"instability_within_regime"
"Nigeria",2023-01-01,404,80.8836830702242,0.338282383922151,"instability_within_regime"
"Nigeria",2023-04-01,101,20.4005288591273,0.0869348438337676,"instability_within_regime"
"Nigeria",2023-07-01,154,31.4502968280776,0.136673636659442,"instability_within_regime"
"Nigeria",2023-10-01,48,10.2199055632833,0.0452305503473394,"instability_within_regime"
"Nigeria",2024-01-01,37,8.38237775127639,0.0375901462490539,"instability_within_regime"
"Nigeria",2024-04-01,22,5.46773524992087,0.0245043741206715,"instability_within_regime"
"Nigeria",2024-07-01,45,12.5001766989962,0.055472744594275,"instability_within_regime"
"Nigeria",2024-10-01,29,9.19440156655041,0.0401197567048103,"instability_within_regime"
"Nigeria",1990-01-01,6,3.7545639219019,0.0328415181444163,"mass_civil_protest"
"Nigeria",1990-04-01,12,6.81389310764498,0.0597339753948124,"mass_civil_protest"
"Nigeria",1990-07-01,4,2.08602556660614,0.0183978876151531,"mass_civil_protest"
"Nigeria",1990-10-01,8,3.81891938383329,0.0344955983190351,"mass_civil_protest"
"Nigeria",1991-01-01,7,3.06887276062043,0.0283995716711479,"mass_civil_protest"
"Nigeria",1991-04-01,18,7.31161942062656,0.0688780399375051,"mass_civil_protest"
"Nigeria",1991-07-01,8,3.07099362970746,0.0293018362619592,"mass_civil_protest"
"Nigeria",1991-10-01,11,4.10822412816468,0.0389827035221653,"mass_civil_protest"
"Nigeria",1992-01-01,8,2.99479120193415,0.0277176847996471,"mass_civil_protest"
"Nigeria",1992-04-01,34,12.9515933431922,0.114914703678459,"mass_civil_protest"
"Nigeria",1992-07-01,2,0.768003508323775,0.00648165927784416,"mass_civil_protest"
"Nigeria",1992-10-01,14,5.27835557621984,0.041921677415353,"mass_civil_protest"
"Nigeria",1993-01-01,6,2.17326604550349,0.0161094398285369,"mass_civil_protest"
"Nigeria",1993-04-01,27,9.24722979866709,0.0644456430225435,"mass_civil_protest"
"Nigeria",1993-07-01,146,46.5960468598026,0.315790024168883,"mass_civil_protest"
"Nigeria",1993-10-01,31,9.20903109634463,0.0630797228958456,"mass_civil_protest"
"Nigeria",1994-01-01,8,2.21680811066216,0.0154644219829272,"mass_civil_protest"
"Nigeria",1994-04-01,30,7.82767924895311,0.055051482775898,"mass_civil_protest"
"Nigeria",1994-07-01,56,14.0108322977713,0.0991885519218362,"mass_civil_protest"
"Nigeria",1994-10-01,2,0.49412480898325,0.00356196252205774,"mass_civil_protest"
"Nigeria",1995-01-01,11,2.68987537885735,0.0196159414755587,"mass_civil_protest"
"Nigeria",1995-04-01,5,1.20231652890041,0.00876000217658155,"mass_civil_protest"
"Nigeria",1995-07-01,1,0.234008279609934,0.00168751065251692,"mass_civil_protest"
"Nigeria",1995-10-01,16,3.58357686133236,0.0258855081308827,"mass_civil_protest"
"Nigeria",1996-01-01,13,2.74820360246045,0.020590147297717,"mass_civil_protest"
"Nigeria",1996-04-01,13,2.55230734003833,0.020302678994832,"mass_civil_protest"
"Nigeria",1996-07-01,21,3.78757635535397,0.0325370155855723,"mass_civil_protest"
"Nigeria",1996-10-01,4,0.663645516104411,0.00614477260765681,"mass_civil_protest"
"Nigeria",1997-01-01,12,1.8865571904616,0.018013872766183,"mass_civil_protest"
"Nigeria",1997-04-01,16,2.42763919186313,0.0228237675029226,"mass_civil_protest"
"Nigeria",1997-07-01,13,1.91916735680336,0.0170206062793863,"mass_civil_protest"
"Nigeria",1997-10-01,11,1.53863779137538,0.0127917466049312,"mass_civil_protest"
"Nigeria",1998-01-01,18,2.30944770429314,0.0182963897575341,"mass_civil_protest"
"Nigeria",1998-04-01,49,5.6812450778323,0.0437762092733392,"mass_civil_protest"
"Nigeria",1998-07-01,20,2.12211414033778,0.0161606798584739,"mass_civil_protest"
"Nigeria",1998-10-01,13,1.2864739351611,0.00972071438572079,"mass_civil_protest"
"Nigeria",1999-01-01,27,2.51551162296438,0.018838556147757,"mass_civil_protest"
"Nigeria",1999-04-01,18,1.58312261842562,0.0117245196199653,"mass_civil_protest"
"Nigeria",1999-07-01,22,1.82141802102535,0.0132778264759558,"mass_civil_protest"
"Nigeria",1999-10-01,33,2.56118003176675,0.01827065800194,"mass_civil_protest"
"Nigeria",2000-01-01,184,13.4496101081164,0.0935639906631585,"mass_civil_protest"
"Nigeria",2000-04-01,178,12.6099868939381,0.0859963552008841,"mass_civil_protest"
"Nigeria",2000-07-01,108,7.61066749767711,0.0515204824971293,"mass_civil_protest"
"Nigeria",2000-10-01,74,5.27424283814721,0.0359537882088202,"mass_civil_protest"
"Nigeria",2001-01-01,74,5.34476159460641,0.0367958724469491,"mass_civil_protest"
"Nigeria",2001-04-01,56,4.08092756429648,0.0281303172130032,"mass_civil_protest"
"Nigeria",2001-07-01,63,4.57089329828367,0.0315647810343271,"mass_civil_protest"
"Nigeria",2001-10-01,139,9.81335718581228,0.0692099268428735,"mass_civil_protest"
"Nigeria",2002-01-01,145,9.77192624285749,0.0718030853410024,"mass_civil_protest"
"Nigeria",2002-04-01,51,3.28512542845604,0.0254064878520041,"mass_civil_protest"
"Nigeria",2002-07-01,157,9.74048706407869,0.079230215073161,"mass_civil_protest"
"Nigeria",2002-10-01,183,11.1195854851294,0.093265985690013,"mass_civil_protest"
"Nigeria",2003-01-01,99,6.07512330027847,0.0502718356740036,"mass_civil_protest"
"Nigeria",2003-04-01,204,12.9352210018148,0.102118045452956,"mass_civil_protest"
"Nigeria",2003-07-01,275,18.2399066351953,0.136495730801925,"mass_civil_protest"
"Nigeria",2003-10-01,127,8.816091903779,0.0635283689763992,"mass_civil_protest"
"Nigeria",2004-01-01,62,4.43370719970783,0.031412690411289,"mass_civil_protest"
"Nigeria",2004-04-01,160,11.6106359833458,0.0821052417450064,"mass_civil_protest"
"Nigeria",2004-07-01,55,4.01638273848431,0.0286209948307779,"mass_civil_protest"
"Nigeria",2004-10-01,270,19.9187229565231,0.143329297248891,"mass_civil_protest"
"Nigeria",2005-01-01,48,3.60323293711638,0.025894423662752,"mass_civil_protest"
"Nigeria",2005-04-01,52,3.96289931295427,0.0280558007914989,"mass_civil_protest"
"Nigeria",2005-07-01,85,6.48239101197166,0.0449480412344454,"mass_civil_protest"
"Nigeria",2005-10-01,70,5.22418374873515,0.0357489468395483,"mass_civil_protest"
"Nigeria",2006-01-01,116,8.32120397764745,0.057361208890726,"mass_civil_protest"
"Nigeria",2006-04-01,21,1.45812322213364,0.0103177729206128,"mass_civil_protest"
"Nigeria",2006-07-01,21,1.43965275181038,0.0104081211882091,"mass_civil_protest"
"Nigeria",2006-10-01,41,2.81410912845735,0.0206544793568494,"mass_civil_protest"
"Nigeria",2007-01-01,35,2.43782801938532,0.0181875942711215,"mass_civil_protest"
"Nigeria",2007-04-01,88,6.28166145436216,0.0482377072130582,"mass_civil_protest"
"Nigeria",2007-07-01,25,1.83742865216293,0.0148347158910693,"mass_civil_protest"
"Nigeria",2007-10-01,13,0.982912982670555,0.008406980606742,"mass_civil_protest"
"Nigeria",2008-01-01,5,0.390392534043732,0.0034729395652947,"mass_civil_protest"
"Nigeria",2008-04-01,13,1.05920876186152,0.00939022357883771,"mass_civil_protest"
"Nigeria",2008-07-01,11,0.935369654604403,0.0080681330843718,"mass_civil_protest"
"Nigeria",2008-10-01,33,2.91042156688968,0.0242740410596292,"mass_civil_protest"
"Nigeria",2009-01-01,8,0.724553878064474,0.00576489440561063,"mass_civil_protest"
"Nigeria",2009-04-01,18,1.63856752400282,0.0124123824071244,"mass_civil_protest"
"Nigeria",2009-07-01,109,9.70035635861184,0.0711001274688385,"mass_civil_protest"
"Nigeria",2009-10-01,18,1.53342403015832,0.011112113883214,"mass_civil_protest"
"Nigeria",2010-01-01,67,5.43961944183291,0.0397280932135716,"mass_civil_protest"
"Nigeria",2010-04-01,11,0.864136111166727,0.00643997850948263,"mass_civil_protest"
"Nigeria",2010-07-01,39,2.99259335608468,0.022918846409942,"mass_civil_protest"
"Nigeria",2010-10-01,108,8.12153322873248,0.0638736466768282,"mass_civil_protest"
"Nigeria",2011-01-01,103,7.66652296920789,0.06149966005865,"mass_civil_protest"
"Nigeria",2011-04-01,159,11.8473986013956,0.0952177772620957,"mass_civil_protest"
"Nigeria",2011-07-01,114,8.48579531927509,0.0682346792950965,"mass_civil_protest"
"Nigeria",2011-10-01,90,6.57504561559929,0.0537383504445939,"mass_civil_protest"
"Nigeria",2012-01-01,229,16.2783914859366,0.137475891278421,"mass_civil_protest"
"Nigeria",2012-04-01,53,3.72000115493738,0.0328543349926215,"mass_civil_protest"
"Nigeria",2012-07-01,39,2.72476992730009,0.0253017941962433,"mass_civil_protest"
"Nigeria",2012-10-01,62,4.33228382984906,0.0419324255280606,"mass_civil_protest"
"Nigeria",2013-01-01,34,2.41951479016062,0.0236808223327357,"mass_civil_protest"
"Nigeria",2013-04-01,42,3.15403141222097,0.0296870145896375,"mass_civil_protest"
"Nigeria",2013-07-01,59,4.67149554103194,0.0409755540639278,"mass_civil_protest"
"Nigeria",2013-10-01,82,6.67647928000817,0.0535993174083528,"mass_civil_protest"
"Nigeria",2014-01-01,127,10.3278165950679,0.0755065127745544,"mass_civil_protest"
"Nigeria",2014-04-01,263,20.855676638028,0.141385708074846,"mass_civil_protest"
"Nigeria",2014-07-01,109,8.40901277718486,0.0547630045448345,"mass_civil_protest"
"Nigeria",2014-10-01,106,7.92579361443251,0.0510392963360909,"mass_civil_protest"
"Nigeria",2015-01-01,180,13.2258888980902,0.0853614174047185,"mass_civil_protest"
"Nigeria",2015-04-01,99,7.41081820653782,0.0483357464559341,"mass_civil_protest"
"Nigeria",2015-07-01,55,4.25958512517359,0.0283173812849131,"mass_civil_protest"
"Nigeria",2015-10-01,64,5.13983027066358,0.0349227951851495,"mass_civil_protest"
"Nigeria",2016-01-01,34,2.80659207913297,0.0194028261172872,"mass_civil_protest"
"Nigeria",2016-04-01,37,3.1216854961068,0.0218012581626596,"mass_civil_protest"
"Nigeria",2016-07-01,51,4.38689896911472,0.0311256470376052,"mass_civil_protest"
"Nigeria",2016-10-01,61,5.3398172739451,0.0387045673156036,"mass_civil_protest"
"Nigeria",2017-01-01,55,4.9036981437544,0.0361873152550148,"mass_civil_protest"
"Nigeria",2017-04-01,24,2.20733921398954,0.0164456017601665,"mass_civil_protest"
"Nigeria",2017-07-01,21,1.99141128266247,0.0149661346912786,"mass_civil_protest"
"Nigeria",2017-10-01,8,0.775161936318645,0.00588610779952402,"mass_civil_protest"
"Nigeria",2018-01-01,17,1.66953168038158,0.0127478054302402,"mass_civil_protest"
"Nigeria",2018-04-01,20,1.98089107598666,0.0152560123826558,"mass_civil_protest"
"Nigeria",2018-07-01,17,1.69457018973381,0.0132330472565433,"mass_civil_protest"
"Nigeria",2018-10-01,37,3.70904709847287,0.0293785567966078,"mass_civil_protest"
"Nigeria",2019-01-01,42,4.26292194671672,0.0339828422075424,"mass_civil_protest"
"Nigeria",2019-04-01,36,3.73435249389269,0.0300453489937918,"mass_civil_protest"
"Nigeria",2019-07-01,63,6.66273414727167,0.0542130500956643,"mass_civil_protest"
"Nigeria",2019-10-01,20,2.14192622934404,0.0177395389900078,"mass_civil_protest"
"Nigeria",2020-01-01,17,1.82001919130934,0.0152120073275503,"mass_civil_protest"
"Nigeria",2020-04-01,27,2.84344592979436,0.0238221510714553,"mass_civil_protest"
"Nigeria",2020-07-01,12,1.22302277458857,0.0102395145297984,"mass_civil_protest"
"Nigeria",2020-10-01,171,16.6616691047063,0.138999881268443,"mass_civil_protest"
"Nigeria",2021-01-01,29,2.67812008320689,0.0225321737988121,"mass_civil_protest"
"Nigeria",2021-04-01,31,2.71188147687116,0.0231759362571659,"mass_civil_protest"
"Nigeria",2021-07-01,29,2.41017828515236,0.0210630538625267,"mass_civil_protest"
"Nigeria",2021-10-01,45,3.56202803068106,0.0324575693452553,"mass_civil_protest"
"Nigeria",2022-01-01,33,2.52605036890417,0.0241062735577002,"mass_civil_protest"
"Nigeria",2022-04-01,42,3.21052758592828,0.0315496017835563,"mass_civil_protest"
"Nigeria",2022-07-01,28,2.16562442409594,0.0219348342289979,"mass_civil_protest"
"Nigeria",2022-10-01,13,1.01593933141449,0.0105698369543642,"mass_civil_protest"
"Nigeria",2023-01-01,28,2.21284583884196,0.0234453137371788,"mass_civil_protest"
"Nigeria",2023-04-01,5,0.398660888985669,0.00430370514028553,"mass_civil_protest"
"Nigeria",2023-07-01,30,2.41845971014423,0.0266247344141769,"mass_civil_protest"
"Nigeria",2023-10-01,7,0.58832494049482,0.00659612192565366,"mass_civil_protest"
"Nigeria",2024-01-01,18,1.60972460951004,0.0182870981752154,"mass_civil_protest"
"Nigeria",2024-04-01,6,0.588639797962385,0.0066830111238195,"mass_civil_protest"
"Nigeria",2024-07-01,51,5.5922604356874,0.0628691105401784,"mass_civil_protest"
"Nigeria",2024-10-01,6,0.750914160787182,0.00830063931823661,"mass_civil_protest"
"Nigeria",1990-01-01,13,78.0257099113759,0.0711566226462353,"political_violence"
"Nigeria",1990-04-01,73,397.57864988966,0.363381683651776,"political_violence"
"Nigeria",1990-07-01,80,400.16190948078,0.367957752303063,"political_violence"
"Nigeria",1990-10-01,57,260.982558002118,0.245781138023125,"political_violence"
"Nigeria",1991-01-01,79,332.195739238334,0.32050945171724,"political_violence"
"Nigeria",1991-04-01,158,615.579691649584,0.604596128340323,"political_violence"
"Nigeria",1991-07-01,79,290.872152014314,0.289355633086847,"political_violence"
"Nigeria",1991-10-01,125,447.77266821371,0.442985267297333,"political_violence"
"Nigeria",1992-01-01,91,326.741334212431,0.315288664595986,"political_violence"
"Nigeria",1992-04-01,247,902.458750408497,0.834821523781748,"political_violence"
"Nigeria",1992-07-01,95,349.89919051525,0.307878815697598,"political_violence"
"Nigeria",1992-10-01,190,687.084786668659,0.568937050636933,"political_violence"
"Nigeria",1993-01-01,114,396.052373122947,0.306079356742202,"political_violence"
"Nigeria",1993-04-01,177,581.443174309514,0.422476993147785,"political_violence"
"Nigeria",1993-07-01,391,1196.90339581001,0.84571164006872,"political_violence"
"Nigeria",1993-10-01,122,347.614753463503,0.248249232041715,"political_violence"
"Nigeria",1994-01-01,87,231.229633885706,0.168175589064334,"political_violence"
"Nigeria",1994-04-01,142,355.374478449598,0.260577018472584,"political_violence"
"Nigeria",1994-07-01,109,261.570359907035,0.193063431419288,"political_violence"
"Nigeria",1994-10-01,48,113.745447946505,0.0854871005293858,"political_violence"
"Nigeria",1995-01-01,83,194.672089841576,0.148011194770125,"political_violence"
"Nigeria",1995-04-01,79,182.205729262659,0.138408034389988,"political_violence"
"Nigeria",1995-07-01,29,65.0901610114449,0.0489378089229907,"political_violence"
"Nigeria",1995-10-01,69,148.228582676111,0.111631253814432,"political_violence"
"Nigeria",1996-01-01,160,324.423017275563,0.253417197510363,"political_violence"
"Nigeria",1996-04-01,114,214.674565546758,0.178038877339296,"political_violence"
"Nigeria",1996-07-01,89,153.963662232445,0.137894970815044,"political_violence"
"Nigeria",1996-10-01,63,100.254262550878,0.0967801685705948,"political_violence"
"Nigeria",1997-01-01,106,159.838250976498,0.15912254276795,"political_violence"
"Nigeria",1997-04-01,156,227.025625031926,0.222531733153495,"political_violence"
"Nigeria",1997-07-01,94,133.101660516044,0.123072076174024,"political_violence"
"Nigeria",1997-10-01,115,154.286410269704,0.133731896324281,"political_violence"
"Nigeria",1998-01-01,111,136.598122547948,0.112827736838127,"political_violence"
"Nigeria",1998-04-01,191,212.406075936336,0.170637876963424,"political_violence"
"Nigeria",1998-07-01,208,211.684082528273,0.168071070528129,"political_violence"
"Nigeria",1998-10-01,151,143.324590864029,0.112909836326449,"political_violence"
"Nigeria",1999-01-01,297,265.402578359731,0.207224117625327,"political_violence"
"Nigeria",1999-04-01,281,237.047016052993,0.183032778511681,"political_violence"
"Nigeria",1999-07-01,205,162.789704029258,0.123725201253225,"political_violence"
"Nigeria",1999-10-01,293,218.112176668659,0.162221296805104,"political_violence"
"Nigeria",2000-01-01,845,592.426811036477,0.42968245712157,"political_violence"
"Nigeria",2000-04-01,664,451.178957519304,0.320795392434759,"political_violence"
"Nigeria",2000-07-01,405,273.741183387855,0.193201809364235,"political_violence"
"Nigeria",2000-10-01,616,421.109693412405,0.299290993738287,"political_violence"
"Nigeria",2001-01-01,335,232.074567400226,0.166575909050378,"political_violence"
"Nigeria",2001-04-01,428,299.158090426405,0.214995995842239,"political_violence"
"Nigeria",2001-07-01,730,508.006791310194,0.365750637381885,"political_violence"
"Nigeria",2001-10-01,1300,880.303204502005,0.647287085580831,"political_violence"
"Nigeria",2002-01-01,862,557.192892664615,0.426856962509959,"political_violence"
"Nigeria",2002-04-01,372,229.832183926013,0.185317911391089,"political_violence"
"Nigeria",2002-07-01,539,320.742057564571,0.272006916716139,"political_violence"
"Nigeria",2002-10-01,776,452.257058432851,0.395488551341257,"political_violence"
"Nigeria",2003-01-01,748,440.258372928961,0.379831647314694,"political_violence"
"Nigeria",2003-04-01,864,525.464707697672,0.432499957212521,"political_violence"
"Nigeria",2003-07-01,786,500.032908512847,0.390129616037502,"political_violence"
"Nigeria",2003-10-01,354,235.701189420021,0.177079075729491,"political_violence"
"Nigeria",2004-01-01,515,353.239021298348,0.260927992932481,"political_violence"
"Nigeria",2004-04-01,655,455.893553113348,0.33611833339362,"political_violence"
"Nigeria",2004-07-01,305,213.62809411687,0.158716425879769,"political_violence"
"Nigeria",2004-10-01,553,391.29922028525,0.293559634735691,"political_violence"
"Nigeria",2005-01-01,291,209.522281515496,0.156984943455434,"political_violence"
"Nigeria",2005-04-01,310,226.598751434289,0.167255735487782,"political_violence"
"Nigeria",2005-07-01,337,246.508740696322,0.178205763482448,"political_violence"
"Nigeria",2005-10-01,475,340.016613572688,0.242582139268364,"political_violence"
"Nigeria",2006-01-01,1075,739.644048728742,0.531580168599401,"political_violence"
"Nigeria",2006-04-01,446,297.0269903811,0.219129843933016,"political_violence"
"Nigeria",2006-07-01,497,326.799188847428,0.246325534787614,"political_violence"
"Nigeria",2006-10-01,588,387.097644375181,0.296215460044572,"political_violence"
"Nigeria",2007-01-01,591,394.828619228408,0.307110520406652,"political_violence"
"Nigeria",2007-04-01,591,404.636876540497,0.323960056396788,"political_violence"
"Nigeria",2007-07-01,338,238.272159054116,0.200565358847257,"political_violence"
"Nigeria",2007-10-01,208,150.841616630353,0.134511689707872,"political_violence"
"Nigeria",2008-01-01,145,108.588947967693,0.100715247393546,"political_violence"
"Nigeria",2008-04-01,200,156.298327996957,0.144464978135965,"political_violence"
"Nigeria",2008-07-01,355,289.537665510744,0.260380658631999,"political_violence"
"Nigeria",2008-10-01,292,247.007952486314,0.214788484527628,"political_violence"
"Nigeria",2009-01-01,191,165.920554228222,0.137636853933954,"political_violence"
"Nigeria",2009-04-01,391,341.393084491573,0.269624528954759,"political_violence"
"Nigeria",2009-07-01,799,682.015264081145,0.521183503189009,"political_violence"
"Nigeria",2009-10-01,633,517.225101929483,0.390776004893024,"political_violence"
"Nigeria",2010-01-01,1211,943.026684424859,0.718070460919928,"political_violence"
"Nigeria",2010-04-01,283,213.236737228657,0.165683083471235,"political_violence"
"Nigeria",2010-07-01,340,250.235050638169,0.199805327676417,"political_violence"
"Nigeria",2010-10-01,878,633.27874249022,0.519269090576437,"political_violence"
"Nigeria",2011-01-01,933,666.083973632268,0.557079444997286,"political_violence"
"Nigeria",2011-04-01,1014,724.686139925851,0.607237900275252,"political_violence"
"Nigeria",2011-07-01,893,637.566198056377,0.534504987811589,"political_violence"
"Nigeria",2011-10-01,1016,711.928030932782,0.606646267241193,"political_violence"
"Nigeria",2012-01-01,1930,1315.88955492373,1.1586396077177,"political_violence"
"Nigeria",2012-04-01,1184,797.085725486281,0.733953445872903,"political_violence"
"Nigeria",2012-07-01,788,528.053070254643,0.511225995554865,"political_violence"
"Nigeria",2012-10-01,908,608.551286570147,0.614107135152888,"political_violence"
"Nigeria",2013-01-01,801,546.723830764651,0.557892314368274,"political_violence"
"Nigeria",2013-04-01,846,609.358973721041,0.597981293876983,"political_violence"
"Nigeria",2013-07-01,806,612.103824449798,0.559767738568234,"political_violence"
"Nigeria",2013-10-01,740,577.898406672291,0.483701157099769,"political_violence"
"Nigeria",2014-01-01,1044,814.313095220694,0.620699207375077,"political_violence"
"Nigeria",2014-04-01,2129,1619.31120755791,1.14452537068953,"political_violence"
"Nigeria",2014-07-01,1294,957.500291714613,0.65012227413776,"political_violence"
"Nigeria",2014-10-01,1341,961.726971633596,0.645695248931112,"political_violence"
"Nigeria",2015-01-01,2753,1940.19196030868,1.3055554561955,"political_violence"
"Nigeria",2015-04-01,1345,965.693645664092,0.656682615992237,"political_violence"
"Nigeria",2015-07-01,1421,1055.56459354045,0.731618160106572,"political_violence"
"Nigeria",2015-10-01,1012,779.534679331786,0.552216698865176,"political_violence"
"Nigeria",2016-01-01,782,619.146262166241,0.446265000697605,"political_violence"
"Nigeria",2016-04-01,986,797.903668177774,0.580974068875198,"political_violence"
"Nigeria",2016-07-01,813,670.755320678789,0.496179432187706,"political_violence"
"Nigeria",2016-10-01,796,668.337381569986,0.505062878413451,"political_violence"
"Nigeria",2017-01-01,672,574.667234999269,0.442143197297636,"political_violence"
"Nigeria",2017-04-01,589,519.588171792112,0.403602476530752,"political_violence"
"Nigeria",2017-07-01,769,699.445906187147,0.548045598933011,"political_violence"
"Nigeria",2017-10-01,467,434.01571676659,0.343601542797215,"political_violence"
"Nigeria",2018-01-01,906,853.41459326049,0.679383042341036,"political_violence"
"Nigeria",2018-04-01,635,603.240441730887,0.484378393149323,"political_violence"
"Nigeria",2018-07-01,391,373.829459133993,0.304360086900496,"political_violence"
"Nigeria",2018-10-01,541,520.168457388272,0.42956214126932,"political_violence"
"Nigeria",2019-01-01,838,815.808513756497,0.678038613569536,"political_violence"
"Nigeria",2019-04-01,411,408.922262370775,0.34301773434579,"political_violence"
"Nigeria",2019-07-01,525,532.546289104365,0.451775417463869,"political_violence"
"Nigeria",2019-10-01,285,292.755793040559,0.252788430607612,"political_violence"
"Nigeria",2020-01-01,347,356.322006322758,0.310503914274114,"political_violence"
"Nigeria",2020-04-01,414,418.184253230904,0.365272983095648,"political_violence"
"Nigeria",2020-07-01,302,295.220400756829,0.257694448999926,"political_violence"
"Nigeria",2020-10-01,807,754.192229963247,0.65598189581072,"political_violence"
"Nigeria",2021-01-01,562,497.799536766498,0.436657988790772,"political_violence"
"Nigeria",2021-04-01,769,645.240285767979,0.574912741347115,"political_violence"
"Nigeria",2021-07-01,760,605.830157038163,0.551997273638631,"political_violence"
"Nigeria",2021-10-01,610,463.127722312236,0.439980384457905,"political_violence"
"Nigeria",2022-01-01,620,455.203801047203,0.452905745629518,"political_violence"
"Nigeria",2022-04-01,952,697.99158701497,0.715124307093943,"political_violence"
"Nigeria",2022-07-01,420,311.573508003919,0.329022513434968,"political_violence"
"Nigeria",2022-10-01,454,340.303486678034,0.369131229021642,"political_violence"
"Nigeria",2023-01-01,555,420.699731833767,0.464719611576222,"political_violence"
"Nigeria",2023-04-01,424,324.254197902738,0.364954195896213,"political_violence"
"Nigeria",2023-07-01,413,319.340335969384,0.366533843768503,"political_violence"
"Nigeria",2023-10-01,342,275.696625098611,0.322267671224793,"political_violence"
"Nigeria",2024-01-01,440,377.413889716989,0.447017955394155,"political_violence"
"Nigeria",2024-04-01,305,287.001611032237,0.339719732127491,"political_violence"
"Nigeria",2024-07-01,311,327.087333047165,0.383378301529323,"political_violence"
"Nigeria",2024-10-01,272,326.508184571984,0.376295649093393,"political_violence"
"Senegal",1990-10-01,3,0.113170282687851,0.074457230915252,"instability_of_regime"
"Senegal",1991-01-01,1,0.0346450733155378,0.0219029132545684,"instability_of_regime"
"Senegal",1991-04-01,2,0.0641995095953204,0.0382827113682392,"instability_of_regime"
"Senegal",1991-07-01,0,0,0,"instability_of_regime"
"Senegal",1991-10-01,5,0.147567965731001,0.0724852314603977,"instability_of_regime"
"Senegal",1992-01-01,0,0,0,"instability_of_regime"
"Senegal",1992-04-01,5,0.15051331794221,0.0682868849366418,"instability_of_regime"
"Senegal",1992-07-01,5,0.151727343796438,0.0724057173828753,"instability_of_regime"
"Senegal",1992-10-01,0,0,0,"instability_of_regime"
"Senegal",1993-01-01,6,0.171740821948548,0.102225605787031,"instability_of_regime"
"Senegal",1993-04-01,5,0.135325154852126,0.0930146679111698,"instability_of_regime"
"Senegal",1993-07-01,0,0,0,"instability_of_regime"
"Senegal",1993-10-01,0,0,0,"instability_of_regime"
"Senegal",1994-01-01,0,0,0,"instability_of_regime"
"Senegal",1994-04-01,0,0,0,"instability_of_regime"
"Senegal",1994-07-01,1,0.0197713602856354,0.0189034262885141,"instability_of_regime"
"Senegal",1994-10-01,1,0.0195239328879066,0.0179290705940558,"instability_of_regime"
"Senegal",1995-01-01,0,0,0,"instability_of_regime"
"Senegal",1995-04-01,0,0,0,"instability_of_regime"
"Senegal",1995-07-01,0,0,0,"instability_of_regime"
"Senegal",1995-10-01,0,0,0,"instability_of_regime"
"Senegal",1996-01-01,1,0.0167057583338874,0.019271964635862,"instability_of_regime"
"Senegal",1996-04-01,1,0.01551494568245,0.0195450646809514,"instability_of_regime"
"Senegal",1996-07-01,1,0.0142528837953415,0.018523518151958,"instability_of_regime"
"Senegal",1996-10-01,0,0,0,"instability_of_regime"
"Senegal",1997-01-01,0,0,0,"instability_of_regime"
"Senegal",1997-04-01,0,0,0,"instability_of_regime"
"Senegal",1997-07-01,2,0.0233324387147576,0.0191097474304372,"instability_of_regime"
"Senegal",1997-10-01,0,0,0,"instability_of_regime"
"Senegal",1998-01-01,0,0,0,"instability_of_regime"
"Senegal",1998-04-01,4,0.036649502015521,0.0245290900149376,"instability_of_regime"
"Senegal",1998-07-01,1,0.00838492892953223,0.00591034135508245,"instability_of_regime"
"Senegal",1998-10-01,3,0.023460622762162,0.0175434543515262,"instability_of_regime"
"Senegal",1999-01-01,1,0.0073624643773651,0.00576862950976191,"instability_of_regime"
"Senegal",1999-04-01,2,0.0139005724840469,0.0110748300791069,"instability_of_regime"
"Senegal",1999-07-01,0,0,0,"instability_of_regime"
"Senegal",1999-10-01,2,0.0122663910363796,0.00887513610536802,"instability_of_regime"
"Senegal",2000-01-01,23,0.132855748358243,0.0902731572160686,"instability_of_regime"
"Senegal",2000-04-01,13,0.0727777504579402,0.0485153111934671,"instability_of_regime"
"Senegal",2000-07-01,5,0.0278438727076852,0.0185657345158401,"instability_of_regime"
"Senegal",2000-10-01,10,0.0563234234765314,0.0371335483904695,"instability_of_regime"
"Senegal",2001-01-01,16,0.0913223846264519,0.0577354772452404,"instability_of_regime"
"Senegal",2001-04-01,20,0.115175868868433,0.0686621722639255,"instability_of_regime"
"Senegal",2001-07-01,3,0.0172005538394629,0.00944774459063771,"instability_of_regime"
"Senegal",2001-10-01,1,0.00557909104399699,0.00280713813475709,"instability_of_regime"
"Senegal",2002-01-01,1,0.00532565244113679,0.00251150652003434,"instability_of_regime"
"Senegal",2002-04-01,5,0.0254514439519082,0.0119702811798101,"instability_of_regime"
"Senegal",2002-07-01,4,0.0196110864957,0.0103123050510047,"instability_of_regime"
"Senegal",2002-10-01,10,0.0480173458194729,0.0297262998362862,"instability_of_regime"
"Senegal",2003-01-01,3,0.0145479499822648,0.0107356961911773,"instability_of_regime"
"Senegal",2003-04-01,3,0.0150323051358178,0.0128780358459737,"instability_of_regime"
"Senegal",2003-07-01,12,0.0628972714237565,0.0588670757203368,"instability_of_regime"
"Senegal",2003-10-01,2,0.0109714246779052,0.0107332917224909,"instability_of_regime"
"Senegal",2004-01-01,0,0,0,"instability_of_regime"
"Senegal",2004-04-01,3,0.0172035440442062,0.017205634565172,"instability_of_regime"
"Senegal",2004-07-01,0,0,0,"instability_of_regime"
"Senegal",2004-10-01,2,0.0116597265439932,0.0109555489948819,"instability_of_regime"
"Senegal",2005-01-01,2,0.0118642896094259,0.0104677217068731,"instability_of_regime"
"Senegal",2005-04-01,0,0,0,"instability_of_regime"
"Senegal",2005-07-01,3,0.0180799903806147,0.0136228315248765,"instability_of_regime"
"Senegal",2005-10-01,0,0,0,"instability_of_regime"
"Senegal",2006-01-01,0,0,0,"instability_of_regime"
"Senegal",2006-04-01,0,0,0,"instability_of_regime"
"Senegal",2006-07-01,2,0.0108350044736085,0.00638988121220193,"instability_of_regime"
"Senegal",2006-10-01,6,0.0325438531048217,0.0182343489278161,"instability_of_regime"
"Senegal",2007-01-01,5,0.0275210922870591,0.0147117035092061,"instability_of_regime"
"Senegal",2007-04-01,8,0.0451276256266567,0.0237023872521508,"instability_of_regime"
"Senegal",2007-07-01,1,0.00580806031819573,0.00302390686694557,"instability_of_regime"
"Senegal",2007-10-01,1,0.0059749236690592,0.00311196595781649,"instability_of_regime"
"Senegal",2008-01-01,1,0.00617009912964559,0.00327104477174841,"instability_of_regime"
"Senegal",2008-04-01,0,0,0,"instability_of_regime"
"Senegal",2008-07-01,5,0.0335986043678063,0.0192522750852833,"instability_of_regime"
"Senegal",2008-10-01,1,0.00696951572661499,0.00412332192189447,"instability_of_regime"
"Senegal",2009-01-01,4,0.0286286805111272,0.0174867503188383,"instability_of_regime"
"Senegal",2009-04-01,6,0.0431622156849563,0.0286836355162593,"instability_of_regime"
"Senegal",2009-07-01,0,0,0,"instability_of_regime"
"Senegal",2009-10-01,1,0.00673209757472633,0.00532248135759566,"instability_of_regime"
"Senegal",2010-01-01,9,0.0577426706343872,0.0477175705278353,"instability_of_regime"
"Senegal",2010-04-01,2,0.0124159543453673,0.0104115585467341,"instability_of_regime"
"Senegal",2010-07-01,3,0.0181913528362996,0.0147179692901049,"instability_of_regime"
"Senegal",2010-10-01,5,0.0297128914751672,0.0219768585350542,"instability_of_regime"
"Senegal",2011-01-01,1,0.00588195718320773,0.00380753448958622,"instability_of_regime"
"Senegal",2011-04-01,18,0.105988567757775,0.0595709308773862,"instability_of_regime"
"Senegal",2011-07-01,19,0.111764001929625,0.0552370068963247,"instability_of_regime"
"Senegal",2011-10-01,4,0.0230928159579818,0.0104317476001056,"instability_of_regime"
"Senegal",2012-01-01,35,0.196609588011764,0.0862378045847426,"instability_of_regime"
"Senegal",2012-04-01,32,0.177491608741917,0.0841368659034478,"instability_of_regime"
"Senegal",2012-07-01,4,0.0220844131927567,0.0118264292060935,"instability_of_regime"
"Senegal",2012-10-01,2,0.0110437317765253,0.00677631320245499,"instability_of_regime"
"Senegal",2013-01-01,1,0.00562354282176016,0.00384639592665581,"instability_of_regime"
"Senegal",2013-04-01,2,0.0118688150383284,0.00870644634021646,"instability_of_regime"
"Senegal",2013-07-01,4,0.0250279086211574,0.0194253325870559,"instability_of_regime"
"Senegal",2013-10-01,3,0.0193025884061113,0.0155283563177978,"instability_of_regime"
"Senegal",2014-01-01,0,0,0,"instability_of_regime"
"Senegal",2014-04-01,2,0.0125331193130104,0.0101205411544492,"instability_of_regime"
"Senegal",2014-07-01,2,0.0121929600944812,0.00959115350124691,"instability_of_regime"
"Senegal",2014-10-01,5,0.0295438806793723,0.0228109383912232,"instability_of_regime"
"Senegal",2015-01-01,2,0.0116129619496364,0.00884663690545093,"instability_of_regime"
"Senegal",2015-04-01,1,0.00591550202728275,0.00449025116752148,"instability_of_regime"
"Senegal",2015-07-01,2,0.0122403898554719,0.00916126377990843,"instability_of_regime"
"Senegal",2015-10-01,3,0.0190392878925709,0.0138986238231775,"instability_of_regime"
"Senegal",2016-01-01,16,0.104371278435835,0.0734804513539051,"instability_of_regime"
"Senegal",2016-04-01,6,0.0400036220295539,0.027168978016392,"instability_of_regime"
"Senegal",2016-07-01,0,0,0,"instability_of_regime"
"Senegal",2016-10-01,3,0.0207528839720548,0.0125518833295494,"instability_of_regime"
"Senegal",2017-01-01,28,0.197278479825958,0.112289622316182,"instability_of_regime"
"Senegal",2017-04-01,2,0.0145361191785579,0.00823948995415339,"instability_of_regime"
"Senegal",2017-07-01,0,0,0,"instability_of_regime"
"Senegal",2017-10-01,0,0,0,"instability_of_regime"
"Senegal",2018-01-01,1,0.00776079810306738,0.00427130398479644,"instability_of_regime"
"Senegal",2018-04-01,3,0.0234807787765585,0.0126818174582301,"instability_of_regime"
"Senegal",2018-07-01,2,0.0157543786302934,0.00857866004145059,"instability_of_regime"
"Senegal",2018-10-01,0,0,0,"instability_of_regime"
"Senegal",2019-01-01,10,0.0802081930959331,0.0426766636045389,"instability_of_regime"
"Senegal",2019-04-01,3,0.0245920484545092,0.0127717698563351,"instability_of_regime"
"Senegal",2019-07-01,1,0.00835742672453152,0.00422439098356625,"instability_of_regime"
"Senegal",2019-10-01,0,0,0,"instability_of_regime"
"Senegal",2020-01-01,2,0.0169206750053782,0.00830638111276102,"instability_of_regime"
"Senegal",2020-04-01,1,0.00832227097500125,0.00418974019431925,"instability_of_regime"
"Senegal",2020-07-01,3,0.0241621288157766,0.0127245860573603,"instability_of_regime"
"Senegal",2020-10-01,5,0.0384993184720989,0.0210169500622386,"instability_of_regime"
"Senegal",2021-01-01,8,0.0583824986162301,0.0325883469751443,"instability_of_regime"
"Senegal",2021-04-01,0,0,0,"instability_of_regime"
"Senegal",2021-07-01,3,0.0197030322613392,0.0108405523947401,"instability_of_regime"
"Senegal",2021-10-01,1,0.0062552613745017,0.00319366762098973,"instability_of_regime"
"Senegal",2022-01-01,3,0.0181472141073162,0.00850475713381699,"instability_of_regime"
"Senegal",2022-04-01,0,0,0,"instability_of_regime"
"Senegal",2022-07-01,5,0.0305601693191228,0.0126599828803377,"instability_of_regime"
"Senegal",2022-10-01,5,0.0308784198836406,0.0121064114140912,"instability_of_regime"
"Senegal",2023-01-01,3,0.0187359200680488,0.00715222619035185,"instability_of_regime"
"Senegal",2023-04-01,8,0.050406234538874,0.0190038006720827,"instability_of_regime"
"Senegal",2023-07-01,7,0.044593985096039,0.0165954741578733,"instability_of_regime"
"Senegal",2023-10-01,4,0.0265668371244974,0.00949679805535042,"instability_of_regime"
"Senegal",2024-01-01,23,0.162542732675477,0.0557154904734388,"instability_of_regime"
"Senegal",2024-04-01,14,0.108539308168605,0.0379303171571878,"instability_of_regime"
"Senegal",2024-07-01,5,0.0433259265568636,0.0159024222860333,"instability_of_regime"
"Senegal",2024-10-01,28,0.276922164583435,0.108474718197091,"instability_of_regime"
"Senegal",1990-01-01,6,1.83965378250179,0.15776979929743,"instability_within_regime"
"Senegal",1990-04-01,1,0.278221485676827,0.0270866509532769,"instability_within_regime"
"Senegal",1990-07-01,2,0.511053334531918,0.0536135424161384,"instability_within_regime"
"Senegal",1990-10-01,1,0.233898318009575,0.0248190769717507,"instability_within_regime"
"Senegal",1991-01-01,3,0.644434366074383,0.0657087397637053,"instability_within_regime"
"Senegal",1991-04-01,1,0.199029598867437,0.0191413556841196,"instability_within_regime"
"Senegal",1991-07-01,6,1.12853952505123,0.0989573362216811,"instability_within_regime"
"Senegal",1991-10-01,11,2.01293950880848,0.159467509212875,"instability_within_regime"
"Senegal",1992-01-01,6,1.10053638925338,0.0816576461470001,"instability_within_regime"
"Senegal",1992-04-01,18,3.35964494866307,0.24583278577191,"instability_within_regime"
"Senegal",1992-07-01,10,1.88152417757583,0.144811434765751,"instability_within_regime"
"Senegal",1992-10-01,10,1.8473415675211,0.156723440558705,"instability_within_regime"
"Senegal",1993-01-01,35,6.21164008415116,0.596316033757679,"instability_within_regime"
"Senegal",1993-04-01,24,4.02750161152344,0.446470405973615,"instability_within_regime"
"Senegal",1993-07-01,2,0.312753953527387,0.0397144047829764,"instability_within_regime"
"Senegal",1993-10-01,9,1.31000016442498,0.182551537989825,"instability_within_regime"
"Senegal",1994-01-01,3,0.40732021521235,0.0599551523142165,"instability_within_regime"
"Senegal",1994-04-01,3,0.383539075058623,0.0588282625068315,"instability_within_regime"
"Senegal",1994-07-01,5,0.612946412132785,0.0945171314425705,"instability_within_regime"
"Senegal",1994-10-01,4,0.484220587414337,0.0717162823762233,"instability_within_regime"
"Senegal",1995-01-01,3,0.359449036966384,0.0511467783467688,"instability_within_regime"
"Senegal",1995-04-01,3,0.353465200672725,0.0505090756201193,"instability_within_regime"
"Senegal",1995-07-01,1,0.114658912639602,0.0173948848763358,"instability_within_regime"
"Senegal",1995-10-01,2,0.219484235219002,0.0367747947255895,"instability_within_regime"
"Senegal",1996-01-01,2,0.207162976846933,0.0385439292717241,"instability_within_regime"
"Senegal",1996-04-01,1,0.0961980374957002,0.0195450646809514,"instability_within_regime"
"Senegal",1996-07-01,4,0.353491266506221,0.074094072607832,"instability_within_regime"
"Senegal",1996-10-01,7,0.569050498630457,0.11586956409592,"instability_within_regime"
"Senegal",1997-01-01,0,0,0,"instability_within_regime"
"Senegal",1997-04-01,4,0.297372458876549,0.0467916020284649,"instability_within_regime"
"Senegal",1997-07-01,2,0.144669202218821,0.0191097474304372,"instability_within_regime"
"Senegal",1997-10-01,7,0.479753713608139,0.0555176476571023,"instability_within_regime"
"Senegal",1998-01-01,13,0.817251214638327,0.0883981819732295,"instability_within_regime"
"Senegal",1998-04-01,37,2.10196637046251,0.226894082638173,"instability_within_regime"
"Senegal",1998-07-01,9,0.467905174574284,0.053193072195742,"instability_within_regime"
"Senegal",1998-10-01,7,0.339415971334419,0.0409347268202279,"instability_within_regime"
"Senegal",1999-01-01,10,0.456498294438555,0.0576862950976191,"instability_within_regime"
"Senegal",1999-04-01,11,0.47403600452147,0.0609115654350882,"instability_within_regime"
"Senegal",1999-07-01,5,0.202830633814498,0.0252479332729393,"instability_within_regime"
"Senegal",1999-10-01,5,0.190139683535815,0.02218784026342,"instability_within_regime"
"Senegal",2000-01-01,118,4.22620416914457,0.463140545717222,"instability_within_regime"
"Senegal",2000-04-01,25,0.867783197160488,0.0932986753720521,"instability_within_regime"
"Senegal",2000-07-01,18,0.621509960530596,0.0668366442570243,"instability_within_regime"
"Senegal",2000-10-01,26,0.907984312506308,0.0965472258152208,"instability_within_regime"
"Senegal",2001-01-01,39,1.38018664410614,0.140730225785273,"instability_within_regime"
"Senegal",2001-04-01,61,2.1780973633599,0.209419625404973,"instability_within_regime"
"Senegal",2001-07-01,7,0.248848581220409,0.0220447373781547,"instability_within_regime"
"Senegal",2001-10-01,5,0.17296148514701,0.0140356906737855,"instability_within_regime"
"Senegal",2002-01-01,6,0.198125339414263,0.015069039120206,"instability_within_regime"
"Senegal",2002-04-01,59,1.86213167062672,0.141249317921759,"instability_within_regime"
"Senegal",2002-07-01,5,0.1519944117641,0.0128903813137559,"instability_within_regime"
"Senegal",2002-10-01,29,0.863400113127761,0.0862062695252301,"instability_within_regime"
"Senegal",2003-01-01,6,0.180404658388529,0.0214713923823545,"instability_within_regime"
"Senegal",2003-04-01,11,0.341753496052466,0.0472194647685703,"instability_within_regime"
"Senegal",2003-07-01,30,0.974962174963331,0.147167689300842,"instability_within_regime"
"Senegal",2003-10-01,11,0.374146483836635,0.0590331044736998,"instability_within_regime"
"Senegal",2004-01-01,6,0.210234102439394,0.0336054317700646,"instability_within_regime"
"Senegal",2004-04-01,14,0.497783683865058,0.0802929613041362,"instability_within_regime"
"Senegal",2004-07-01,16,0.572491417273956,0.0905327094449989,"instability_within_regime"
"Senegal",2004-10-01,14,0.506060403921493,0.0766888429641735,"instability_within_regime"
"Senegal",2005-01-01,11,0.404594879052097,0.0575724693878019,"instability_within_regime"
"Senegal",2005-04-01,20,0.746820593897469,0.0988002814968504,"instability_within_regime"
"Senegal",2005-07-01,17,0.635245817777334,0.0771960453076336,"instability_within_regime"
"Senegal",2005-10-01,9,0.329108810137661,0.0367709955199609,"instability_within_regime"
"Senegal",2006-01-01,10,0.351483363633088,0.0368935355702912,"instability_within_regime"
"Senegal",2006-04-01,14,0.476298882595316,0.0477128879317108,"instability_within_regime"
"Senegal",2006-07-01,13,0.436675075871029,0.0415342278793126,"instability_within_regime"
"Senegal",2006-10-01,24,0.807132648817067,0.0729373957112645,"instability_within_regime"
"Senegal",2007-01-01,105,3.58344641101164,0.308945773693327,"instability_within_regime"
"Senegal",2007-04-01,41,1.43401041768117,0.121474734667273,"instability_within_regime"
"Senegal",2007-07-01,15,0.540179787640918,0.0453586030041836,"instability_within_regime"
"Senegal",2007-10-01,13,0.481605753438346,0.0404555574516144,"instability_within_regime"
"Senegal",2008-01-01,9,0.344310766931988,0.0294394029457357,"instability_within_regime"
"Senegal",2008-04-01,15,0.598833470743759,0.0531258318948526,"instability_within_regime"
"Senegal",2008-07-01,11,0.458310567864488,0.0423550051876232,"instability_within_regime"
"Senegal",2008-10-01,14,0.604987763725042,0.0577265069065227,"instability_within_regime"
"Senegal",2009-01-01,24,1.06504641561604,0.10492050191303,"instability_within_regime"
"Senegal",2009-04-01,30,1.33810344162393,0.143418177581296,"instability_within_regime"
"Senegal",2009-07-01,14,0.610472102046779,0.0722939214134456,"instability_within_regime"
"Senegal",2009-10-01,8,0.333930695304101,0.0425798508607652,"instability_within_regime"
"Senegal",2010-01-01,18,0.716049119149927,0.0954351410556706,"instability_within_regime"
"Senegal",2010-04-01,7,0.269441262081929,0.0364404549135693,"instability_within_regime"
"Senegal",2010-07-01,16,0.601561007667034,0.0784958362138927,"instability_within_regime"
"Senegal",2010-10-01,26,0.95799714127447,0.114279664382282,"instability_within_regime"
"Senegal",2011-01-01,27,0.98469464408477,0.102803431218828,"instability_within_regime"
"Senegal",2011-04-01,79,2.88422782598334,0.261450196628529,"instability_within_regime"
"Senegal",2011-07-01,52,1.89656459802729,0.151174966242573,"instability_within_regime"
"Senegal",2011-10-01,34,1.21705939404744,0.0886698546008979,"instability_within_regime"
"Senegal",2012-01-01,360,12.5387747980085,0.887017418585924,"instability_within_regime"
"Senegal",2012-04-01,51,1.75393694550662,0.13409313003362,"instability_within_regime"
"Senegal",2012-07-01,39,1.33507736383552,0.115307684759412,"instability_within_regime"
"Senegal",2012-10-01,19,0.65051214358794,0.0643749754233224,"instability_within_regime"
"Senegal",2013-01-01,15,0.523018701739598,0.0576959388998371,"instability_within_regime"
"Senegal",2013-04-01,31,1.14065684988904,0.134949918273355,"instability_within_regime"
"Senegal",2013-07-01,13,0.504340534545126,0.0631323309079317,"instability_within_regime"
"Senegal",2013-10-01,14,0.558519427173553,0.0724656628163899,"instability_within_regime"
"Senegal",2014-01-01,9,0.358611242449439,0.0468106838023459,"instability_within_regime"
"Senegal",2014-04-01,25,0.971371014027189,0.126506764430615,"instability_within_regime"
"Senegal",2014-07-01,12,0.453603456831666,0.0575469210074815,"instability_within_regime"
"Senegal",2014-10-01,15,0.549546881993456,0.0684328151736697,"instability_within_regime"
"Senegal",2015-01-01,21,0.756046060700993,0.0928896875072348,"instability_within_regime"
"Senegal",2015-04-01,9,0.330103454904856,0.0404122605076933,"instability_within_regime"
"Senegal",2015-07-01,14,0.531262599602549,0.064128846459359,"instability_within_regime"
"Senegal",2015-10-01,15,0.590250900024983,0.0694931191158875,"instability_within_regime"
"Senegal",2016-01-01,40,1.61784519938762,0.183701128384763,"instability_within_regime"
"Senegal",2016-04-01,24,0.992145254189548,0.108675912065568,"instability_within_regime"
"Senegal",2016-07-01,3,0.12644023850401,0.0132216636918783,"instability_within_regime"
"Senegal",2016-10-01,35,1.50120914154206,0.146438638844743,"instability_within_regime"
"Senegal",2017-01-01,134,5.85386135860679,0.537386049656015,"instability_within_regime"
"Senegal",2017-04-01,8,0.360515896452707,0.0329579598166135,"instability_within_regime"
"Senegal",2017-07-01,25,1.1616044641715,0.106838190006956,"instability_within_regime"
"Senegal",2017-10-01,6,0.284859230897906,0.0259927595318601,"instability_within_regime"
"Senegal",2018-01-01,9,0.433076728708074,0.038441735863168,"instability_within_regime"
"Senegal",2018-04-01,11,0.533826193948324,0.0464999973468436,"instability_within_regime"
"Senegal",2018-07-01,15,0.732619535326226,0.0643399503108795,"instability_within_regime"
"Senegal",2018-10-01,7,0.343823264258114,0.0302135163585766,"instability_within_regime"
"Senegal",2019-01-01,90,4.4758672265734,0.38408997244085,"instability_within_regime"
"Senegal",2019-04-01,14,0.71156968831642,0.0596015926628973,"instability_within_regime"
"Senegal",2019-07-01,10,0.518189406440186,0.0422439098356625,"instability_within_regime"
"Senegal",2019-10-01,4,0.209899352980333,0.016776381383928,"instability_within_regime"
"Senegal",2020-01-01,13,0.681941300509842,0.0539914772329466,"instability_within_regime"
"Senegal",2020-04-01,8,0.412807702553877,0.033517921554554,"instability_within_regime"
"Senegal",2020-07-01,13,0.64919212905631,0.0551398729152281,"instability_within_regime"
"Senegal",2020-10-01,7,0.334192754575873,0.0294237300871341,"instability_within_regime"
"Senegal",2021-01-01,76,3.43892128959448,0.309589296263871,"instability_within_regime"
"Senegal",2021-04-01,6,0.257179801250564,0.0235373117647217,"instability_within_regime"
"Senegal",2021-07-01,4,0.162887500010119,0.0144540698596535,"instability_within_regime"
"Senegal",2021-10-01,14,0.542987022186323,0.0447113466938562,"instability_within_regime"
"Senegal",2022-01-01,23,0.862645770385447,0.0652031380259303,"instability_within_regime"
"Senegal",2022-04-01,74,2.77163112852182,0.196711417567156,"instability_within_regime"
"Senegal",2022-07-01,70,2.65277089838987,0.177239760324728,"instability_within_regime"
"Senegal",2022-10-01,27,1.03386725643044,0.0653746216360925,"instability_within_regime"
"Senegal",2023-01-01,28,1.08424581447978,0.0667541111099506,"instability_within_regime"
"Senegal",2023-04-01,75,2.93002607338685,0.178160631300775,"instability_within_regime"
"Senegal",2023-07-01,80,3.15997891003456,0.189662561804266,"instability_within_regime"
"Senegal",2023-10-01,52,2.14140670550726,0.123458374719556,"instability_within_regime"
"Senegal",2024-01-01,486,21.2957011155704,1.17729253783005,"instability_within_regime"
"Senegal",2024-04-01,51,2.45157476439616,0.138174726786899,"instability_within_regime"
"Senegal",2024-07-01,32,1.71926881560875,0.101775502630613,"instability_within_regime"
"Senegal",2024-10-01,78,4.78310860182261,0.302179572120469,"instability_within_regime"
"Senegal",1990-01-01,3,0.254657801246288,0.0788848996487148,"mass_civil_protest"
"Senegal",1990-04-01,0,0,0,"mass_civil_protest"
"Senegal",1990-07-01,0,0,0,"mass_civil_protest"
"Senegal",1990-10-01,1,0.0647556969100142,0.0248190769717507,"mass_civil_protest"
"Senegal",1991-01-01,0,0,0,"mass_civil_protest"
"Senegal",1991-04-01,2,0.110204301510658,0.0382827113682392,"mass_civil_protest"
"Senegal",1991-07-01,0,0,0,"mass_civil_protest"
"Senegal",1991-10-01,10,0.506627688941696,0.144970462920795,"mass_civil_protest"
"Senegal",1992-01-01,1,0.0507813263097912,0.0136096076911667,"mass_civil_protest"
"Senegal",1992-04-01,3,0.155021885772304,0.0409721309619851,"mass_civil_protest"
"Senegal",1992-07-01,0,0,0,"mass_civil_protest"
"Senegal",1992-10-01,1,0.0511443996919936,0.0156723440558705,"mass_civil_protest"
"Senegal",1993-01-01,8,0.393078336434012,0.136300807716041,"mass_civil_protest"
"Senegal",1993-04-01,5,0.232297945285041,0.0930146679111698,"mass_civil_protest"
"Senegal",1993-07-01,4,0.173174398126276,0.0794288095659527,"mass_civil_protest"
"Senegal",1993-10-01,2,0.0805953005766282,0.0405670084421833,"mass_civil_protest"
"Senegal",1994-01-01,11,0.413483589630976,0.219835558485461,"mass_civil_protest"
"Senegal",1994-04-01,3,0.106184346723805,0.0588282625068315,"mass_civil_protest"
"Senegal",1994-07-01,2,0.0678786789471936,0.0378068525770282,"mass_civil_protest"
"Senegal",1994-10-01,0,0,0,"mass_civil_protest"
"Senegal",1995-01-01,2,0.0663432813895904,0.0340978522311792,"mass_civil_protest"
"Senegal",1995-04-01,1,0.0326194242549212,0.0168363585400398,"mass_civil_protest"
"Senegal",1995-07-01,2,0.0634875689411148,0.0347897697526715,"mass_civil_protest"
"Senegal",1995-10-01,0,0,0,"mass_civil_protest"
"Senegal",1996-01-01,0,0,0,"mass_civil_protest"
"Senegal",1996-04-01,0,0,0,"mass_civil_protest"
"Senegal",1996-07-01,0,0,0,"mass_civil_protest"
"Senegal",1996-10-01,5,0.112531382774073,0.0827639743542283,"mass_civil_protest"
"Senegal",1997-01-01,4,0.0853053361263078,0.0562537735382739,"mass_civil_protest"
"Senegal",1997-04-01,1,0.0205821924888823,0.0116979005071162,"mass_civil_protest"
"Senegal",1997-07-01,0,0,0,"mass_civil_protest"
"Senegal",1997-10-01,0,0,0,"mass_civil_protest"
"Senegal",1998-01-01,0,0,0,"mass_civil_protest"
"Senegal",1998-04-01,6,0.0943683089433213,0.0367936350224064,"mass_civil_protest"
"Senegal",1998-07-01,1,0.0143934936843032,0.00591034135508245,"mass_civil_protest"
"Senegal",1998-10-01,2,0.0268481962017725,0.0116956362343508,"mass_civil_protest"
"Senegal",1999-01-01,4,0.050553360872636,0.0230745180390476,"mass_civil_protest"
"Senegal",1999-04-01,3,0.0357923968000447,0.0166122451186604,"mass_civil_protest"
"Senegal",1999-07-01,1,0.0112308965358358,0.00504958665458786,"mass_civil_protest"
"Senegal",1999-10-01,4,0.0421127533447495,0.017750272210736,"mass_civil_protest"
"Senegal",2000-01-01,14,0.138818512169611,0.0549488783054331,"mass_civil_protest"
"Senegal",2000-04-01,5,0.0480498587395804,0.0186597350744104,"mass_civil_protest"
"Senegal",2000-07-01,8,0.07647446685981,0.0297051752253442,"mass_civil_protest"
"Senegal",2000-10-01,9,0.0870158545422179,0.0334201935514226,"mass_civil_protest"
"Senegal",2001-01-01,24,0.235144777744051,0.0866032158678606,"mass_civil_protest"
"Senegal",2001-04-01,3,0.0296564792929214,0.0102993258395888,"mass_civil_protest"
"Senegal",2001-07-01,3,0.0295263162199083,0.00944774459063771,"mass_civil_protest"
"Senegal",2001-10-01,4,0.0383080702917314,0.0112285525390284,"mass_civil_protest"
"Senegal",2002-01-01,0,0,0,"mass_civil_protest"
"Senegal",2002-04-01,1,0.00873794401495599,0.00239405623596202,"mass_civil_protest"
"Senegal",2002-07-01,2,0.0168321074627122,0.00515615252550236,"mass_civil_protest"
"Senegal",2002-10-01,8,0.0659409156211554,0.023781039869029,"mass_civil_protest"
"Senegal",2003-01-01,9,0.0749186407955528,0.0322070885735318,"mass_civil_protest"
"Senegal",2003-04-01,2,0.0172028799807595,0.00858535723064915,"mass_civil_protest"
"Senegal",2003-07-01,2,0.0179948151937457,0.0098111792867228,"mass_civil_protest"
"Senegal",2003-10-01,6,0.0565003471596675,0.0321998751674726,"mass_civil_protest"
"Senegal",2004-01-01,0,0,0,"mass_civil_protest"
"Senegal",2004-04-01,0,0,0,"mass_civil_protest"
"Senegal",2004-07-01,17,0.168402603659383,0.0961910037853114,"mass_civil_protest"
"Senegal",2004-10-01,5,0.0500374546350004,0.0273888724872048,"mass_civil_protest"
"Senegal",2005-01-01,2,0.0203661329746707,0.0104677217068731,"mass_civil_protest"
"Senegal",2005-04-01,12,0.124056184164441,0.0592801688981103,"mass_civil_protest"
"Senegal",2005-07-01,2,0.0206906327247116,0.00908188768325101,"mass_civil_protest"
"Senegal",2005-10-01,2,0.0202478016383336,0.00817133233776909,"mass_civil_protest"
"Senegal",2006-01-01,4,0.038923837260608,0.0147574142281165,"mass_civil_protest"
"Senegal",2006-04-01,6,0.0565136893838351,0.0204483805421618,"mass_civil_protest"
"Senegal",2006-07-01,0,0,0,"mass_civil_protest"
"Senegal",2006-10-01,1,0.00931074765339473,0.00303905815463602,"mass_civil_protest"
"Senegal",2007-01-01,17,0.160624363376618,0.0500197919313006,"mass_civil_protest"
"Senegal",2007-04-01,7,0.0677824671998715,0.020739588845632,"mass_civil_protest"
"Senegal",2007-07-01,0,0,0,"mass_civil_protest"
"Senegal",2007-10-01,11,0.112821503317804,0.0342316255359814,"mass_civil_protest"
"Senegal",2008-01-01,3,0.0317746102323969,0.00981313431524523,"mass_civil_protest"
"Senegal",2008-04-01,10,0.110526314913381,0.0354172212632351,"mass_civil_protest"
"Senegal",2008-07-01,5,0.0576750624642923,0.0192522750852833,"mass_civil_protest"
"Senegal",2008-10-01,2,0.0239276161877453,0.00824664384378895,"mass_civil_protest"
"Senegal",2009-01-01,8,0.0982874716267468,0.0349735006376765,"mass_civil_protest"
"Senegal",2009-04-01,2,0.0246972905826251,0.00956121183875309,"mass_civil_protest"
"Senegal",2009-07-01,3,0.0362167874135885,0.0154915545885955,"mass_civil_protest"
"Senegal",2009-10-01,4,0.0462250329076276,0.0212899254303826,"mass_civil_protest"
"Senegal",2010-01-01,3,0.0330401832492423,0.0159058568426118,"mass_civil_protest"
"Senegal",2010-04-01,2,0.0213131157051573,0.0104115585467341,"mass_civil_protest"
"Senegal",2010-07-01,8,0.0832723010085403,0.0392479181069463,"mass_civil_protest"
"Senegal",2010-10-01,8,0.08160781218482,0.0351629736560867,"mass_civil_protest"
"Senegal",2011-01-01,11,0.111066063537669,0.0418828793854484,"mass_civil_protest"
"Senegal",2011-04-01,48,0.485170729038801,0.15885581567303,"mass_civil_protest"
"Senegal",2011-07-01,23,0.232243204298904,0.0668658504534457,"mass_civil_protest"
"Senegal",2011-10-01,17,0.168473911897039,0.0443349273004489,"mass_civil_protest"
"Senegal",2012-01-01,167,1.61034880607572,0.411477524732915,"mass_civil_protest"
"Senegal",2012-04-01,2,0.0190425313299743,0.00525855411896549,"mass_civil_protest"
"Senegal",2012-07-01,11,0.104252239622781,0.0325226803167572,"mass_civil_protest"
"Senegal",2012-10-01,10,0.0947878538461403,0.033881566012275,"mass_civil_protest"
"Senegal",2013-01-01,1,0.00965332309536093,0.00384639592665581,"mass_civil_protest"
"Senegal",2013-04-01,5,0.0509347532131896,0.0217661158505411,"mass_civil_protest"
"Senegal",2013-07-01,4,0.0429626831303439,0.0194253325870559,"mass_civil_protest"
"Senegal",2013-10-01,5,0.0552244164597762,0.0258805938629964,"mass_civil_protest"
"Senegal",2014-01-01,5,0.0551572084879418,0.0260059354457477,"mass_civil_protest"
"Senegal",2014-04-01,8,0.0860569601447999,0.0404821646177967,"mass_civil_protest"
"Senegal",2014-07-01,4,0.0418606515541847,0.0191823070024938,"mass_civil_protest"
"Senegal",2014-10-01,3,0.0304288561209362,0.0136865630347339,"mass_civil_protest"
"Senegal",2015-01-01,16,0.159477649371055,0.0707730952436074,"mass_civil_protest"
"Senegal",2015-04-01,1,0.0101544976450894,0.00449025116752148,"mass_civil_protest"
"Senegal",2015-07-01,9,0.0945528447545086,0.0412256870095879,"mass_civil_protest"
"Senegal",2015-10-01,6,0.0653653411587445,0.027797247646355,"mass_civil_protest"
"Senegal",2016-01-01,7,0.0783837245916028,0.0321476974673335,"mass_civil_protest"
"Senegal",2016-04-01,9,0.103004787375775,0.0407534670245879,"mass_civil_protest"
"Senegal",2016-07-01,2,0.0233369948430908,0.00881444246125219,"mass_civil_protest"
"Senegal",2016-10-01,9,0.106872642652027,0.0376556499886483,"mass_civil_protest"
"Senegal",2017-01-01,7,0.0846616166126014,0.0280724055790455,"mass_civil_protest"
"Senegal",2017-04-01,3,0.0374288574207136,0.0123592349312301,"mass_civil_protest"
"Senegal",2017-07-01,3,0.0385913882158639,0.0128205828008347,"mass_civil_protest"
"Senegal",2017-10-01,0,0,0,"mass_civil_protest"
"Senegal",2018-01-01,12,0.159865395764853,0.0512556478175573,"mass_civil_protest"
"Senegal",2018-04-01,10,0.134356313119747,0.0422727248607669,"mass_civil_protest"
"Senegal",2018-07-01,3,0.0405657372687892,0.0128679900621759,"mass_civil_protest"
"Senegal",2018-10-01,4,0.0543936363468329,0.0172648664906152,"mass_civil_protest"
"Senegal",2019-01-01,4,0.0550738655250637,0.0170706654418156,"mass_civil_protest"
"Senegal",2019-04-01,7,0.0985004754610615,0.0298007963314487,"mass_civil_protest"
"Senegal",2019-07-01,2,0.0286925672924653,0.0084487819671325,"mass_civil_protest"
"Senegal",2019-10-01,0,0,0,"mass_civil_protest"
"Senegal",2020-01-01,2,0.0290458787272804,0.00830638111276102,"mass_civil_protest"
"Senegal",2020-04-01,5,0.0714296780118463,0.0209487009715962,"mass_civil_protest"
"Senegal",2020-07-01,1,0.0138254977643801,0.00424152868578678,"mass_civil_protest"
"Senegal",2020-10-01,1,0.0132175168551857,0.00420339001244773,"mass_civil_protest"
"Senegal",2021-01-01,45,0.563731159017472,0.183309451735187,"mass_civil_protest"
"Senegal",2021-04-01,1,0.0118668783105411,0.00392288529412029,"mass_civil_protest"
"Senegal",2021-07-01,0,0,0,"mass_civil_protest"
"Senegal",2021-10-01,9,0.0966395293982784,0.0287430085889076,"mass_civil_protest"
"Senegal",2022-01-01,1,0.0103837815774993,0.00283491904460566,"mass_civil_protest"
"Senegal",2022-04-01,23,0.238496730356886,0.0611400351897918,"mass_civil_protest"
"Senegal",2022-07-01,4,0.0419674497215393,0.0101279863042702,"mass_civil_protest"
"Senegal",2022-10-01,10,0.106011236424693,0.0242128228281824,"mass_civil_protest"
"Senegal",2023-01-01,8,0.0857650989246536,0.0190726031742716,"mass_civil_protest"
"Senegal",2023-04-01,35,0.378555141319251,0.0831416279403618,"mass_civil_protest"
"Senegal",2023-07-01,15,0.164034930553556,0.0355617303382999,"mass_civil_protest"
"Senegal",2023-10-01,6,0.068406590964039,0.0142451970830256,"mass_civil_protest"
"Senegal",2024-01-01,102,1.23739035998934,0.247086088186555,"mass_civil_protest"
"Senegal",2024-04-01,2,0.0266168002096013,0.00541861673674112,"mass_civil_protest"
"Senegal",2024-07-01,3,0.0446237378160525,0.00954145337161997,"mass_civil_protest"
"Senegal",2024-10-01,2,0.0339544357371332,0.00774819415693511,"mass_civil_protest"
"Senegal",1990-01-01,9,5.20288464853237,0.236654698946145,"political_violence"
"Senegal",1990-04-01,9,4.7211740942405,0.243779858579492,"political_violence"
"Senegal",1990-07-01,8,3.85427819677596,0.214454169664554,"political_violence"
"Senegal",1990-10-01,13,5.73307062290452,0.322648000632759,"political_violence"
"Senegal",1991-01-01,37,14.9856643895231,0.810407790419032,"political_violence"
"Senegal",1991-04-01,12,4.50314316487402,0.229696268209435,"political_violence"
"Senegal",1991-07-01,18,6.38344130401108,0.296872008665043,"political_violence"
"Senegal",1991-10-01,54,18.6315351124091,0.782840499772295,"political_violence"
"Senegal",1992-01-01,16,5.53337342470388,0.217753723058667,"political_violence"
"Senegal",1992-04-01,58,20.4110671793854,0.792127865265045,"political_violence"
"Senegal",1992-07-01,41,14.5448919954783,0.593726882539578,"political_violence"
"Senegal",1992-10-01,38,13.2357220907387,0.59554907412308,"political_violence"
"Senegal",1993-01-01,89,29.7813984220839,1.51634648584095,"political_violence"
"Senegal",1993-04-01,64,20.2498259964624,1.19058774926297,"political_violence"
"Senegal",1993-07-01,19,5.60200193137945,0.377286845438275,"political_violence"
"Senegal",1993-10-01,8,2.19551125765274,0.162268033768733,"political_violence"
"Senegal",1994-01-01,30,7.67985119418587,0.599551523142165,"political_violence"
"Senegal",1994-04-01,20,4.82097853825777,0.39218841671221,"political_violence"
"Senegal",1994-07-01,14,3.23591704174572,0.264647968039197,"political_violence"
"Senegal",1994-10-01,0,0,0,"political_violence"
"Senegal",1995-01-01,29,6.55135160398941,0.494418857352098,"political_violence"
"Senegal",1995-04-01,56,12.4402834557872,0.942836078242228,"political_violence"
"Senegal",1995-07-01,7,1.5132918720721,0.12176419413435,"political_violence"
"Senegal",1995-10-01,8,1.65531314479234,0.147099178902358,"political_violence"
"Senegal",1996-01-01,0,0,0,"political_violence"
"Senegal",1996-04-01,6,1.08826410113901,0.117270388085709,"political_violence"
"Senegal",1996-07-01,0,0,0,"political_violence"
"Senegal",1996-10-01,5,0.766371971914184,0.0827639743542283,"political_violence"
"Senegal",1997-01-01,10,1.45238637103514,0.140634433845685,"political_violence"
"Senegal",1997-04-01,6,0.841024879736368,0.0701874030426974,"political_violence"
"Senegal",1997-07-01,39,5.31896997168105,0.372640074893526,"political_violence"
"Senegal",1997-10-01,44,5.68577699810459,0.3489680709875,"political_violence"
"Senegal",1998-01-01,22,2.60766467511778,0.149596923339311,"political_violence"
"Senegal",1998-04-01,98,10.4970425025304,0.600962705365971,"political_violence"
"Senegal",1998-07-01,31,3.03874231201194,0.183220582007556,"political_violence"
"Senegal",1998-10-01,33,3.016928479962,0.192977997866789,"political_violence"
"Senegal",1999-01-01,43,3.70104576577378,0.248051068919762,"political_violence"
"Senegal",1999-04-01,30,2.43756799561029,0.166122451186604,"political_violence"
"Senegal",1999-07-01,16,1.22377158973515,0.0807933864734058,"political_violence"
"Senegal",1999-10-01,16,1.14720118167737,0.0710010888429441,"political_violence"
"Senegal",2000-01-01,186,12.560249072231,0.730035097486468,"political_violence"
"Senegal",2000-04-01,84,5.49752679317202,0.313483549250095,"political_violence"
"Senegal",2000-07-01,70,4.55712004137914,0.259920283221761,"political_violence"
"Senegal",2000-10-01,50,3.29224269065568,0.185667741952348,"political_violence"
"Senegal",2001-01-01,117,7.80685145328127,0.42219067735582,"political_violence"
"Senegal",2001-04-01,83,5.58781973616025,0.284948014895291,"political_violence"
"Senegal",2001-07-01,29,1.94380174425667,0.0913281977094978,"political_violence"
"Senegal",2001-10-01,69,4.50034007085913,0.193692531298239,"political_violence"
"Senegal",2002-01-01,45,2.80167740454374,0.113017793401545,"political_violence"
"Senegal",2002-04-01,89,5.29621030678099,0.213071005000619,"political_violence"
"Senegal",2002-07-01,53,3.03773809000079,0.136638041925813,"political_violence"
"Senegal",2002-10-01,97,5.44506010678751,0.288345108411976,"political_violence"
"Senegal",2003-01-01,38,2.15425413134735,0.135985485088245,"political_violence"
"Senegal",2003-04-01,37,2.16739888443956,0.158829108767009,"political_violence"
"Senegal",2003-07-01,47,2.87992521829056,0.230562713237986,"political_violence"
"Senegal",2003-10-01,37,2.3728350435368,0.198565896866081,"political_violence"
"Senegal",2004-01-01,21,1.38735642581014,0.117619011195226,"political_violence"
"Senegal",2004-04-01,14,0.93855018145473,0.0802929613041362,"political_violence"
"Senegal",2004-07-01,21,1.41672361416449,0.118824181146561,"political_violence"
"Senegal",2004-10-01,59,4.02108426669859,0.323188695349017,"political_violence"
"Senegal",2005-01-01,23,1.59504291769976,0.12037879962904,"political_violence"
"Senegal",2005-04-01,43,3.02741240275206,0.212420605218228,"political_violence"
"Senegal",2005-07-01,18,1.26818391007441,0.0817369891492591,"political_violence"
"Senegal",2005-10-01,21,1.44788188417033,0.0857989895465755,"political_violence"
"Senegal",2006-01-01,61,4.04251322611459,0.225050566978776,"political_violence"
"Senegal",2006-04-01,40,2.56583283735696,0.136322536947745,"political_violence"
"Senegal",2006-07-01,15,0.949999007863644,0.0479241090915145,"political_violence"
"Senegal",2006-10-01,29,1.83885934779762,0.0881326864844446,"political_violence"
"Senegal",2007-01-01,96,6.17731415849299,0.282464707376756,"political_violence"
"Senegal",2007-04-01,29,1.91242004965281,0.0859211537890467,"political_violence"
"Senegal",2007-07-01,9,0.611091750262346,0.0272151618025102,"political_violence"
"Senegal",2007-10-01,53,3.70203929666581,0.164934195764274,"political_violence"
"Senegal",2008-01-01,23,1.65902439037356,0.0752340297502134,"political_violence"
"Senegal",2008-04-01,46,3.46249758933223,0.162919217810881,"political_violence"
"Senegal",2008-07-01,34,2.67093269253131,0.130915470579926,"political_violence"
"Senegal",2008-10-01,25,2.03692671645916,0.103083048047362,"political_violence"
"Senegal",2009-01-01,23,1.92442934198451,0.10054881433332,"political_violence"
"Senegal",2009-04-01,28,2.35474186359565,0.133856965742543,"political_violence"
"Senegal",2009-07-01,24,1.97317620043985,0.123932436708764,"political_violence"
"Senegal",2009-10-01,43,3.38416594589131,0.228866698376613,"political_violence"
"Senegal",2010-01-01,62,4.65027718024162,0.328721041413976,"political_violence"
"Senegal",2010-04-01,21,1.52406047214038,0.109321364740708,"political_violence"
"Senegal",2010-07-01,26,1.84310417999646,0.127555733847576,"political_violence"
"Senegal",2010-10-01,51,3.54305490022236,0.224163957057553,"political_violence"
"Senegal",2011-01-01,98,6.73877145987387,0.37313837997945,"political_violence"
"Senegal",2011-04-01,117,8.05388035282856,0.387211050703011,"political_violence"
"Senegal",2011-07-01,53,3.64465988022143,0.154082177131853,"political_violence"
"Senegal",2011-10-01,77,5.19685287094815,0.200811141302033,"political_violence"
"Senegal",2012-01-01,393,25.8084541602082,0.968327348622967,"political_violence"
"Senegal",2012-04-01,79,5.12256799899216,0.207712887699137,"political_violence"
"Senegal",2012-07-01,77,4.96991992283704,0.2276587622173,"political_violence"
"Senegal",2012-10-01,45,2.90489983359935,0.152467047055237,"political_violence"
"Senegal",2013-01-01,64,4.20748691360204,0.246169339305972,"political_violence"
"Senegal",2013-04-01,57,3.95444022620334,0.248133720696169,"political_violence"
"Senegal",2013-07-01,20,1.46294284215051,0.0971266629352796,"political_violence"
"Senegal",2013-10-01,52,3.91138379824773,0.269158176175162,"political_violence"
"Senegal",2014-01-01,42,3.15534987462154,0.218449857744281,"political_violence"
"Senegal",2014-04-01,49,3.58969914685988,0.247953258284005,"political_violence"
"Senegal",2014-07-01,54,3.84862600428198,0.258961144533667,"political_violence"
"Senegal",2014-10-01,49,3.38474854091847,0.223547196233988,"political_violence"
"Senegal",2015-01-01,62,4.20859844379305,0.274245744068979,"political_violence"
"Senegal",2015-04-01,44,3.04282571188449,0.197571051370945,"political_violence"
"Senegal",2015-07-01,52,3.72050070884047,0.238192858277619,"political_violence"
"Senegal",2015-10-01,78,5.78704477034788,0.361364219402615,"political_violence"
"Senegal",2016-01-01,86,6.5583148916638,0.39495742602724,"political_violence"
"Senegal",2016-04-01,66,5.1442823076822,0.298858758180312,"political_violence"
"Senegal",2016-07-01,21,1.6687842299046,0.092551645843148,"political_violence"
"Senegal",2016-10-01,58,4.69048757845067,0.242669744371289,"political_violence"
"Senegal",2017-01-01,137,11.2843108680401,0.549417080618463,"political_violence"
"Senegal",2017-04-01,40,3.3986877332517,0.164789799083068,"political_violence"
"Senegal",2017-07-01,37,3.24143135186618,0.158120521210295,"political_violence"
"Senegal",2017-10-01,27,2.4169053984972,0.116967417893371,"political_violence"
"Senegal",2018-01-01,79,7.16747637433941,0.337433014798919,"political_violence"
"Senegal",2018-04-01,20,1.8300123945233,0.0845454497215339,"political_violence"
"Senegal",2018-07-01,17,1.5654997330219,0.07291861035233,"political_violence"
"Senegal",2018-10-01,19,1.75957450504616,0.0820081158304221,"political_violence"
"Senegal",2019-01-01,39,3.65692567138493,0.166438988057702,"political_violence"
"Senegal",2019-04-01,26,2.49160728776241,0.110688672088238,"political_violence"
"Senegal",2019-07-01,15,1.46553646857034,0.0633658647534938,"political_violence"
"Senegal",2019-10-01,17,1.68196467542593,0.0712996208816939,"political_violence"
"Senegal",2020-01-01,36,3.56059831963626,0.149514860029698,"political_violence"
"Senegal",2020-04-01,39,3.79436628578619,0.163399867578451,"political_violence"
"Senegal",2020-07-01,31,2.91882748988624,0.13148738925939,"political_violence"
"Senegal",2020-10-01,17,1.53025832891191,0.0714576302116114,"political_violence"
"Senegal",2021-01-01,145,12.3706775342235,0.590663788924491,"political_violence"
"Senegal",2021-04-01,18,1.4547050674062,0.0706119352941652,"political_violence"
"Senegal",2021-07-01,23,1.76592576548315,0.0831109016930075,"political_violence"
"Senegal",2021-10-01,29,2.12068542978686,0.0926163610087022,"political_violence"
"Senegal",2022-01-01,76,5.37446320763946,0.21545384739003,"political_violence"
"Senegal",2022-04-01,146,10.3103499682414,0.3881063103352,"political_violence"
"Senegal",2022-07-01,49,3.50118150136396,0.12406783222731,"political_violence"
"Senegal",2022-10-01,36,2.59908425439926,0.0871661621814567,"political_violence"
"Senegal",2023-01-01,111,8.10418865653808,0.264632369043019,"political_violence"
"Senegal",2023-04-01,176,12.9640211250691,0.418083614785819,"political_violence"
"Senegal",2023-07-01,144,10.7244129849344,0.341392611247679,"political_violence"
"Senegal",2023-10-01,76,5.90100859936117,0.180439163051658,"political_violence"
"Senegal",2024-01-01,382,31.5599187978633,0.92536162438494,"political_violence"
"Senegal",2024-04-01,57,5.16614584354211,0.154430576997122,"political_violence"
"Senegal",2024-07-01,67,6.78711879827706,0.213092458632846,"political_violence"
"Senegal",2024-10-01,75,8.67149030884461,0.290557280885066,"political_violence"
"Togo",1990-10-01,3,0.111277803044242,0.107465271899543,"instability_of_regime"
"Togo",1991-01-01,6,0.204394345580631,0.156859608821771,"instability_of_regime"
"Togo",1991-04-01,1,0.0315629696003749,0.0208924074948171,"instability_of_regime"
"Togo",1991-07-01,13,0.38776540945098,0.233776096996189,"instability_of_regime"
"Togo",1991-10-01,31,0.899621698777489,0.507780277619453,"instability_of_regime"
"Togo",1992-01-01,1,0.0290879654716136,0.01600179415004,"instability_of_regime"
"Togo",1992-04-01,11,0.325592020217463,0.172312290693895,"instability_of_regime"
"Togo",1992-07-01,30,0.895140583467949,0.459879918011415,"instability_of_regime"
"Togo",1992-10-01,6,0.175775621522545,0.0916725095187181,"instability_of_regime"
"Togo",1993-01-01,16,0.450317071597529,0.246803643095069,"instability_of_regime"
"Togo",1993-04-01,2,0.053224876958562,0.0322225779929299,"instability_of_regime"
"Togo",1993-07-01,2,0.0495978667683335,0.0339074314982118,"instability_of_regime"
"Togo",1993-10-01,1,0.0230828287749474,0.0182531531240569,"instability_of_regime"
"Togo",1994-01-01,9,0.193783773521974,0.179349513403311,"instability_of_regime"
"Togo",1994-04-01,4,0.0810977009484514,0.0921558191018974,"instability_of_regime"
"Togo",1994-07-01,0,0,0,"instability_of_regime"
"Togo",1994-10-01,1,0.019197445715868,0.0310107502819276,"instability_of_regime"
"Togo",1995-01-01,1,0.0190009912951197,0.03506923938363,"instability_of_regime"
"Togo",1995-04-01,0,0,0,"instability_of_regime"
"Togo",1995-07-01,0,0,0,"instability_of_regime"
"Togo",1995-10-01,0,0,0,"instability_of_regime"
"Togo",1996-01-01,0,0,0,"instability_of_regime"
"Togo",1996-04-01,0,0,0,"instability_of_regime"
"Togo",1996-07-01,2,0.0280290825139157,0.0719942337180427,"instability_of_regime"
"Togo",1996-10-01,0,0,0,"instability_of_regime"
"Togo",1997-01-01,1,0.0122159012579197,0.0268549042465467,"instability_of_regime"
"Togo",1997-04-01,0,0,0,"instability_of_regime"
"Togo",1997-07-01,1,0.0114711320771551,0.0203186090945556,"instability_of_regime"
"Togo",1997-10-01,0,0,0,"instability_of_regime"
"Togo",1998-01-01,0,0,0,"instability_of_regime"
"Togo",1998-04-01,0,0,0,"instability_of_regime"
"Togo",1998-07-01,1,0.00824471272669724,0.0112842098740718,"instability_of_regime"
"Togo",1998-10-01,1,0.00768943488525712,0.00999741294599937,"instability_of_regime"
"Togo",1999-01-01,0,0,0,"instability_of_regime"
"Togo",1999-04-01,2,0.0136681214391632,0.0161636395783025,"instability_of_regime"
"Togo",1999-07-01,0,0,0,"instability_of_regime"
"Togo",1999-10-01,2,0.0120612674404535,0.0160239964502288,"instability_of_regime"
"Togo",2000-01-01,1,0.00567974262284769,0.0082620835614045,"instability_of_regime"
"Togo",2000-04-01,3,0.0165140148968107,0.0259922555921486,"instability_of_regime"
"Togo",2000-07-01,6,0.0328539073286666,0.0554417997858056,"instability_of_regime"
"Togo",2000-10-01,0,0,0,"instability_of_regime"
"Togo",2001-01-01,2,0.011224406806094,0.0225943405724255,"instability_of_regime"
"Togo",2001-04-01,0,0,0,"instability_of_regime"
"Togo",2001-07-01,1,0.00563763971995773,0.012753627588198,"instability_of_regime"
"Togo",2001-10-01,0,0,0,"instability_of_regime"
"Togo",2002-01-01,11,0.0576025417880815,0.110721079800044,"instability_of_regime"
"Togo",2002-04-01,9,0.0450465021382936,0.0730568618775529,"instability_of_regime"
"Togo",2002-07-01,5,0.0241039273818386,0.0327585963100665,"instability_of_regime"
"Togo",2002-10-01,43,0.203021834732367,0.243657843187119,"instability_of_regime"
"Togo",2003-01-01,3,0.0143046732267086,0.0172045277729115,"instability_of_regime"
"Togo",2003-04-01,7,0.0344888338567591,0.0446097708294689,"instability_of_regime"
"Togo",2003-07-01,2,0.0103075795978731,0.0151208242676277,"instability_of_regime"
"Togo",2003-10-01,0,0,0,"instability_of_regime"
"Togo",2004-01-01,1,0.00555663799255334,0.00868488230133658,"instability_of_regime"
"Togo",2004-04-01,0,0,0,"instability_of_regime"
"Togo",2004-07-01,4,0.0226970376550984,0.0225295284836895,"instability_of_regime"
"Togo",2004-10-01,1,0.00573237391962207,0.00428749868605054,"instability_of_regime"
"Togo",2005-01-01,23,0.13415773635274,0.0803416745671438,"instability_of_regime"
"Togo",2005-04-01,29,0.171729330524545,0.0963942229178971,"instability_of_regime"
"Togo",2005-07-01,0,0,0,"instability_of_regime"
"Togo",2005-10-01,1,0.00579905447269078,0.00395568048580163,"instability_of_regime"
"Togo",2006-01-01,1,0.00557397431563821,0.00430703827940707,"instability_of_regime"
"Togo",2006-04-01,0,0,0,"instability_of_regime"
"Togo",2006-07-01,3,0.0159807256617436,0.0167474588786433,"instability_of_regime"
"Togo",2006-10-01,1,0.00533327358574001,0.00677465485516564,"instability_of_regime"
"Togo",2007-01-01,4,0.0216486986819943,0.0319313048233211,"instability_of_regime"
"Togo",2007-04-01,1,0.00554662288220613,0.00901641070791156,"instability_of_regime"
"Togo",2007-07-01,0,0,0,"instability_of_regime"
"Togo",2007-10-01,10,0.0587500855753648,0.109384899651446,"instability_of_regime"
"Togo",2008-01-01,0,0,0,"instability_of_regime"
"Togo",2008-04-01,0,0,0,"instability_of_regime"
"Togo",2008-07-01,0,0,0,"instability_of_regime"
"Togo",2008-10-01,0,0,0,"instability_of_regime"
"Togo",2009-01-01,0,0,0,"instability_of_regime"
"Togo",2009-04-01,1,0.00707340658382227,0.00900685194137459,"instability_of_regime"
"Togo",2009-07-01,0,0,0,"instability_of_regime"
"Togo",2009-10-01,1,0.00661952069220583,0.00593871727564284,"instability_of_regime"
"Togo",2010-01-01,5,0.031542818964158,0.0273081454056313,"instability_of_regime"
"Togo",2010-04-01,3,0.0183124945361437,0.0181592425554423,"instability_of_regime"
"Togo",2010-07-01,0,0,0,"instability_of_regime"
"Togo",2010-10-01,1,0.00584320407605295,0.00936574197481146,"instability_of_regime"
"Togo",2011-01-01,0,0,0,"instability_of_regime"
"Togo",2011-04-01,2,0.0115795759646176,0.0283176770569487,"instability_of_regime"
"Togo",2011-07-01,0,0,0,"instability_of_regime"
"Togo",2011-10-01,1,0.0056766621167614,0.0145922206926649,"instability_of_regime"
"Togo",2012-01-01,0,0,0,"instability_of_regime"
"Togo",2012-04-01,8,0.0436308804098024,0.0877009842863134,"instability_of_regime"
"Togo",2012-07-01,18,0.0977179888094217,0.170330716120064,"instability_of_regime"
"Togo",2012-10-01,0,0,0,"instability_of_regime"
"Togo",2013-01-01,5,0.0276475182206937,0.0419017228783462,"instability_of_regime"
"Togo",2013-04-01,3,0.0175055098056951,0.0278331737836331,"instability_of_regime"
"Togo",2013-07-01,21,0.129199254035975,0.235717703914317,"instability_of_regime"
"Togo",2013-10-01,0,0,0,"instability_of_regime"
"Togo",2014-01-01,0,0,0,"instability_of_regime"
"Togo",2014-04-01,0,0,0,"instability_of_regime"
"Togo",2014-07-01,1,0.00599453222036366,0.0227647733238546,"instability_of_regime"
"Togo",2014-10-01,6,0.0348598030223496,0.131507650308004,"instability_of_regime"
"Togo",2015-01-01,2,0.0114187652615153,0.0419465135622304,"instability_of_regime"
"Togo",2015-04-01,9,0.0523492252982948,0.186354933383396,"instability_of_regime"
"Togo",2015-07-01,0,0,0,"instability_of_regime"
"Togo",2015-10-01,0,0,0,"instability_of_regime"
"Togo",2016-01-01,0,0,0,"instability_of_regime"
"Togo",2016-04-01,0,0,0,"instability_of_regime"
"Togo",2016-07-01,0,0,0,"instability_of_regime"
"Togo",2016-10-01,0,0,0,"instability_of_regime"
"Togo",2017-01-01,0,0,0,"instability_of_regime"
"Togo",2017-04-01,0,0,0,"instability_of_regime"
"Togo",2017-07-01,25,0.184212230738226,0.398619116745054,"instability_of_regime"
"Togo",2017-10-01,16,0.120464537889566,0.270361760102048,"instability_of_regime"
"Togo",2018-01-01,6,0.0457861132234477,0.115332155981896,"instability_of_regime"
"Togo",2018-04-01,1,0.00769604120435698,0.0224725690316864,"instability_of_regime"
"Togo",2018-07-01,2,0.0154909274826296,0.0526955654971118,"instability_of_regime"
"Togo",2018-10-01,15,0.116839224984986,0.446587622892714,"instability_of_regime"
"Togo",2019-01-01,0,0,0,"instability_of_regime"
"Togo",2019-04-01,6,0.0483616203720784,0.186633031946753,"instability_of_regime"
"Togo",2019-07-01,3,0.0246530112743706,0.0854116213478133,"instability_of_regime"
"Togo",2019-10-01,0,0,0,"instability_of_regime"
"Togo",2020-01-01,11,0.0915074631561755,0.263699130966249,"instability_of_regime"
"Togo",2020-04-01,0,0,0,"instability_of_regime"
"Togo",2020-07-01,5,0.0395967997315402,0.142841340756673,"instability_of_regime"
"Togo",2020-10-01,1,0.00757110343197128,0.0322253153165186,"instability_of_regime"
"Togo",2021-01-01,0,0,0,"instability_of_regime"
"Togo",2021-04-01,0,0,0,"instability_of_regime"
"Togo",2021-07-01,0,0,0,"instability_of_regime"
"Togo",2021-10-01,0,0,0,"instability_of_regime"
"Togo",2022-01-01,1,0.00594791632948825,0.0302202742879843,"instability_of_regime"
"Togo",2022-04-01,0,0,0,"instability_of_regime"
"Togo",2022-07-01,0,0,0,"instability_of_regime"
"Togo",2022-10-01,3,0.0182172350082749,0.0921188052143196,"instability_of_regime"
"Togo",2023-01-01,2,0.0122817402452762,0.0683276186736573,"instability_of_regime"
"Togo",2023-04-01,0,0,0,"instability_of_regime"
"Togo",2023-07-01,0,0,0,"instability_of_regime"
"Togo",2023-10-01,0,0,0,"instability_of_regime"
"Togo",2024-01-01,17,0.118131245879313,0.486425358961256,"instability_of_regime"
"Togo",2024-04-01,60,0.457389726730577,1.64362606976788,"instability_of_regime"
"Togo",2024-07-01,3,0.0255608476409055,0.0877265493891312,"instability_of_regime"
"Togo",2024-10-01,4,0.0388987655936597,0.130217223674988,"instability_of_regime"
"Togo",1990-10-01,2,0.31364695960089,0.0716435145996956,"instability_within_regime"
"Togo",1991-01-01,14,2.01636644092638,0.366005753917465,"instability_within_regime"
"Togo",1991-04-01,21,2.80234080094757,0.43874055739116,"instability_within_regime"
"Togo",1991-07-01,34,4.28773985719971,0.611414407528495,"instability_within_regime"
"Togo",1991-10-01,69,8.46586068016775,1.13022061792717,"instability_within_regime"
"Togo",1992-01-01,15,1.84471127965386,0.2400269122506,"instability_within_regime"
"Togo",1992-04-01,30,3.75427533516055,0.46994261098335,"instability_within_regime"
"Togo",1992-07-01,61,7.69526581182429,0.935089166623211,"instability_within_regime"
"Togo",1992-10-01,23,2.84878075040138,0.35141128648842,"instability_within_regime"
"Togo",1993-01-01,52,6.1876475849868,0.802111840058975,"instability_within_regime"
"Togo",1993-04-01,19,2.13777537267068,0.306114490932834,"instability_within_regime"
"Togo",1993-07-01,60,6.2908314686774,1.01722294494636,"instability_within_regime"
"Togo",1993-10-01,11,1.07350856408114,0.200784684364626,"instability_within_regime"
"Togo",1994-01-01,62,5.6440439494499,1.2355188701117,"instability_within_regime"
"Togo",1994-04-01,16,1.37148901059762,0.36862327640759,"instability_within_regime"
"Togo",1994-07-01,0,0,0,"instability_within_regime"
"Togo",1994-10-01,7,0.568152976781522,0.217075251973493,"instability_within_regime"
"Togo",1995-01-01,2,0.160668246121318,0.0701384787672601,"instability_within_regime"
"Togo",1995-04-01,1,0.0789967812075648,0.0390246105436594,"instability_within_regime"
"Togo",1995-07-01,1,0.0768761820234273,0.0429618585048552,"instability_within_regime"
"Togo",1995-10-01,1,0.0735795832592823,0.0456466447521227,"instability_within_regime"
"Togo",1996-01-01,1,0.0694490221037526,0.0447875061169762,"instability_within_regime"
"Togo",1996-04-01,1,0.0644985869006199,0.0410570129122699,"instability_within_regime"
"Togo",1996-07-01,15,0.888779325632583,0.53995675288532,"instability_within_regime"
"Togo",1996-10-01,1,0.0545050516803469,0.0312019008435404,"instability_within_regime"
"Togo",1997-01-01,2,0.103295001793158,0.0537098084930934,"instability_within_regime"
"Togo",1997-04-01,0,0,0,"instability_within_regime"
"Togo",1997-07-01,2,0.0969973957272365,0.0406372181891111,"instability_within_regime"
"Togo",1997-10-01,4,0.183807946865758,0.0686764525184249,"instability_within_regime"
"Togo",1998-01-01,5,0.210749335670193,0.0728149632690335,"instability_within_regime"
"Togo",1998-04-01,20,0.761794832864425,0.253703421144142,"instability_within_regime"
"Togo",1998-07-01,8,0.278861984198222,0.0902736789925742,"instability_within_regime"
"Togo",1998-10-01,1,0.0325100937495735,0.00999741294599937,"instability_within_regime"
"Togo",1999-01-01,18,0.550929023341695,0.15916986482807,"instability_within_regime"
"Togo",1999-04-01,24,0.693447957097135,0.19396367493963,"instability_within_regime"
"Togo",1999-07-01,4,0.108794645726755,0.0314729999646081,"instability_within_regime"
"Togo",1999-10-01,7,0.178478040815282,0.056083987575801,"instability_within_regime"
"Togo",2000-01-01,9,0.216120002455092,0.0743587520526405,"instability_within_regime"
"Togo",2000-04-01,8,0.186185220106446,0.0693126815790629,"instability_within_regime"
"Togo",2000-07-01,20,0.46300914750037,0.184805999286019,"instability_within_regime"
"Togo",2000-10-01,5,0.117073604316603,0.0512520441009815,"instability_within_regime"
"Togo",2001-01-01,19,0.450827917584221,0.214646235438042,"instability_within_regime"
"Togo",2001-04-01,4,0.0957616086979684,0.049176214766049,"instability_within_regime"
"Togo",2001-07-01,16,0.381365233845304,0.204058041411168,"instability_within_regime"
"Togo",2001-10-01,6,0.139160070254614,0.0718775431720538,"instability_within_regime"
"Togo",2002-01-01,21,0.46493480157523,0.211376606890992,"instability_within_regime"
"Togo",2002-04-01,14,0.296258212475656,0.113644007365082,"instability_within_regime"
"Togo",2002-07-01,7,0.142672293979168,0.0458620348340931,"instability_within_regime"
"Togo",2002-10-01,213,4.25184764609292,1.20695629299666,"instability_within_regime"
"Togo",2003-01-01,32,0.645105081933742,0.183514962911056,"instability_within_regime"
"Togo",2003-04-01,92,1.91642618295605,0.586299845187305,"instability_within_regime"
"Togo",2003-07-01,4,0.0871586492527641,0.0302416485352555,"instability_within_regime"
"Togo",2003-10-01,1,0.0228051519642745,0.0086583000954012,"instability_within_regime"
"Togo",2004-01-01,5,0.117464303141901,0.0434244115066829,"instability_within_regime"
"Togo",2004-04-01,3,0.0715184121971516,0.0220265063283208,"instability_within_regime"
"Togo",2004-07-01,3,0.0719704535849167,0.0168971463627671,"instability_within_regime"
"Togo",2004-10-01,0,0,0,"instability_within_regime"
"Togo",2005-01-01,102,2.5154277966901,0.356297861123855,"instability_within_regime"
"Togo",2005-04-01,241,6.03375011024211,0.801069231834938,"instability_within_regime"
"Togo",2005-07-01,15,0.375809833496723,0.0536864647197344,"instability_within_regime"
"Togo",2005-10-01,3,0.0735533133628024,0.0118670414574049,"instability_within_regime"
"Togo",2006-01-01,7,0.164963097008055,0.0301492679558495,"instability_within_regime"
"Togo",2006-04-01,2,0.0456210745331551,0.00940828774606227,"instability_within_regime"
"Togo",2006-07-01,13,0.292780664362943,0.0725723218074541,"instability_within_regime"
"Togo",2006-10-01,2,0.0450970004562914,0.0135493097103313,"instability_within_regime"
"Togo",2007-01-01,17,0.38899545225274,0.135708045499115,"instability_within_regime"
"Togo",2007-04-01,17,0.398658803142509,0.153278982034497,"instability_within_regime"
"Togo",2007-07-01,26,0.62777556308846,0.259223767125616,"instability_within_regime"
"Togo",2007-10-01,48,1.19226704277842,0.525047518326939,"instability_within_regime"
"Togo",2008-01-01,1,0.0256502783215701,0.0123272385763655,"instability_within_regime"
"Togo",2008-04-01,0,0,0,"instability_within_regime"
"Togo",2008-07-01,2,0.0558703213768338,0.0287845675553179,"instability_within_regime"
"Togo",2008-10-01,4,0.115894422049263,0.0546138372405165,"instability_within_regime"
"Togo",2009-01-01,1,0.0297537206315477,0.0114750333051722,"instability_within_regime"
"Togo",2009-04-01,19,0.568206269694322,0.171130186886117,"instability_within_regime"
"Togo",2009-07-01,3,0.0877087715893853,0.0214282907074781,"instability_within_regime"
"Togo",2009-10-01,14,0.391812581924373,0.0831420418589998,"instability_within_regime"
"Togo",2010-01-01,166,4.427538897569,0.906630427466959,"instability_within_regime"
"Togo",2010-04-01,17,0.438731657645411,0.102902374480839,"instability_within_regime"
"Togo",2010-07-01,6,0.151249843314518,0.0442210701380882,"instability_within_regime"
"Togo",2010-10-01,4,0.0988177233542016,0.0374629678992458,"instability_within_regime"
"Togo",2011-01-01,10,0.244524173201579,0.11812842050519,"instability_within_regime"
"Togo",2011-04-01,6,0.14687156044918,0.0849530311708462,"instability_within_regime"
"Togo",2011-07-01,5,0.122269542684847,0.0761865472095208,"instability_within_regime"
"Togo",2011-10-01,9,0.216002786055135,0.131329986233984,"instability_within_regime"
"Togo",2012-01-01,5,0.116763362588926,0.0645653386940483,"instability_within_regime"
"Togo",2012-04-01,20,0.4611665335832,0.219252460715783,"instability_within_regime"
"Togo",2012-07-01,52,1.19351850428681,0.49206651323574,"instability_within_regime"
"Togo",2012-10-01,6,0.137732694965427,0.0518112467895571,"instability_within_regime"
"Togo",2013-01-01,16,0.37405023290691,0.134085513210708,"instability_within_regime"
"Togo",2013-04-01,19,0.468738803946827,0.176276767296343,"instability_within_regime"
"Togo",2013-07-01,42,1.09248076712052,0.471435407828634,"instability_within_regime"
"Togo",2013-10-01,2,0.0534963598412405,0.0288300588631533,"instability_within_regime"
"Togo",2014-01-01,1,0.0267156274549182,0.0183976202274525,"instability_within_regime"
"Togo",2014-04-01,1,0.0260512831205216,0.0217753915108873,"instability_within_regime"
"Togo",2014-07-01,0,0,0,"instability_within_regime"
"Togo",2014-10-01,18,0.442150358742659,0.394522950924012,"instability_within_regime"
"Togo",2015-01-01,24,0.579327560002595,0.503358162746765,"instability_within_regime"
"Togo",2015-04-01,81,1.99194144017695,1.67719440045056,"instability_within_regime"
"Togo",2015-07-01,3,0.0763284511221652,0.0665121467266918,"instability_within_regime"
"Togo",2015-10-01,1,0.0263833164442204,0.0235219974556582,"instability_within_regime"
"Togo",2016-01-01,1,0.0271182063327221,0.0235206359935309,"instability_within_regime"
"Togo",2016-04-01,3,0.0831513414427015,0.0662910968133649,"instability_within_regime"
"Togo",2016-07-01,1,0.0282584306401972,0.0203160787802848,"instability_within_regime"
"Togo",2016-10-01,1,0.0287578983024126,0.0185242643968488,"instability_within_regime"
"Togo",2017-01-01,1,0.0292901517467351,0.0170700502383611,"instability_within_regime"
"Togo",2017-04-01,1,0.030214709262454,0.0162696443304387,"instability_within_regime"
"Togo",2017-07-01,39,1.21497364755061,0.621845822122284,"instability_within_regime"
"Togo",2017-10-01,31,0.986789974170629,0.523825910197717,"instability_within_regime"
"Togo",2018-01-01,0,0,0,"instability_within_regime"
"Togo",2018-04-01,8,0.26030419638138,0.179780552253491,"instability_within_regime"
"Togo",2018-07-01,5,0.163734888273032,0.13173891374278,"instability_within_regime"
"Togo",2018-10-01,22,0.724509171528215,0.654995180242647,"instability_within_regime"
"Togo",2019-01-01,1,0.0333440749224899,0.0318423377123764,"instability_within_regime"
"Togo",2019-04-01,10,0.340779445138852,0.311055053244589,"instability_within_regime"
"Togo",2019-07-01,1,0.0347434161156946,0.0284705404492711,"instability_within_regime"
"Togo",2019-10-01,1,0.0351831804759817,0.0254322053317905,"instability_within_regime"
"Togo",2020-01-01,60,2.11027415033629,1.43835889617954,"instability_within_regime"
"Togo",2020-04-01,4,0.13838906785186,0.102168746802766,"instability_within_regime"
"Togo",2020-07-01,13,0.435268494463917,0.371387485967351,"instability_within_regime"
"Togo",2020-10-01,5,0.160049006223475,0.161126576582593,"instability_within_regime"
"Togo",2021-01-01,0,0,0,"instability_within_regime"
"Togo",2021-04-01,2,0.0574777275152662,0.0739650108871966,"instability_within_regime"
"Togo",2021-07-01,1,0.0273030870689461,0.0362304589101944,"instability_within_regime"
"Togo",2021-10-01,1,0.02600431400838,0.0334477257757676,"instability_within_regime"
"Togo",2022-01-01,4,0.100588571395291,0.120881097151937,"instability_within_regime"
"Togo",2022-04-01,11,0.276236067829487,0.308539219418078,"instability_within_regime"
"Togo",2022-07-01,1,0.0254088899422539,0.0282129286754492,"instability_within_regime"
"Togo",2022-10-01,4,0.102693982382248,0.122825073619093,"instability_within_regime"
"Togo",2023-01-01,2,0.0519258609689737,0.0683276186736573,"instability_within_regime"
"Togo",2023-04-01,2,0.0523870815483447,0.0728503032382583,"instability_within_regime"
"Togo",2023-07-01,4,0.10593468413641,0.140921824190991,"instability_within_regime"
"Togo",2023-10-01,6,0.165665109761289,0.190550308895293,"instability_within_regime"
"Togo",2024-01-01,21,0.616962767344479,0.600878384599199,"instability_within_regime"
"Togo",2024-04-01,65,2.0949434790928,1.78059490891521,"instability_within_regime"
"Togo",2024-07-01,3,0.108068481692672,0.0877265493891312,"instability_within_regime"
"Togo",2024-10-01,4,0.164459747050745,0.130217223674988,"instability_within_regime"
"Togo",1991-01-01,8,0.403857408347217,0.209146145095695,"mass_civil_protest"
"Togo",1991-04-01,23,1.07578660698437,0.480525372380794,"mass_civil_protest"
"Togo",1991-07-01,1,0.0442024308252035,0.0179827766920145,"mass_civil_protest"
"Togo",1991-10-01,27,1.1611342416676,0.442260241797588,"mass_civil_protest"
"Togo",1992-01-01,10,0.431056090963082,0.1600179415004,"mass_civil_protest"
"Togo",1992-04-01,11,0.482496528059605,0.172312290693895,"mass_civil_protest"
"Togo",1992-07-01,11,0.486388298353742,0.168622636604186,"mass_civil_protest"
"Togo",1992-10-01,16,0.694620849290689,0.244460025383248,"mass_civil_protest"
"Togo",1993-01-01,45,1.87685785692006,0.694135246204882,"mass_civil_protest"
"Togo",1993-04-01,3,0.118311337859664,0.0483338669893948,"mass_civil_protest"
"Togo",1993-07-01,15,0.551245048148762,0.254305736236589,"mass_civil_protest"
"Togo",1993-10-01,2,0.0684131308517193,0.0365063062481139,"mass_civil_protest"
"Togo",1994-01-01,4,0.127630752752331,0.0797108948459161,"mass_civil_protest"
"Togo",1994-04-01,4,0.120179109780115,0.0921558191018974,"mass_civil_protest"
"Togo",1994-07-01,0,0,0,"mass_civil_protest"
"Togo",1994-10-01,1,0.0284487958253168,0.0310107502819276,"mass_civil_protest"
"Togo",1995-01-01,0,0,0,"mass_civil_protest"
"Togo",1995-04-01,0,0,0,"mass_civil_protest"
"Togo",1995-07-01,0,0,0,"mass_civil_protest"
"Togo",1995-10-01,0,0,0,"mass_civil_protest"
"Togo",1996-01-01,0,0,0,"mass_civil_protest"
"Togo",1996-04-01,0,0,0,"mass_civil_protest"
"Togo",1996-07-01,0,0,0,"mass_civil_protest"
"Togo",1996-10-01,0,0,0,"mass_civil_protest"
"Togo",1997-01-01,1,0.0181028083554644,0.0268549042465467,"mass_civil_protest"
"Togo",1997-04-01,0,0,0,"mass_civil_protest"
"Togo",1997-07-01,1,0.0169991309874358,0.0203186090945556,"mass_civil_protest"
"Togo",1997-10-01,0,0,0,"mass_civil_protest"
"Togo",1998-01-01,4,0.0590952866016663,0.0582519706152268,"mass_civil_protest"
"Togo",1998-04-01,6,0.0801043165271982,0.0761110263432425,"mass_civil_protest"
"Togo",1998-07-01,2,0.0244357663484708,0.0225684197481435,"mass_civil_protest"
"Togo",1998-10-01,0,0,0,"mass_civil_protest"
"Togo",1999-01-01,3,0.0321840758793891,0.0265283108046784,"mass_civil_protest"
"Togo",1999-04-01,2,0.0202548610837839,0.0161636395783025,"mass_civil_protest"
"Togo",1999-07-01,0,0,0,"mass_civil_protest"
"Togo",1999-10-01,4,0.0357473113753236,0.0320479929004577,"mass_civil_protest"
"Togo",2000-01-01,2,0.0168336809603983,0.016524167122809,"mass_civil_protest"
"Togo",2000-04-01,0,0,0,"mass_civil_protest"
"Togo",2000-07-01,1,0.00811439635850932,0.00924029996430094,"mass_civil_protest"
"Togo",2000-10-01,2,0.0164140450990713,0.0205008176403926,"mass_civil_protest"
"Togo",2001-01-01,4,0.0332670150199122,0.045188681144851,"mass_civil_protest"
"Togo",2001-04-01,2,0.016782555012116,0.0245881073830245,"mass_civil_protest"
"Togo",2001-07-01,10,0.0835444796685662,0.12753627588198,"mass_civil_protest"
"Togo",2001-10-01,0,0,0,"mass_civil_protest"
"Togo",2002-01-01,4,0.0310405490132262,0.0402622108363795,"mass_civil_protest"
"Togo",2002-04-01,0,0,0,"mass_civil_protest"
"Togo",2002-07-01,5,0.0357197368245396,0.0327585963100665,"mass_civil_protest"
"Togo",2002-10-01,146,1.02152168095262,0.827303374542312,"mass_civil_protest"
"Togo",2003-01-01,12,0.0847926821093988,0.068818111091646,"mass_civil_protest"
"Togo",2003-04-01,17,0.124122304913607,0.108338014871567,"mass_civil_protest"
"Togo",2003-07-01,0,0,0,"mass_civil_protest"
"Togo",2003-10-01,8,0.0639469152791242,0.0692664007632096,"mass_civil_protest"
"Togo",2004-01-01,0,0,0,"mass_civil_protest"
"Togo",2004-04-01,2,0.016711800666918,0.0146843375522139,"mass_civil_protest"
"Togo",2004-07-01,0,0,0,"mass_civil_protest"
"Togo",2004-10-01,0,0,0,"mass_civil_protest"
"Togo",2005-01-01,29,0.250672287310555,0.101300372280312,"mass_civil_protest"
"Togo",2005-04-01,61,0.535299396975377,0.202760261999715,"mass_civil_protest"
"Togo",2005-07-01,0,0,0,"mass_civil_protest"
"Togo",2005-10-01,1,0.00859364933831308,0.00395568048580163,"mass_civil_protest"
"Togo",2006-01-01,0,0,0,"mass_civil_protest"
"Togo",2006-04-01,0,0,0,"mass_civil_protest"
"Togo",2006-07-01,0,0,0,"mass_civil_protest"
"Togo",2006-10-01,0,0,0,"mass_civil_protest"
"Togo",2007-01-01,0,0,0,"mass_civil_protest"
"Togo",2007-04-01,0,0,0,"mass_civil_protest"
"Togo",2007-07-01,3,0.0253891963902144,0.0299104346683403,"mass_civil_protest"
"Togo",2007-10-01,5,0.0435310304816214,0.0546924498257229,"mass_civil_protest"
"Togo",2008-01-01,0,0,0,"mass_civil_protest"
"Togo",2008-04-01,0,0,0,"mass_civil_protest"
"Togo",2008-07-01,0,0,0,"mass_civil_protest"
"Togo",2008-10-01,0,0,0,"mass_civil_protest"
"Togo",2009-01-01,0,0,0,"mass_civil_protest"
"Togo",2009-04-01,0,0,0,"mass_civil_protest"
"Togo",2009-07-01,0,0,0,"mass_civil_protest"
"Togo",2009-10-01,3,0.0294285076391751,0.0178161518269285,"mass_civil_protest"
"Togo",2010-01-01,87,0.813336367640147,0.475161730057985,"mass_civil_protest"
"Togo",2010-04-01,12,0.10854952806151,0.072636970221769,"mass_civil_protest"
"Togo",2010-07-01,12,0.106028244534019,0.0884421402761764,"mass_civil_protest"
"Togo",2010-10-01,2,0.0173181497357107,0.0187314839496229,"mass_civil_protest"
"Togo",2011-01-01,3,0.0257122271295015,0.0354385261515571,"mass_civil_protest"
"Togo",2011-04-01,3,0.0257397518323643,0.0424765155854231,"mass_civil_protest"
"Togo",2011-07-01,0,0,0,"mass_civil_protest"
"Togo",2011-10-01,2,0.0168245509240399,0.0291844413853297,"mass_civil_protest"
"Togo",2012-01-01,1,0.00818527417277974,0.0129130677388097,"mass_civil_protest"
"Togo",2012-04-01,15,0.121231558630412,0.164439345536838,"mass_civil_protest"
"Togo",2012-07-01,33,0.265482803334804,0.312272979553451,"mass_civil_protest"
"Togo",2012-10-01,0,0,0,"mass_civil_protest"
"Togo",2013-01-01,8,0.0655536043766169,0.0670427566053539,"mass_civil_protest"
"Togo",2013-04-01,16,0.138354704516733,0.14844359351271,"mass_civil_protest"
"Togo",2013-07-01,9,0.0820547376068276,0.101021873106136,"mass_civil_protest"
"Togo",2013-10-01,1,0.00937542313867394,0.0144150294315766,"mass_civil_protest"
"Togo",2014-01-01,0,0,0,"mass_civil_protest"
"Togo",2014-04-01,0,0,0,"mass_civil_protest"
"Togo",2014-07-01,0,0,0,"mass_civil_protest"
"Togo",2014-10-01,14,0.120537492914436,0.306851184052009,"mass_civil_protest"
"Togo",2015-01-01,2,0.0169215283277796,0.0419465135622304,"mass_civil_protest"
"Togo",2015-04-01,16,0.137913942109609,0.331297659348259,"mass_civil_protest"
"Togo",2015-07-01,0,0,0,"mass_civil_protest"
"Togo",2015-10-01,2,0.0184950719039701,0.0470439949113163,"mass_civil_protest"
"Togo",2016-01-01,0,0,0,"mass_civil_protest"
"Togo",2016-04-01,0,0,0,"mass_civil_protest"
"Togo",2016-07-01,0,0,0,"mass_civil_protest"
"Togo",2016-10-01,0,0,0,"mass_civil_protest"
"Togo",2017-01-01,1,0.0102664019472187,0.0170700502383611,"mass_civil_protest"
"Togo",2017-04-01,4,0.0423618631530347,0.0650785773217548,"mass_civil_protest"
"Togo",2017-07-01,29,0.316662685927056,0.462398175424263,"mass_civil_protest"
"Togo",2017-10-01,18,0.200831661670023,0.304156980114804,"mass_civil_protest"
"Togo",2018-01-01,2,0.0226168940390517,0.0384440519939652,"mass_civil_protest"
"Togo",2018-04-01,4,0.0456192158324492,0.0898902761267456,"mass_civil_protest"
"Togo",2018-07-01,0,0,0,"mass_civil_protest"
"Togo",2018-10-01,11,0.126972752372035,0.327497590121324,"mass_civil_protest"
"Togo",2019-01-01,2,0.0233746604437182,0.0636846754247527,"mass_civil_protest"
"Togo",2019-04-01,4,0.0477782264755331,0.124422021297835,"mass_civil_protest"
"Togo",2019-07-01,2,0.0243556180894798,0.0569410808985422,"mass_civil_protest"
"Togo",2019-10-01,0,0,0,"mass_civil_protest"
"Togo",2020-01-01,6,0.0739665770034553,0.143835889617954,"mass_civil_protest"
"Togo",2020-04-01,0,0,0,"mass_civil_protest"
"Togo",2020-07-01,1,0.0117357411769362,0.0285682681513347,"mass_civil_protest"
"Togo",2020-10-01,3,0.0336589740473348,0.0966759459495558,"mass_civil_protest"
"Togo",2021-01-01,2,0.021267638447141,0.0706917273633666,"mass_civil_protest"
"Togo",2021-04-01,0,0,0,"mass_civil_protest"
"Togo",2021-07-01,0,0,0,"mass_civil_protest"
"Togo",2021-10-01,1,0.00911469296165311,0.0334477257757676,"mass_civil_protest"
"Togo",2022-01-01,0,0,0,"mass_civil_protest"
"Togo",2022-04-01,2,0.0176041206253056,0.0560980398941961,"mass_civil_protest"
"Togo",2022-07-01,1,0.00890599268434646,0.0282129286754492,"mass_civil_protest"
"Togo",2022-10-01,1,0.00899873880658772,0.0307062684047732,"mass_civil_protest"
"Togo",2023-01-01,0,0,0,"mass_civil_protest"
"Togo",2023-04-01,0,0,0,"mass_civil_protest"
"Togo",2023-07-01,1,0.00928271093386587,0.0352304560477477,"mass_civil_protest"
"Togo",2023-10-01,0,0,0,"mass_civil_protest"
"Togo",2024-01-01,1,0.0102976067580915,0.0286132564094856,"mass_civil_protest"
"Togo",2024-04-01,8,0.0903744323832984,0.219150142635718,"mass_civil_protest"
"Togo",2024-07-01,0,0,0,"mass_civil_protest"
"Togo",2024-10-01,2,0.0288221427113135,0.065108611837494,"mass_civil_protest"
"Togo",1990-10-01,5,1.32599740362243,0.179108786499239,"political_violence"
"Togo",1991-01-01,57,13.882825465645,1.49016628380682,"political_violence"
"Togo",1991-04-01,52,11.7345538408142,1.08640518973049,"political_violence"
"Togo",1991-07-01,34,7.25086820581963,0.611414407528495,"political_violence"
"Togo",1991-10-01,150,31.1225281571804,2.45700134331994,"political_violence"
"Togo",1992-01-01,17,3.53547400735592,0.27203050055068,"political_violence"
"Togo",1992-04-01,50,10.5812372680443,0.78323768497225,"political_violence"
"Togo",1992-07-01,104,22.18649576766,1.59425038243957,"political_violence"
"Togo",1992-10-01,40,8.37823937506551,0.611150063458121,"political_violence"
"Togo",1993-01-01,136,27.3667180892281,2.09783096630809,"political_violence"
"Togo",1993-04-01,30,5.70809649831108,0.483338669893948,"political_violence"
"Togo",1993-07-01,90,15.9573544816893,1.52583441741953,"political_violence"
"Togo",1993-10-01,20,3.30068748877139,0.365063062481139,"political_violence"
"Togo",1994-01-01,114,17.549515525897,2.27176050310861,"political_violence"
"Togo",1994-04-01,10,1.44955244382351,0.230389547754744,"political_violence"
"Togo",1994-07-01,5,0.694973232782703,0.135248900912547,"political_violence"
"Togo",1994-10-01,15,2.05882810687523,0.465161254228914,"political_violence"
"Togo",1995-01-01,2,0.271701249675793,0.0701384787672601,"political_violence"
"Togo",1995-04-01,2,0.267178172322287,0.0780492210873188,"political_violence"
"Togo",1995-07-01,1,0.130003004515884,0.0429618585048552,"political_violence"
"Togo",1995-10-01,5,0.622141126351615,0.228233223760613,"political_violence"
"Togo",1996-01-01,3,0.352329471750815,0.134362518350929,"political_violence"
"Togo",1996-04-01,1,0.109071624831137,0.0410570129122699,"political_violence"
"Togo",1996-07-01,1,0.100199203136481,0.0359971168590213,"political_violence"
"Togo",1996-10-01,2,0.184343714613176,0.0624038016870809,"political_violence"
"Togo",1997-01-01,6,0.524037233554025,0.16112942547928,"political_violence"
"Togo",1997-04-01,0,0,0,"political_violence"
"Togo",1997-07-01,0,0,0,"political_violence"
"Togo",1997-10-01,2,0.155416051613766,0.0343382262592124,"political_violence"
"Togo",1998-01-01,2,0.142556750950521,0.0291259853076134,"political_violence"
"Togo",1998-04-01,17,1.09501112460086,0.215647907972521,"political_violence"
"Togo",1998-07-01,11,0.648415808390114,0.12412630861479,"political_violence"
"Togo",1998-10-01,1,0.0549768439755458,0.00999741294599937,"political_violence"
"Togo",1999-01-01,36,1.86331907814037,0.318339729656141,"political_violence"
"Togo",1999-04-01,62,3.02939499734269,0.501072826927377,"political_violence"
"Togo",1999-07-01,13,0.597932922190125,0.102287249884976,"political_violence"
"Togo",1999-10-01,19,0.819222617409577,0.152227966277174,"political_violence"
"Togo",2000-01-01,26,1.05581392457099,0.214814172596517,"political_violence"
"Togo",2000-04-01,13,0.51163488783475,0.112633107565977,"political_violence"
"Togo",2000-07-01,28,1.09617322547392,0.258728399000426,"political_violence"
"Togo",2000-10-01,5,0.197979659109814,0.0512520441009815,"political_violence"
"Togo",2001-01-01,46,1.84576588927694,0.519669833165787,"political_violence"
"Togo",2001-04-01,8,0.323879165700933,0.0983524295320981,"political_violence"
"Togo",2001-07-01,27,1.08829457369551,0.344347944881347,"political_violence"
"Togo",2001-10-01,1,0.0392215698143199,0.0119795905286756,"political_violence"
"Togo",2002-01-01,27,1.01087651720494,0.271769923145561,"political_violence"
"Togo",2002-04-01,11,0.393637650204696,0.0892917200725647,"political_violence"
"Togo",2002-07-01,20,0.689339528661561,0.131034385240266,"political_violence"
"Togo",2002-10-01,682,23.0220529573066,3.8645267221771,"political_violence"
"Togo",2003-01-01,125,4.2613978348273,0.716855323871312,"political_violence"
"Togo",2003-04-01,105,3.69875146769937,0.669146562442033,"political_violence"
"Togo",2003-07-01,8,0.294782752581352,0.0604832970705109,"political_violence"
"Togo",2003-10-01,19,0.732737054826384,0.164507701812623,"political_violence"
"Togo",2004-01-01,15,0.595921074507506,0.130273234520049,"political_violence"
"Togo",2004-04-01,12,0.483770562955471,0.0881060253132831,"political_violence"
"Togo",2004-07-01,3,0.121707074364839,0.0168971463627671,"political_violence"
"Togo",2004-10-01,4,0.163938094953001,0.0171499947442022,"political_violence"
"Togo",2005-01-01,113,4.71250376884366,0.394722140264663,"political_violence"
"Togo",2005-04-01,349,14.7760137713048,1.16005461373607,"political_violence"
"Togo",2005-07-01,27,1.14393731779421,0.0966356364955219,"political_violence"
"Togo",2005-10-01,5,0.207306335061157,0.0197784024290082,"political_violence"
"Togo",2006-01-01,21,0.836892429390822,0.0904478038675484,"political_violence"
"Togo",2006-04-01,3,0.115722645215638,0.0141124316190934,"political_violence"
"Togo",2006-07-01,12,0.457027011441975,0.066989835514573,"political_violence"
"Togo",2006-10-01,1,0.0381310920994065,0.00677465485516564,"political_violence"
"Togo",2007-01-01,5,0.193476040091633,0.0399141310291514,"political_violence"
"Togo",2007-04-01,29,1.15003754303919,0.261475910529435,"political_violence"
"Togo",2007-07-01,17,0.694131195352529,0.169492463120595,"political_violence"
"Togo",2007-10-01,18,0.756077631914796,0.196892819372602,"political_violence"
"Togo",2008-01-01,5,0.216882079774499,0.0616361928818277,"political_violence"
"Togo",2008-04-01,0,0,0,"political_violence"
"Togo",2008-07-01,0,0,0,"political_violence"
"Togo",2008-10-01,6,0.293978369043706,0.0819207558607748,"political_violence"
"Togo",2009-01-01,1,0.0503156241090212,0.0114750333051722,"political_violence"
"Togo",2009-04-01,44,2.22518785076379,0.396301485420482,"political_violence"
"Togo",2009-07-01,2,0.0988811144440267,0.0142855271383187,"political_violence"
"Togo",2009-10-01,12,0.567927856939455,0.0712646073077141,"political_violence"
"Togo",2010-01-01,273,12.3134153002083,1.49102473914747,"political_violence"
"Togo",2010-04-01,13,0.567355131173087,0.0786900510735831,"political_violence"
"Togo",2010-07-01,16,0.682064190178849,0.117922853701569,"political_violence"
"Togo",2010-10-01,10,0.41776921659399,0.0936574197481145,"political_violence"
"Togo",2011-01-01,13,0.537559739091419,0.153566946656747,"political_violence"
"Togo",2011-04-01,18,0.745110265641618,0.254859093512539,"political_violence"
"Togo",2011-07-01,8,0.33082616730304,0.121898475535233,"political_violence"
"Togo",2011-10-01,2,0.0811724065947787,0.0291844413853297,"political_violence"
"Togo",2012-01-01,6,0.236946022360666,0.077478406432858,"political_violence"
"Togo",2012-04-01,26,1.01382435210736,0.285028198930518,"political_violence"
"Togo",2012-07-01,36,1.39730076515241,0.340661432240128,"political_violence"
"Togo",2012-10-01,6,0.232915627367118,0.0518112467895571,"political_violence"
"Togo",2013-01-01,22,0.869749545984872,0.184367580664723,"political_violence"
"Togo",2013-04-01,24,1.00126752684547,0.222665390269065,"political_violence"
"Togo",2013-07-01,39,1.71549991048933,0.437761450126589,"political_violence"
"Togo",2013-10-01,6,0.271398266419037,0.0864901765894598,"political_violence"
"Togo",2014-01-01,3,0.13553398771578,0.0551928606823576,"political_violence"
"Togo",2014-04-01,3,0.13216362941111,0.065326174532662,"political_violence"
"Togo",2014-07-01,5,0.214294332095313,0.113823866619273,"political_violence"
"Togo",2014-10-01,22,0.913864359957786,0.482194717796014,"political_violence"
"Togo",2015-01-01,12,0.489841726116434,0.251679081373382,"political_violence"
"Togo",2015-04-01,47,1.95456892068017,0.97318687433551,"political_violence"
"Togo",2015-07-01,5,0.215127922041823,0.11085357787782,"political_violence"
"Togo",2015-10-01,10,0.446160347270726,0.235219974556582,"political_violence"
"Togo",2016-01-01,6,0.275152709789454,0.141123815961185,"political_violence"
"Togo",2016-04-01,11,0.515587373783359,0.243067354982338,"political_violence"
"Togo",2016-07-01,0,0,0,"political_violence"
"Togo",2016-10-01,11,0.534947807359922,0.203766908365337,"political_violence"
"Togo",2017-01-01,2,0.099063393357421,0.0341401004767223,"political_violence"
"Togo",2017-04-01,2,0.102190376298758,0.0325392886608774,"political_violence"
"Togo",2017-07-01,58,3.05556711873218,0.924796350848526,"political_violence"
"Togo",2017-10-01,75,4.03725221052084,1.26732075047835,"political_violence"
"Togo",2018-01-01,5,0.272795946699793,0.096110129984913,"political_violence"
"Togo",2018-04-01,8,0.4401926152805,0.179780552253491,"political_violence"
"Togo",2018-07-01,5,0.276887156194621,0.13173891374278,"political_violence"
"Togo",2018-10-01,34,1.89348429279524,1.01226527855682,"political_violence"
"Togo",2019-01-01,10,0.563871645109202,0.318423377123764,"political_violence"
"Togo",2019-04-01,15,0.864422840324054,0.466582579866883,"political_violence"
"Togo",2019-07-01,4,0.23501419364502,0.113882161797084,"political_violence"
"Togo",2019-10-01,3,0.178491662173403,0.0762966159953715,"political_violence"
"Togo",2020-01-01,53,3.15228213988154,1.27055035829193,"political_violence"
"Togo",2020-04-01,8,0.468051199717796,0.204337493605532,"political_violence"
"Togo",2020-07-01,12,0.679448759475081,0.342819217816016,"political_violence"
"Togo",2020-10-01,5,0.270654071666729,0.161126576582593,"political_violence"
"Togo",2021-01-01,9,0.461739175928863,0.31811277313515,"political_violence"
"Togo",2021-04-01,5,0.242997150517075,0.184912527217992,"political_violence"
"Togo",2021-07-01,3,0.138514293690084,0.108691376730583,"political_violence"
"Togo",2021-10-01,15,0.659626726214176,0.501715886636513,"political_violence"
"Togo",2022-01-01,17,0.722934837135827,0.513744662895733,"political_violence"
"Togo",2022-04-01,62,2.63294005001171,1.73903923672008,"political_violence"
"Togo",2022-07-01,45,1.93356950896042,1.26958179039521,"political_violence"
"Togo",2022-10-01,28,1.21563898372679,0.85977551533365,"political_violence"
"Togo",2023-01-01,9,0.395146193809752,0.307474284031458,"political_violence"
"Togo",2023-04-01,3,0.132885332358754,0.109275454857387,"political_violence"
"Togo",2023-07-01,9,0.403071672263195,0.31707410442973,"political_violence"
"Togo",2023-10-01,13,0.606994474301017,0.412859002606468,"political_violence"
"Togo",2024-01-01,11,0.54650473533843,0.314745820504342,"political_violence"
"Togo",2024-04-01,36,1.96210858283199,0.986175641860731,"political_violence"
"Togo",2024-07-01,9,0.548254099399829,0.263179648167393,"political_violence"
"Togo",2024-10-01,8,0.556225886244032,0.260434447349976,"political_violence"
